aaron,0
abbreviated,1
abbreviation,2
ability,3
abner,4
abraham,5
abstract,6
abuse,7
academy,8
access,9
account,10
acid,11
acne,12
acronym,13
act,14
acted,15
action,16
active,17
actor,18
actors,19
actress,20
actually,21
ad,22
add,23
address,24
addresses,25
administration,26
admit,27
adopted,28
ads,29
adult,30
adventures,31
advertise,32
advertises,33
advertising,34
affect,35
affected,36
afghanistan,37
africa,38
african,39
afternoon,40
age,41
aged,42
agency,43
agent,44
ages,45
ago,46
agree,47
aid,48
aids,49
air,50
airline,51
airplane,52
airport,53
airports,54
al,55
alaska,56
albert,57
album,58
alcohol,59
alcoholic,60
aldrin,61
alexander,62
algeria,63
ali,64
alice,65
allen,66
alley,67
allowed,68
alphabet,69
alphabetically,70
alternative,71
amateur,72
amazing,73
amazon,74
ambassador,75
amendment,76
america,77
american,78
americans,79
americas,80
amherst,81
amphibians,82
amtrak,83
analysis,84
ancient,85
andrew,86
andrews,87
andy,88
angel,89
angeles,90
angels,91
animal,92
animals,93
animated,94
anniversary,95
announced,96
annual,97
answers,98
anthony,99
anti,100
aol,101
apart,102
apartment,103
apollo,104
appear,105
appearance,106
appearances,107
appeared,108
appears,109
apple,110
apples,111
appointed,112
approximate,113
approximately,114
april,115
arcadia,116
arch,117
archie,118
architect,119
area,120
argentina,121
argentine,122
aristotle,123
arkansas,124
armed,125
armor,126
armstrong,127
army,128
arnold,129
arrow,130
art,131
arthur,132
articles,133
artificial,134
artist,135
artists,136
ash,137
asia,138
asian,139
ask,140
asked,141
aspartame,142
assassinate,143
assassinated,144
assassination,145
associated,146
associates,147
association,148
astaire,149
astronaut,150
astronauts,151
athlete,152
athletes,153
athletic,154
atlantic,155
atm,156
atom,157
attack,158
attacks,159
attempt,160
attempts,161
attend,162
attraction,163
attractions,164
august,165
australia,166
austria,167
author,168
auto,169
autobiography,170
automobile,171
available,172
avenue,173
average,174
avery,175
award,176
awarded,177
awards,178
away,179
babe,180
baby,181
bacall,182
background,183
bad,184
bakery,185
baking,186
balance,187
bald,188
ball,189
balls,190
baltic,191
band,192
bank,193
banned,194
bar,195
barbados,196
barbeque,197
barbie,198
barrymore,199
bars,200
baseball,201
based,202
basketball,203
bastille,204
bat,205
battery,206
battle,207
battles,208
bay,209
beach,210
beak,211
beanie,212
beans,213
bear,214
bears,215
beat,216
beatles,217
beauty,218
beaver,219
bee,220
beer,221
beers,222
bees,223
beethoven,224
beetle,225
began,226
begin,227
beginning,228
begins,229
belgium,230
believe,231
bell,232
belushi,233
ben,234
benefits,235
benny,236
berlin,237
bert,238
best,239
bestselling,240
bet,241
better,242
betting,243
beverly,244
bible,245
biblical,246
bibliography,247
big,248
biggest,249
billy,250
biography,251
bird,252
birds,253
birth,254
birthday,255
birthplace,256
birthstone,257
black,258
blacks,259
blanc,260
bligh,261
blind,262
blood,263
bloom,264
blow,265
blue,266
blues,267
board,268
boasts,269
boat,270
bob,271
bobby,272
body,273
bog,274
bogart,275
bolivia,276
bomb,277
bombay,278
bombing,279
bond,280
bone,281
bones,282
bonnie,283
book,284
books,285
border,286
borders,287
born,288
borrow,289
boston,290
bottle,291
bottled,292
bottles,293
bought,294
bounty,295
bowl,296
bowling,297
box,298
boxer,299
boxes,300
boxing,301
boy,302
boys,303
bra,304
bradbury,305
brain,306
brand,307
brandenburg,308
brave,309
brazil,310
brazilian,311
bread,312
breakfast,313
breed,314
breeds,315
bridge,316
brightest,317
britain,318
british,319
broadcast,320
broadway,321
broke,322
broken,323
bronze,324
brooklyn,325
brooks,326
brother,327
brothers,328
brought,329
brown,330
brush,331
bud,332
buffalo,333
bug,334
bugs,335
build,336
building,337
buildings,338
built,339
bull,340
bulls,341
bunker,342
bureau,343
buried,344
burned,345
bush,346
busiest,347
business,348
businesses,349
bust,350
butler,351
butter,352
buy,353
buys,354
cabinet,355
cable,356
caesar,357
caffeinated,358
caffeine,359
cage,360
cairo,361
calcium,362
calculate,363
calculator,364
calendar,365
caliente,366
california,367
called,368
callosum,369
calls,370
calories,371
came,372
camera,373
camp,374
canada,375
canadian,376
canal,377
canary,378
cancer,379
candle,380
candy,381
cane,382
canine,383
cans,384
canyon,385
cap,386
capita,387
capital,388
capone,389
capp,390
captain,391
car,392
carbon,393
card,394
cards,395
care,396
career,397
caribbean,398
carl,399
carol,400
carolina,401
carries,402
carry,403
cars,404
carta,405
carter,406
cartoon,407
cartoons,408
casablanca,409
case,410
cases,411
casey,412
cash,413
casting,414
castle,415
cat,416
catch,417
category,418
cathedral,419
catholic,420
cats,421
caught,422
cause,423
caused,424
causes,425
cave,426
cc,427
cd,428
ce,429
celebrated,430
celebrities,431
celebrity,432
cells,433
cement,434
cent,435
center,436
centers,437
central,438
century,439
cereal,440
ceremony,441
chain,442
chairman,443
chairs,444
champion,445
champions,446
championship,447
chance,448
chancellor,449
chances,450
change,451
changed,452
channel,453
chappellet,454
chapter,455
character,456
characters,457
charge,458
charles,459
charlie,460
check,461
chefs,462
chemical,463
chemicals,464
chess,465
chicago,466
chicken,467
chief,468
child,469
children,470
chile,471
chilean,472
china,473
chinese,474
chip,475
chocolate,476
chris,477
christ,478
christian,479
christmas,480
christopher,481
chronic,482
chronicles,483
church,484
churchill,485
cigarette,486
circle,487
cities,488
citizen,489
city,490
civil,491
civilization,492
claim,493
claimed,494
claims,495
clara,496
clark,497
class,498
classic,499
classical,500
classification,501
clay,502
clean,503
clear,504
cleveland,505
climate,506
clinton,507
clip,508
clock,509
close,510
closed,511
closest,512
closing,513
clothes,514
clothing,515
clouds,516
clown,517
club,518
cnn,519
coach,520
coal,521
coast,522
coastal,523
coastline,524
coca,525
cocaine,526
cocktail,527
coconut,528
code,529
coffee,530
coin,531
cola,532
cold,533
colin,534
collect,535
college,536
colleges,537
cologne,538
colombia,539
colonial,540
colonies,541
colonists,542
colony,543
color,544
colorado,545
colored,546
colorful,547
colors,548
colt,549
columbia,550
columbus,551
com,552
comaneci,553
combat,554
come,555
comedian,556
comedienne,557
comedy,558
comes,559
comic,560
comics,561
coming,562
command,563
commandments,564
commerce,565
commercial,566
commit,567
committee,568
commodity,569
common,570
commonly,571
commune,572
communist,573
community,574
companies,575
companion,576
company,577
compared,578
compatible,579
competition,580
complete,581
composer,582
computer,583
concentration,584
concorde,585
condiment,586
condoms,587
coney,588
confederate,589
conference,590
congress,591
congressman,592
connected,593
connecticut,594
conrad,595
consciousness,596
consecutive,597
considered,598
consist,599
constellation,600
constitution,601
contact,602
contain,603
contains,604
contemptible,605
contest,606
continent,607
continental,608
contract,609
control,610
controls,611
conversion,612
convicted,613
cooking,614
cool,615
cooper,616
cop,617
copper,618
cork,619
corner,620
corporate,621
corporation,622
corpus,623
correct,624
correctly,625
cosmology,626
cost,627
costa,628
costner,629
costs,630
cotrubas,631
cotton,632
council,633
count,634
counterpart,635
countries,636
country,637
county,638
coup,639
couple,640
course,641
court,642
cousins,643
cover,644
covers,645
cow,646
cowboy,647
cowboys,648
cpr,649
crabs,650
craft,651
cranberry,652
crash,653
cream,654
create,655
created,656
creator,657
creature,658
credit,659
creeps,660
criminal,661
crop,662
cross,663
crown,664
crust,665
crystals,666
cuba,667
cube,668
cubic,669
cup,670
currency,671
current,672
cut,673
da,674
daily,675
dakota,676
dale,677
dam,678
daminozide,679
dana,680
dancing,681
danube,682
darkness,683
darth,684
database,685
date,686
dating,687
daughter,688
daughters,689
david,690
davies,691
davis,692
day,693
daycare,694
days,695
dc,696
dead,697
deadliest,698
deal,699
dealer,700
dealt,701
death,702
debate,703
debut,704
decathlon,705
december,706
declaration,707
declare,708
declared,709
deep,710
deer,711
defeat,712
defects,713
define,714
defined,715
definition,716
degas,717
degrees,718
delaware,719
democratic,720
dentist,721
denver,722
deodorant,723
department,724
depicted,725
depression,726
derby,727
desert,728
design,729
designed,730
designer,731
desire,732
desmond,733
detect,734
detective,735
determine,736
determined,737
develop,738
developed,739
developing,740
development,741
devices,742
dew,743
dextropropoxyphen,744
diabetes,745
dialing,746
diameter,747
diamond,748
diamonds,749
dick,750
dicken,751
dickens,752
dictator,753
did,754
die,755
died,756
diego,757
difference,758
differences,759
different,760
digital,761
digits,762
dikembe,763
dime,764
diminutive,765
dinner,766
direct,767
directed,768
direction,769
directly,770
director,771
disabilities,772
disc,773
discover,774
discovered,775
disease,776
diseases,777
disorder,778
display,779
distance,780
distinction,781
district,782
divided,783
division,784
divorce,785
dna,786
doctor,787
does,788
dog,789
dogs,790
dogtown,791
doing,792
doll,793
dollar,794
dollars,795
domesticated,796
dominoes,797
don,798
donald,799
donated,800
doo,801
doodle,802
doody,803
doonesbury,804
door,805
dot,806
dots,807
double,808
dow,809
dozen,810
dr,811
dracula,812
draft,813
draw,814
dream,815
dreams,816
drew,817
drink,818
drinking,819
drinks,820
drive,821
driven,822
dropped,823
drug,824
drugs,825
dry,826
dt,827
dubbed,828
duck,829
duel,830
duke,831
dumont,832
dumpty,833
dutch,834
dwarfs,835
dwight,836
eagle,837
ear,838
early,839
earn,840
ears,841
earth,842
earthquake,843
earthquakes,844
easiest,845
east,846
easter,847
eastern,848
eat,849
eaten,850
economic,851
economy,852
edgar,853
edinburgh,854
edith,855
edition,856
editor,857
edmund,858
education,859
educational,860
edward,861
effect,862
effects,863
efficient,864
egg,865
eggs,866
eiffel,867
eighth,868
einstein,869
eisenhower,870
el,871
elected,872
election,873
elections,874
electoral,875
electric,876
electricity,877
element,878
elements,879
elephant,880
elevation,881
elvis,882
em,883
email,884
embassy,885
emperor,886
empire,887
employ,888
employee,889
end,890
endangered,891
ended,892
ends,893
energy,894
engine,895
engineering,896
engines,897
england,898
english,899
englishman,900
enter,901
entertainer,902
enzymes,903
epic,904
episode,905
equal,906
equation,907
equipment,908
equity,909
equivalent,910
erected,911
ernest,912
erupt,913
eruption,914
eskimo,915
espionage,916
establish,917
established,918
estate,919
eternity,920
ethel,921
ethnic,922
europe,923
european,924
event,925
events,926
everest,927
evil,928
ewoks,929
exactly,930
example,931
exchange,932
executed,933
exercise,934
exist,935
expectancy,936
expectant,937
expensive,938
experienced,939
experts,940
explorer,941
export,942
expression,943
extensions,944
exxon,945
eye,946
eyes,947
ezra,948
face,949
faced,950
faces,951
facial,952
factor,953
failure,954
fair,955
fairy,956
faith,957
falklands,958
fall,959
falls,960
false,961
fame,962
famed,963
family,964
famous,965
fans,966
fantastic,967
far,968
fare,969
farthest,970
fast,971
fastest,972
fatal,973
fated,974
father,975
fathom,976
favorite,977
fawaz,978
fax,979
fbi,980
fear,981
feature,982
featured,983
features,984
february,985
federal,986
feeling,987
feet,988
fein,989
felt,990
female,991
ferry,992
festival,993
fever,994
fiber,995
fibrosis,996
fiction,997
fictional,998
fidelis,999
field,1000
fields,1001
fifth,1002
fight,1003
figure,1004
figures,1005
file,1006
files,1007
film,1008
films,1009
fine,1010
fined,1011
finger,1012
fingers,1013
fired,1014
firm,1015
fish,1016
fitzgerald,1017
flag,1018
flags,1019
flavor,1020
flavors,1021
flew,1022
flies,1023
flight,1024
flintstones,1025
floor,1026
floors,1027
florence,1028
florida,1029
flow,1030
flower,1031
flowers,1032
flows,1033
fly,1034
flying,1035
folic,1036
follow,1037
followed,1038
following,1039
food,1040
foods,1041
fool,1042
foot,1043
football,1044
force,1045
forced,1046
forces,1047
ford,1048
foreclosure,1049
forest,1050
forests,1051
form,1052
format,1053
formed,1054
formula,1055
fortune,1056
fought,1057
founded,1058
founder,1059
fountain,1060
fourth,1061
fox,1062
fraction,1063
france,1064
francis,1065
francisco,1066
frankenstein,1067
frankfurt,1068
franklin,1069
fraze,1070
fred,1071
frederick,1072
free,1073
french,1074
frequency,1075
fresh,1076
friend,1077
frog,1078
frontier,1079
fruit,1080
fuel,1081
fun,1082
function,1083
fungal,1084
fur,1085
fusion,1086
future,1087
gain,1088
gained,1089
galaxy,1090
gallon,1091
gallons,1092
gamble,1093
game,1094
games,1095
gandhi,1096
gang,1097
garden,1098
garland,1099
garry,1100
gas,1101
gate,1102
gates,1103
gateway,1104
gatsby,1105
gave,1106
gay,1107
geese,1108
gehrig,1109
gender,1110
gene,1111
general,1112
generals,1113
generator,1114
genesis,1115
genetics,1116
geographic,1117
geographical,1118
george,1119
georgia,1120
gerald,1121
german,1122
germany,1123
gestation,1124
getting,1125
gettysburg,1126
ghost,1127
gilbert,1128
gin,1129
giraffe,1130
girl,1131
girls,1132
given,1133
gives,1134
giving,1135
glacier,1136
glass,1137
glitters,1138
global,1139
globe,1140
glory,1141
god,1142
goddess,1143
godfather,1144
gods,1145
goes,1146
gogh,1147
going,1148
gold,1149
golden,1150
golf,1151
golfer,1152
gone,1153
good,1154
goodall,1155
gorbachev,1156
gordon,1157
got,1158
gould,1159
government,1160
governor,1161
gparsedonedigit,1162
grace,1163
graced,1164
graces,1165
graders,1166
graduate,1167
grand,1168
grant,1169
grapes,1170
gravity,1171
gray,1172
great,1173
greatest,1174
greece,1175
greek,1176
green,1177
greeting,1178
grooves,1179
gross,1180
group,1181
groups,1182
grow,1183
growing,1184
growth,1185
guinea,1186
guitar,1187
gulf,1188
gulliver,1189
guy,1190
gymnastics,1191
habeas,1192
habitat,1193
hair,1194
half,1195
hall,1196
ham,1197
hamblen,1198
hamburger,1199
hamlet,1200
hand,1201
handed,1202
handful,1203
handheld,1204
handle,1205
hands,1206
happen,1207
happened,1208
happens,1209
hara,1210
harbor,1211
hard,1212
hardest,1213
harper,1214
harrison,1215
harry,1216
harvey,1217
hass,1218
hastings,1219
hat,1220
hate,1221
having,1222
havoc,1223
hawaii,1224
hawaiian,1225
hawks,1226
hazmat,1227
head,1228
headed,1229
headquartered,1230
headquarters,1231
healthy,1232
hear,1233
hearing,1234
hearst,1235
heart,1236
hearts,1237
heat,1238
heaven,1239
heaviest,1240
heavily,1241
heavyweight,1242
held,1243
helen,1244
helicopter,1245
helium,1246
hell,1247
help,1248
hemingway,1249
hemisphere,1250
henry,1251
hepburn,1252
herb,1253
hermann,1254
hermit,1255
hero,1256
heroine,1257
hibernia,1258
high,1259
highest,1260
highway,1261
hijacked,1262
hike,1263
hillary,1264
hillbillies,1265
hills,1266
historical,1267
history,1268
hit,1269
hitler,1270
hitting,1271
hiv,1272
hockey,1273
hoffman,1274
hold,1275
holds,1276
hole,1277
holes,1278
holiday,1279
holidays,1280
holland,1281
hollywood,1282
holmes,1283
holy,1284
home,1285
homelite,1286
homer,1287
honecker,1288
honey,1289
honor,1290
honorary,1291
hood,1292
hook,1293
hooligans,1294
hope,1295
horoscope,1296
horse,1297
horses,1298
host,1299
hot,1300
hotel,1301
hour,1302
hours,1303
house,1304
household,1305
houses,1306
housewife,1307
howard,1308
howdy,1309
hub,1310
huckleberry,1311
hudson,1312
hughes,1313
hugo,1314
hulk,1315
human,1316
humans,1317
humidity,1318
humphrey,1319
humpty,1320
hungarian,1321
hungary,1322
hunter,1323
hunting,1324
hurricane,1325
husband,1326
hussein,1327
huston,1328
hydrogen,1329
hymn,1330
ibm,1331
ice,1332
iceland,1333
idea,1334
idealab,1335
identity,1336
ii,1337
iii,1338
ileana,1339
ill,1340
illinois,1341
image,1342
imaginary,1343
important,1344
imposed,1345
impress,1346
inaugurated,1347
inauguration,1348
inch,1349
inches,1350
incident,1351
include,1352
included,1353
includes,1354
including,1355
income,1356
increase,1357
incredible,1358
independence,1359
independent,1360
india,1361
indian,1362
indians,1363
indies,1364
individuals,1365
indonesia,1366
industrial,1367
infamous,1368
infection,1369
infectious,1370
info,1371
information,1372
ingredient,1373
injection,1374
innings,1375
inside,1376
inspired,1377
instead,1378
institute,1379
instrument,1380
insurance,1381
intelligence,1382
intercourse,1383
interesting,1384
international,1385
internet,1386
interview,1387
introduced,1388
invade,1389
invasion,1390
invent,1391
invented,1392
inventor,1393
investigation,1394
involved,1395
ioc,1396
ip,1397
iq,1398
iraq,1399
ireland,1400
irish,1401
iron,1402
islamic,1403
island,1404
islands,1405
israel,1406
issue,1407
italian,1408
italians,1409
italy,1410
ivy,1411
jack,1412
jackie,1413
jackson,1414
jail,1415
jake,1416
james,1417
jamiroquai,1418
jane,1419
january,1420
japan,1421
japanese,1422
jaws,1423
jazz,1424
jean,1425
jeep,1426
jefferson,1427
jerry,1428
jersey,1429
jesse,1430
jesus,1431
jewish,1432
jews,1433
jimmy,1434
joan,1435
job,1436
jockey,1437
joe,1438
jogging,1439
jogis,1440
john,1441
johnny,1442
johnson,1443
join,1444
jonathan,1445
jones,1446
joplin,1447
joseph,1448
journal,1449
journalist,1450
journey,1451
jr,1452
jude,1453
judson,1454
judy,1455
juice,1456
july,1457
jump,1458
june,1459
junk,1460
just,1461
justice,1462
kafka,1463
kalahari,1464
kangaroo,1465
kansas,1466
kappa,1467
kasparov,1468
keeps,1469
kennedy,1470
kentucky,1471
kept,1472
kevin,1473
keyboard,1474
khrushchev,1475
kid,1476
kidnaped,1477
kids,1478
killed,1479
killer,1480
kills,1481
kind,1482
kinds,1483
king,1484
kings,1485
kiss,1486
kitchen,1487
knight,1488
know,1489
known,1490
kong,1491
korea,1492
korean,1493
kosovo,1494
kuwait,1495
la,1496
label,1497
labels,1498
labor,1499
lack,1500
lady,1501
lake,1502
lakes,1503
land,1504
landed,1505
landing,1506
landmark,1507
language,1508
languages,1509
lantern,1510
large,1511
largest,1512
larry,1513
las,1514
laser,1515
late,1516
latin,1517
latitude,1518
laugh,1519
launched,1520
lauren,1521
law,1522
lawrence,1523
lawyer,1524
lawyers,1525
lay,1526
layers,1527
lead,1528
leader,1529
leaders,1530
leading,1531
league,1532
learn,1533
learning,1534
leave,1535
leaving,1536
lebanon,1537
led,1538
lee,1539
left,1540
legal,1541
legally,1542
legged,1543
legs,1544
lemmon,1545
length,1546
lengths,1547
lens,1548
leon,1549
leper,1550
let,1551
lethal,1552
letter,1553
letters,1554
leukemia,1555
level,1556
lewis,1557
li,1558
liberty,1559
library,1560
lice,1561
lie,1562
lies,1563
life,1564
light,1565
lightning,1566
lights,1567
like,1568
likely,1569
likes,1570
limit,1571
limits,1572
lincoln,1573
lindbergh,1574
line,1575
liner,1576
lion,1577
lips,1578
lisa,1579
list,1580
lite,1581
literal,1582
literary,1583
literature,1584
litmus,1585
little,1586
live,1587
lived,1588
liver,1589
liverpool,1590
lives,1591
living,1592
livingstone,1593
ll,1594
lloyd,1595
lobster,1596
located,1597
location,1598
log,1599
logan,1600
london,1601
long,1602
longest,1603
longitude,1604
look,1605
looking,1606
lord,1607
los,1608
lose,1609
loss,1610
lost,1611
lou,1612
louis,1613
louisiana,1614
love,1615
loved,1616
lovers,1617
low,1618
lowest,1619
lsd,1620
lucas,1621
luck,1622
lucy,1623
luke,1624
lunch,1625
lung,1626
luther,1627
luxury,1628
lyndon,1629
lyrics,1630
machine,1631
machines,1632
maclaine,1633
madonna,1634
mae,1635
magazine,1636
magazines,1637
magic,1638
magna,1639
magnetic,1640
maid,1641
maiden,1642
mail,1643
main,1644
maine,1645
major,1646
majority,1647
make,1648
maker,1649
makes,1650
making,1651
malaysia,1652
male,1653
mammal,1654
man,1655
manager,1656
maneuver,1657
manned,1658
manufacture,1659
manufactured,1660
manufacturer,1661
manufactures,1662
map,1663
march,1664
marco,1665
marcos,1666
margaret,1667
maria,1668
marijuana,1669
marine,1670
mark,1671
marked,1672
market,1673
markets,1674
marks,1675
marley,1676
marlowe,1677
marriage,1678
married,1679
marrow,1680
marshall,1681
martha,1682
martin,1683
martinis,1684
marvel,1685
marx,1686
mary,1687
maryland,1688
mascot,1689
massachusetts,1690
massacre,1691
master,1692
match,1693
material,1694
materials,1695
math,1696
matter,1697
matterhorn,1698
maurice,1699
maurizio,1700
maximum,1701
mayor,1702
mccarren,1703
mckinley,1704
mcparsedonedigit,1705
mean,1706
meaning,1707
means,1708
meant,1709
measure,1710
measured,1711
measures,1712
meat,1713
medal,1714
medals,1715
medical,1716
medicine,1717
medieval,1718
mediterranean,1719
medium,1720
meeting,1721
mel,1722
melissa,1723
melting,1724
member,1725
members,1726
men,1727
menace,1728
mercury,1729
met,1730
metal,1731
meter,1732
meters,1733
method,1734
mexican,1735
mexico,1736
michael,1737
michelangelo,1738
michigan,1739
microsoft,1740
middle,1741
mighty,1742
mikhail,1743
mile,1744
miles,1745
military,1746
milk,1747
milky,1748
millennium,1749
miller,1750
millimeter,1751
million,1752
millions,1753
mills,1754
milton,1755
minimum,1756
minister,1757
minnesota,1758
minor,1759
minutes,1760
mirror,1761
miss,1762
mission,1763
mississippi,1764
missouri,1765
mix,1766
mixing,1767
mo,1768
moby,1769
model,1770
modem,1771
modern,1772
mold,1773
molecules,1774
mona,1775
monaco,1776
monarch,1777
monet,1778
money,1779
monitor,1780
monkey,1781
monopoly,1782
monster,1783
mont,1784
month,1785
months,1786
moon,1787
moore,1788
moral,1789
mormons,1790
morning,1791
moscow,1792
mother,1793
motion,1794
motto,1795
mount,1796
mountain,1797
mountains,1798
mouse,1799
mouth,1800
movement,1801
movie,1802
movies,1803
mozambique,1804
mr,1805
mrs,1806
ms,1807
muffins,1808
muhammad,1809
munich,1810
muppets,1811
murder,1812
muscles,1813
museum,1814
music,1815
musical,1816
mutiny,1817
mutombo,1818
myrtle,1819
mystery,1820
nadia,1821
namath,1822
named,1823
names,1824
naples,1825
napsylate,1826
narrates,1827
nasa,1828
nation,1829
national,1830
nationality,1831
nations,1832
native,1833
natural,1834
nature,1835
nautical,1836
naval,1837
navy,1838
nazi,1839
nazis,1840
neal,1841
near,1842
nebraska,1843
need,1844
needle,1845
neil,1846
nelson,1847
neon,1848
nero,1849
nests,1850
net,1851
netherlands,1852
network,1853
neurological,1854
neurosurgeon,1855
nevada,1856
new,1857
news,1858
newspaper,1859
nfl,1860
nhl,1861
nicholas,1862
nickname,1863
nicknamed,1864
night,1865
nile,1866
nino,1867
nintendo,1868
nixon,1869
nj,1870
nn,1871
nnp,1872
nns,1873
nobel,1874
noble,1875
nominated,1876
non,1877
normal,1878
north,1879
northeast,1880
northernmost,1881
norway,1882
nose,1883
nostradamus,1884
notes,1885
novel,1886
novelist,1887
november,1888
nowadays,1889
nuclear,1890
number,1891
numbers,1892
numeral,1893
numerals,1894
nun,1895
nursery,1896
nuts,1897
oat,1898
object,1899
objects,1900
occupation,1901
occupy,1902
occur,1903
ocean,1904
oceans,1905
octopus,1906
odds,1907
odors,1908
offer,1909
office,1910
officer,1911
offices,1912
official,1913
ohio,1914
oil,1915
oklahoma,1916
old,1917
oldest,1918
olsen,1919
olympic,1920
olympics,1921
online,1922
opened,1923
opener,1924
opening,1925
opens,1926
opera,1927
operating,1928
operation,1929
opposite,1930
orange,1931
order,1932
organ,1933
organism,1934
organization,1935
orgasm,1936
oriented,1937
origin,1938
original,1939
originally,1940
originate,1941
originated,1942
orinoco,1943
orleans,1944
oscar,1945
oscars,1946
oswald,1947
ouija,1948
outcome,1949
outer,1950
outside,1951
oven,1952
owned,1953
owner,1954
owns,1955
oxygen,1956
oz,1957
ozone,1958
pacific,1959
page,1960
pages,1961
paid,1962
paint,1963
painted,1964
painter,1965
painting,1966
pairs,1967
palace,1968
palmer,1969
pan,1970
panama,1971
panic,1972
paper,1973
par,1974
parents,1975
paris,1976
park,1977
parker,1978
parking,1979
parks,1980
parrot,1981
parseddigits,1982
parsedfivedigits,1983
parsedfourdigits,1984
parsedfourdigitss,1985
parsedonedigit,1986
parsedonedigitth,1987
parsedthreedigits,1988
parsedtwodigits,1989
parsedtwodigitsrd,1990
parsedtwodigitsth,1991
partner,1992
party,1993
pascal,1994
paso,1995
pass,1996
past,1997
patent,1998
patented,1999
patricia,2000
paul,2001
pay,2002
pea,2003
peace,2004
peachy,2005
peak,2006
peanut,2007
pearl,2008
pellegrin,2009
pencil,2010
pendulum,2011
penetrate,2012
penis,2013
penn,2014
penned,2015
pennsylvania,2016
penny,2017
people,2018
pepper,2019
pepsi,2020
percent,2021
percentage,2022
perfect,2023
perform,2024
performer,2025
period,2026
perpetual,2027
persian,2028
person,2029
personality,2030
pet,2031
peter,2032
pets,2033
ph,2034
phenomenon,2035
philadelphia,2036
philippines,2037
phoenix,2038
phone,2039
photographer,2040
physical,2041
piano,2042
pickering,2043
picture,2044
piece,2045
pig,2046
pigs,2047
pilot,2048
pilots,2049
pineapple,2050
pines,2051
pink,2052
pins,2053
piracy,2054
pistol,2055
pit,2056
pitcher,2057
pitchers,2058
pittsburgh,2059
pizza,2060
place,2061
placed,2062
plain,2063
plan,2064
plane,2065
planet,2066
plant,2067
planted,2068
plants,2069
plastic,2070
play,2071
playboy,2072
played,2073
player,2074
players,2075
playing,2076
plays,2077
plo,2078
pneumonia,2079
poe,2080
poem,2081
poet,2082
poetry,2083
point,2084
points,2085
poison,2086
poisoning,2087
poker,2088
poland,2089
pole,2090
police,2091
policy,2092
polio,2093
polish,2094
political,2095
pollock,2096
pollution,2097
polo,2098
pooh,2099
poor,2100
pop,2101
pope,2102
popeye,2103
popular,2104
populated,2105
population,2106
port,2107
portrayed,2108
position,2109
possession,2110
possible,2111
post,2112
postal,2113
potlatch,2114
pound,2115
pounds,2116
pow,2117
powell,2118
power,2119
powerful,2120
powers,2121
practice,2122
prayer,2123
preacher,2124
pregnacy,2125
pregnancy,2126
pregnant,2127
premiered,2128
prepared,2129
present,2130
presidency,2131
president,2132
presidential,2133
presidents,2134
presley,2135
prevent,2136
prewitt,2137
price,2138
primary,2139
prime,2140
prince,2141
princess,2142
principle,2143
principles,2144
print,2145
prison,2146
private,2147
prize,2148
pro,2149
probability,2150
problems,2151
process,2152
processor,2153
procter,2154
produce,2155
produced,2156
producer,2157
produces,2158
producing,2159
product,2160
production,2161
products,2162
profession,2163
professional,2164
professor,2165
program,2166
programming,2167
project,2168
promote,2169
prompted,2170
pronounce,2171
proper,2172
properties,2173
prophet,2174
proposition,2175
protein,2176
provider,2177
provides,2178
province,2179
pseudonym,2180
publish,2181
published,2182
pulitzer,2183
pull,2184
punch,2185
purchase,2186
purchased,2187
purpose,2188
purposes,2189
pursuit,2190
putting,2191
putty,2192
pyramid,2193
qigong,2194
quadruplets,2195
quarts,2196
queen,2197
question,2198
questions,2199
quit,2200
rabbit,2201
race,2202
races,2203
racing,2204
radio,2205
raid,2206
rail,2207
railroad,2208
railway,2209
rain,2210
rainbow,2211
raise,2212
raised,2213
ram,2214
ranch,2215
randy,2216
range,2217
ranger,2218
ranges,2219
rank,2220
rascals,2221
rate,2222
ratified,2223
ratio,2224
ray,2225
razor,2226
reach,2227
reactivity,2228
read,2229
reading,2230
ready,2231
reagan,2232
real,2233
really,2234
reason,2235
receive,2236
received,2237
recently,2238
recipe,2239
recognize,2240
record,2241
recorded,2242
records,2243
red,2244
refer,2245
reference,2246
register,2247
regular,2248
reign,2249
reims,2250
relations,2251
relationship,2252
relative,2253
release,2254
released,2255
religion,2256
religions,2257
remain,2258
remove,2259
renaissance,2260
rent,2261
replaced,2262
report,2263
represent,2264
representative,2265
representatives,2266
represented,2267
republic,2268
requirement,2269
requirements,2270
research,2271
resistance,2272
resource,2273
responsible,2274
rest,2275
restaurant,2276
restore,2277
restored,2278
return,2279
revolt,2280
revolution,2281
revolutions,2282
revolve,2283
rex,2284
rhett,2285
rhodes,2286
rica,2287
rice,2288
rich,2289
richard,2290
richest,2291
rick,2292
ride,2293
rider,2294
right,2295
rights,2296
ring,2297
rings,2298
ripening,2299
rise,2300
rites,2301
river,2302
rivers,2303
road,2304
robert,2305
robin,2306
robinson,2307
rock,2308
rocks,2309
rocky,2310
roe,2311
roger,2312
rogers,2313
role,2314
roll,2315
roller,2316
rolling,2317
roman,2318
romans,2319
romantic,2320
rome,2321
ronald,2322
rooftops,2323
room,2324
roosevelt,2325
root,2326
rose,2327
ross,2328
rotary,2329
round,2330
row,2331
rows,2332
roy,2333
royal,2334
rubber,2335
rubik,2336
ruin,2337
rule,2338
ruled,2339
rules,2340
rum,2341
run,2342
running,2343
runs,2344
russia,2345
russian,2346
russians,2347
rust,2348
ruth,2349
saddam,2350
safe,2351
said,2352
sailor,2353
sailors,2354
saint,2355
salary,2356
sale,2357
sales,2358
salt,2359
saltpeter,2360
sam,2361
samuel,2362
san,2363
sand,2364
sang,2365
sank,2366
santa,2367
santos,2368
sarge,2369
satellite,2370
satellites,2371
saturday,2372
sauce,2373
save,2374
saw,2375
say,2376
saying,2377
says,2378
scale,2379
scandinavian,2380
scarlett,2381
scholar,2382
school,2383
schools,2384
science,2385
scientific,2386
scientists,2387
scooby,2388
scopes,2389
score,2390
scotch,2391
scotland,2392
scoundrel,2393
scouts,2394
scrabble,2395
screen,2396
screenplay,2397
scrooge,2398
scruples,2399
sculpture,2400
sea,2401
seaport,2402
search,2403
seas,2404
season,2405
seasons,2406
seattle,2407
second,2408
secret,2409
secretary,2410
section,2411
security,2412
seen,2413
sees,2414
seized,2415
seizure,2416
select,2417
self,2418
sell,2419
seller,2420
selling,2421
sells,2422
semper,2423
senate,2424
senator,2425
send,2426
sensitive,2427
sent,2428
sentence,2429
separated,2430
separates,2431
september,2432
sequel,2433
sergeant,2434
series,2435
serve,2436
served,2437
service,2438
serving,2439
set,2440
setting,2441
seven,2442
seventeen,2443
seventh,2444
sex,2445
sexual,2446
shake,2447
shakespeare,2448
shall,2449
shape,2450
share,2451
shared,2452
sharp,2453
shea,2454
sheep,2455
shelley,2456
sherlock,2457
shield,2458
ship,2459
ships,2460
shirley,2461
shoe,2462
shoes,2463
shooting,2464
shores,2465
short,2466
shot,2467
shouldn,2468
shows,2469
shuttle,2470
sicily,2471
sided,2472
sides,2473
sierra,2474
sign,2475
signature,2476
signed,2477
significant,2478
silent,2479
silly,2480
silver,2481
silversmiths,2482
simon,2483
simple,2484
simpson,2485
simpsons,2486
sing,2487
singer,2488
singing,2489
single,2490
singles,2491
sings,2492
singular,2493
sink,2494
sinn,2495
sioux,2496
sir,2497
sister,2498
sisters,2499
sitcom,2500
site,2501
sites,2502
size,2503
sizes,2504
skin,2505
skywalker,2506
slam,2507
slave,2508
sled,2509
sleep,2510
slinky,2511
slogan,2512
slow,2513
small,2514
smallest,2515
smokey,2516
smoking,2517
snail,2518
snap,2519
snore,2520
snow,2521
soap,2522
social,2523
society,2524
soda,2525
sodium,2526
soft,2527
softball,2528
software,2529
solar,2530
sold,2531
soldier,2532
soldiers,2533
son,2534
song,2535
songs,2536
sons,2537
sort,2538
sound,2539
soup,2540
source,2541
south,2542
southern,2543
soviet,2544
space,2545
spacecraft,2546
spaces,2547
spacewalk,2548
spaghetti,2549
spain,2550
span,2551
spanish,2552
spawned,2553
speak,2554
speaking,2555
spears,2556
special,2557
species,2558
spectrum,2559
speed,2560
spend,2561
spent,2562
sperm,2563
spice,2564
spider,2565
spielberg,2566
spill,2567
spins,2568
spoke,2569
spoken,2570
sport,2571
sports,2572
spread,2573
spumante,2574
spy,2575
square,2576
squares,2577
st,2578
stadium,2579
staff,2580
stage,2581
stamp,2582
stand,2583
standard,2584
stands,2585
stanford,2586
stanley,2587
star,2588
starred,2589
starring,2590
stars,2591
start,2592
started,2593
starting,2594
starts,2595
state,2596
states,2597
station,2598
stationed,2599
stations,2600
statistics,2601
statue,2602
steal,2603
steam,2604
steamboat,2605
steel,2606
steinbeck,2607
stephen,2608
steps,2609
stereo,2610
steve,2611
steven,2612
stewart,2613
stick,2614
stock,2615
stocks,2616
stole,2617
stone,2618
stones,2619
stop,2620
stopped,2621
stops,2622
store,2623
storm,2624
story,2625
strait,2626
streak,2627
street,2628
stretch,2629
strikes,2630
strip,2631
stripes,2632
strips,2633
strong,2634
struck,2635
stuart,2636
student,2637
students,2638
study,2639
style,2640
submarine,2641
substance,2642
subway,2643
success,2644
successful,2645
suffer,2646
sugar,2647
suit,2648
sullivan,2649
summer,2650
sun,2651
super,2652
superman,2653
superstar,2654
support,2655
supposed,2656
supreme,2657
surface,2658
surfing,2659
surname,2660
surrender,2661
surrendered,2662
surrounds,2663
suspension,2664
swap,2665
sweet,2666
swimmer,2667
swimming,2668
switzerland,2669
sydney,2670
symbol,2671
syndrome,2672
synonymous,2673
syrup,2674
systems,2675
tab,2676
table,2677
tail,2678
taiwanese,2679
taj,2680
takes,2681
tale,2682
talk,2683
talking,2684
tall,2685
tallest,2686
tammy,2687
target,2688
taste,2689
tax,2690
taylor,2691
tea,2692
team,2693
teams,2694
teaspoon,2695
technical,2696
technique,2697
teddy,2698
teenager,2699
teeth,2700
teflon,2701
telephone,2702
television,2703
tell,2704
tells,2705
temperature,2706
temple,2707
tend,2708
tennessee,2709
tennis,2710
tenpin,2711
tenses,2712
term,2713
terms,2714
territories,2715
territory,2716
terrorist,2717
test,2718
testament,2719
texas,2720
thalassemia,2721
thank,2722
thanksgiving,2723
thatcher,2724
theme,2725
theory,2726
thing,2727
things,2728
think,2729
thomas,2730
thought,2731
thrilled,2732
throat,2733
thunder,2734
ticket,2735
tie,2736
tiger,2737
time,2738
times,2739
tin,2740
tiny,2741
tip,2742
titanic,2743
title,2744
titled,2745
toast,2746
today,2747
toes,2748
toilet,2749
tokyo,2750
told,2751
toll,2752
tom,2753
tomato,2754
ton,2755
tongue,2756
tony,2757
took,2758
tornado,2759
total,2760
touch,2761
touching,2762
tour,2763
tourist,2764
tourists,2765
tournament,2766
tower,2767
town,2768
toy,2769
toys,2770
tracy,2771
trade,2772
trademark,2773
traditional,2774
tragedy,2775
trail,2776
train,2777
training,2778
translated,2779
translations,2780
transplant,2781
travel,2782
travels,2783
treasure,2784
treasury,2785
treat,2786
treatment,2787
tree,2788
trees,2789
trial,2790
trials,2791
triangle,2792
tribe,2793
tried,2794
trilogy,2795
trinidad,2796
trip,2797
triple,2798
triplets,2799
tristar,2800
trivial,2801
troops,2802
trophy,2803
true,2804
truman,2805
truth,2806
try,2807
trying,2808
tube,2809
tuberculosis,2810
tune,2811
tunnel,2812
turkey,2813
turn,2814
turned,2815
tutu,2816
tv,2817
twice,2818
twin,2819
twins,2820
type,2821
types,2822
typewriter,2823
typical,2824
typing,2825
typist,2826
uk,2827
ulysses,2828
unaccounted,2829
underwater,2830
underworld,2831
unemployment,2832
uniform,2833
uniforms,2834
union,2835
unique,2836
united,2837
universe,2838
university,2839
unknown,2840
uprising,2841
uris,2842
url,2843
usa,2844
use,2845
used,2846
usenet,2847
uses,2848
using,2849
usually,2850
utah,2851
vaccine,2852
vacuum,2853
vader,2854
vagina,2855
valdez,2856
valentine,2857
valley,2858
valuable,2859
value,2860
van,2861
varian,2862
varieties,2863
variety,2864
various,2865
vatican,2866
vbp,2867
vcr,2868
ve,2869
vegas,2870
vegetable,2871
vehicles,2872
veins,2873
ventura,2874
venus,2875
verdict,2876
vermouth,2877
vessels,2878
veterans,2879
vhf,2880
vhs,2881
vice,2882
victor,2883
victoria,2884
victorian,2885
victory,2886
video,2887
vienna,2888
vietnam,2889
vietnamese,2890
viii,2891
viking,2892
vincent,2893
vineyard,2894
violins,2895
virgin,2896
virginia,2897
virtual,2898
viscosity,2899
visit,2900
visitors,2901
vitamin,2902
voice,2903
volcano,2904
volcanoes,2905
von,2906
vote,2907
votes,2908
voting,2909
vs,2910
wage,2911
wake,2912
walk,2913
walker,2914
wall,2915
wallpaper,2916
walls,2917
walter,2918
want,2919
war,2920
wars,2921
wash,2922
washington,2923
watch,2924
water,2925
watergate,2926
wave,2927
way,2928
wayne,2929
ways,2930
weapon,2931
weapons,2932
wear,2933
wearing,2934
weather,2935
web,2936
website,2937
websites,2938
week,2939
weigh,2940
weight,2941
went,2942
werewolf,2943
west,2944
western,2945
wet,2946
whale,2947
wheel,2948
whip,2949
whisky,2950
whitcomb,2951
white,2952
wide,2953
widely,2954
wife,2955
wild,2956
william,2957
williams,2958
willie,2959
willy,2960
wilson,2961
wimbledon,2962
win,2963
wind,2964
windows,2965
windsor,2966
wine,2967
wines,2968
wings,2969
winner,2970
winners,2971
winnie,2972
winning,2973
winter,2974
wise,2975
witch,2976
wives,2977
wizard,2978
wolfe,2979
woman,2980
women,2981
won,2982
wonderland,2983
wonders,2984
wood,2985
woodpecker,2986
woodrow,2987
woody,2988
word,2989
words,2990
work,2991
worked,2992
working,2993
world,2994
worlds,2995
worldwide,2996
worms,2997
worst,2998
worth,2999
wrath,3000
wrestler,3001
wright,3002
wrist,3003
write,3004
writer,3005
writing,3006
written,3007
wrote,3008
wwii,3009
www,3010
wyoming,3011
yahoo,3012
yalta,3013
yankee,3014
yankees,3015
yard,3016
yards,3017
year,3018
years,3019
yellow,3020
yogi,3021
york,3022
young,3023
youngest,3024
youngsters,3025
younis,3026
yukon,3027
zeppelin,3028
zero,3029
zimbabwe,3030
zip,3031
zodiacal,3032
zones,3033
