aaron,0
abandoned,1
abbreviated,2
abbreviation,3
ability,4
aborigines,5
abraham,6
abstract,7
academy,8
according,9
account,10
acid,11
acne,12
acronym,13
act,14
acted,15
action,16
active,17
actor,18
actors,19
actress,20
actually,21
ad,22
add,23
address,24
addresses,25
admit,26
adopt,27
adopted,28
ads,29
adult,30
adventures,31
advertise,32
advertises,33
advertising,34
affect,35
affected,36
afghanistan,37
africa,38
african,39
age,40
aged,41
agency,42
agent,43
ages,44
ago,45
aid,46
aids,47
air,48
airline,49
airplane,50
airport,51
airports,52
al,53
alaska,54
albert,55
album,56
alcoholic,57
aldrin,58
alexander,59
alexandra,60
algeria,61
ali,62
alice,63
allen,64
alley,65
allowed,66
alphabet,67
alphabetical,68
alternative,69
amateur,70
amazing,71
amazon,72
ambassador,73
amendment,74
america,75
american,76
americans,77
americas,78
amherst,79
amphibians,80
amtrak,81
analysis,82
ancient,83
andrew,84
andrews,85
andy,86
angel,87
angeles,88
angels,89
anglican,90
animal,91
animals,92
animated,93
anniversary,94
announced,95
annual,96
answers,97
anthem,98
anthony,99
anti,100
apart,101
apollo,102
appear,103
appearance,104
appearances,105
appeared,106
appears,107
apple,108
apples,109
approximate,110
approximately,111
april,112
arcadia,113
arch,114
architect,115
architecture,116
arctic,117
area,118
argentina,119
aristotle,120
arkansas,121
armed,122
armor,123
armstrong,124
army,125
arnold,126
art,127
arthur,128
articles,129
artist,130
artists,131
ash,132
asia,133
asian,134
ask,135
asked,136
aspartame,137
assassinate,138
assassinated,139
assassination,140
associated,141
association,142
astaire,143
astronaut,144
astronauts,145
athlete,146
athletic,147
atlantic,148
atm,149
atom,150
attack,151
attacks,152
attempt,153
attempts,154
attend,155
attractions,156
august,157
australia,158
australian,159
austria,160
author,161
auto,162
autobiography,163
automobile,164
available,165
avenue,166
average,167
avery,168
award,169
awarded,170
away,171
babe,172
baby,173
bacall,174
background,175
bad,176
bakery,177
baking,178
balance,179
bald,180
ball,181
ballet,182
balls,183
banana,184
band,185
bank,186
banned,187
banner,188
bar,189
barbeque,190
barbie,191
barrymore,192
bars,193
baseball,194
based,195
basketball,196
bastille,197
bat,198
battery,199
battle,200
battles,201
bay,202
beach,203
beak,204
beans,205
bear,206
bears,207
beat,208
beatles,209
beauty,210
beaver,211
bee,212
beer,213
beers,214
bees,215
beethoven,216
beetle,217
began,218
begin,219
beginning,220
begins,221
belgium,222
believe,223
belushi,224
ben,225
benefits,226
benny,227
berlin,228
bert,229
best,230
bestselling,231
bet,232
bette,233
better,234
betting,235
beverly,236
bible,237
bibliography,238
big,239
biggest,240
billy,241
biography,242
bird,243
birds,244
birth,245
birthday,246
birthplace,247
birthstone,248
black,249
blacks,250
blanc,251
bligh,252
blind,253
blood,254
bloom,255
blow,256
blue,257
blues,258
board,259
boasts,260
boat,261
bob,262
bobby,263
body,264
bog,265
bogart,266
bolivia,267
bomb,268
bombay,269
bombing,270
bond,271
bone,272
bones,273
bonnie,274
book,275
books,276
boosters,277
border,278
borders,279
born,280
borrow,281
boston,282
bottle,283
bottled,284
bottles,285
bought,286
bounty,287
bourbon,288
bowl,289
bowling,290
box,291
boxer,292
boxes,293
boxing,294
boy,295
boys,296
bra,297
bradbury,298
brain,299
brand,300
brandenburg,301
brave,302
brazil,303
bread,304
breakfast,305
breed,306
breeds,307
bridge,308
britain,309
british,310
broadcast,311
broadcasting,312
broadway,313
broke,314
broken,315
bronze,316
brooklyn,317
brooks,318
bros,319
brother,320
brothers,321
brought,322
brown,323
browns,324
brunei,325
brush,326
bud,327
buffalo,328
bug,329
bugs,330
build,331
building,332
buildings,333
built,334
bull,335
bulls,336
bunker,337
bureau,338
buried,339
burned,340
bush,341
busiest,342
business,343
businesses,344
bust,345
butler,346
butter,347
butterfield,348
buy,349
cabinet,350
cable,351
cache,352
caesar,353
caffeine,354
cage,355
calcium,356
calculate,357
calculator,358
calendar,359
caliente,360
california,361
called,362
callosum,363
calls,364
calories,365
came,366
camel,367
camera,368
camp,369
canada,370
canadian,371
canal,372
canary,373
cancer,374
candle,375
candy,376
cane,377
canine,378
cans,379
canyon,380
cap,381
capita,382
capital,383
capone,384
capp,385
captain,386
car,387
carbon,388
card,389
cardinal,390
cards,391
care,392
career,393
caribbean,394
carl,395
carolina,396
carries,397
carry,398
cars,399
carta,400
carter,401
cartoon,402
cartoons,403
casablanca,404
case,405
cases,406
casey,407
cash,408
casting,409
castle,410
cat,411
catch,412
category,413
cathedral,414
catholic,415
cats,416
caught,417
cause,418
caused,419
causes,420
causing,421
cc,422
cd,423
celebrated,424
celebrities,425
celebrity,426
cells,427
cement,428
cent,429
center,430
central,431
century,432
cereal,433
ceremony,434
certain,435
chain,436
chairman,437
champion,438
champions,439
championship,440
chance,441
chancellor,442
chances,443
change,444
changed,445
channel,446
chapel,447
chappellet,448
chapter,449
character,450
characters,451
charge,452
charles,453
charley,454
charlie,455
check,456
cheese,457
chefs,458
chemical,459
chemicals,460
chess,461
chicago,462
chicken,463
chief,464
child,465
children,466
chile,467
chilean,468
china,469
chinese,470
chip,471
chocolate,472
chris,473
christ,474
christian,475
christmas,476
christopher,477
chromosome,478
chronic,479
chronicles,480
church,481
cigarette,482
circle,483
cities,484
citizen,485
city,486
civil,487
civilization,488
claim,489
claimed,490
claims,491
clara,492
clark,493
class,494
classic,495
classical,496
classification,497
claus,498
clay,499
clean,500
clear,501
cleveland,502
climate,503
clinton,504
clip,505
clock,506
close,507
closed,508
closest,509
closing,510
clothes,511
clothing,512
clouds,513
club,514
cnn,515
coach,516
coal,517
coast,518
coastal,519
coastline,520
coca,521
cocaine,522
cocktail,523
coconut,524
code,525
codes,526
coffee,527
cognac,528
coin,529
cola,530
cold,531
colin,532
collect,533
collection,534
college,535
cologne,536
colonial,537
colonies,538
colonists,539
colony,540
color,541
colorado,542
colored,543
colorful,544
colors,545
colt,546
columbia,547
columbus,548
com,549
comaneci,550
combat,551
come,552
comedian,553
comedienne,554
comedy,555
comes,556
comic,557
comics,558
coming,559
command,560
commandments,561
commerce,562
commercial,563
committee,564
commodity,565
common,566
commonly,567
commune,568
communist,569
community,570
companies,571
companion,572
company,573
compared,574
compatible,575
competition,576
complete,577
composer,578
computer,579
concentration,580
condiment,581
condoms,582
coney,583
confederate,584
conference,585
congress,586
congressman,587
connected,588
connecticut,589
conrad,590
consciousness,591
considered,592
consist,593
constellation,594
constitution,595
constructed,596
contact,597
contain,598
contains,599
contemptible,600
contest,601
continent,602
continental,603
contract,604
control,605
controls,606
convicted,607
cookies,608
cooking,609
cool,610
cooler,611
cooper,612
cop,613
copies,614
copper,615
coral,616
cork,617
corn,618
corner,619
corporate,620
corporation,621
corpus,622
correct,623
cosmology,624
cost,625
costa,626
costner,627
costs,628
costume,629
cotrubas,630
cotton,631
council,632
count,633
counterpart,634
countries,635
country,636
county,637
coup,638
couple,639
course,640
court,641
cousteau,642
cover,643
covers,644
cow,645
cowboy,646
cowboys,647
cpr,648
crabs,649
craft,650
crash,651
cream,652
create,653
created,654
creator,655
creature,656
creatures,657
credit,658
credited,659
creeps,660
cricket,661
crickets,662
criminal,663
crokinole,664
crop,665
cross,666
crown,667
cuba,668
cube,669
cubic,670
cuckoo,671
cucumber,672
cup,673
currency,674
current,675
cut,676
da,677
daily,678
dakota,679
dale,680
dam,681
damage,682
daminozide,683
dana,684
danced,685
dancing,686
daniel,687
danube,688
darth,689
data,690
date,691
dates,692
dating,693
daughter,694
daughters,695
david,696
davies,697
davis,698
day,699
daycare,700
days,701
dc,702
dead,703
deadliest,704
deal,705
dealer,706
deals,707
dealt,708
death,709
debate,710
decathlon,711
december,712
declaration,713
declared,714
deep,715
deepest,716
deer,717
defects,718
defense,719
define,720
definition,721
degas,722
degrees,723
delaware,724
democratic,725
dentist,726
deodorant,727
department,728
depicted,729
depression,730
derby,731
desert,732
design,733
designed,734
designer,735
desire,736
desmond,737
details,738
detect,739
detective,740
determine,741
determined,742
develop,743
developed,744
developing,745
development,746
device,747
devices,748
dew,749
dextropropoxyphen,750
diabetes,751
dialing,752
diameter,753
diamond,754
diamonds,755
diary,756
dick,757
dicken,758
dickens,759
dictator,760
did,761
die,762
died,763
diego,764
difference,765
differences,766
different,767
digital,768
digits,769
dikembe,770
dime,771
dinner,772
dinosaur,773
dioxide,774
direct,775
directed,776
direction,777
directly,778
director,779
disabilities,780
disc,781
discover,782
discovered,783
disease,784
diseases,785
disk,786
disorder,787
display,788
distance,789
distinction,790
district,791
divided,792
division,793
divorce,794
dna,795
doctor,796
does,797
dog,798
dogs,799
dogtown,800
doing,801
dollar,802
dollars,803
dolly,804
domesticated,805
dominoes,806
don,807
donald,808
doo,809
doodle,810
doody,811
doonesbury,812
door,813
dot,814
dots,815
double,816
dow,817
dozen,818
dr,819
dracula,820
draft,821
draw,822
dream,823
dreams,824
drew,825
drink,826
drinking,827
drive,828
driven,829
drug,830
drugs,831
drunk,832
dry,833
dt,834
dubbed,835
duck,836
duel,837
duke,838
dumont,839
dumpty,840
dutch,841
dwarfs,842
dwight,843
eagle,844
ear,845
early,846
earn,847
ears,848
earth,849
earthquake,850
easiest,851
east,852
easter,853
eastern,854
eat,855
eaten,856
economic,857
economy,858
edberg,859
edgar,860
edith,861
edition,862
editor,863
edmund,864
education,865
educational,866
edward,867
effect,868
effects,869
efficient,870
egg,871
eggs,872
egypt,873
eiffel,874
einstein,875
eisenhower,876
el,877
elected,878
election,879
elections,880
electoral,881
electric,882
electrical,883
electricity,884
element,885
elements,886
elephant,887
elevation,888
ella,889
elvis,890
em,891
email,892
embassy,893
emperor,894
empire,895
employ,896
employee,897
end,898
endangered,899
ended,900
ends,901
enemy,902
energy,903
engine,904
engineer,905
engineering,906
engines,907
england,908
english,909
englishman,910
enter,911
enterprise,912
entertainer,913
enzymes,914
epic,915
episode,916
equal,917
equation,918
equator,919
equipment,920
equivalent,921
era,922
erected,923
ernest,924
erupt,925
eruption,926
eskimo,927
espionage,928
establish,929
established,930
estate,931
eternity,932
ethnic,933
europe,934
european,935
event,936
events,937
everest,938
evil,939
ewoks,940
exactly,941
example,942
exchange,943
executed,944
exercise,945
exist,946
existence,947
expectancy,948
expectant,949
expensive,950
experienced,951
experts,952
explorer,953
export,954
expression,955
extensions,956
exxon,957
eye,958
eyes,959
ezra,960
face,961
faced,962
faces,963
facial,964
factor,965
failure,966
fair,967
fairy,968
faith,969
falklands,970
fall,971
falls,972
false,973
fame,974
famed,975
family,976
famous,977
fans,978
fantastic,979
far,980
fare,981
farthest,982
fast,983
fastest,984
fat,985
fatal,986
fated,987
father,988
fathom,989
favorite,990
fawaz,991
fax,992
fbi,993
fdr,994
fear,995
feature,996
featured,997
features,998
february,999
federal,1000
feeling,1001
feet,1002
fein,1003
felt,1004
female,1005
ferry,1006
festival,1007
feudal,1008
fever,1009
fiber,1010
fibrosis,1011
fiction,1012
fictional,1013
fidelis,1014
field,1015
fields,1016
fifth,1017
fight,1018
figure,1019
figures,1020
file,1021
files,1022
film,1023
films,1024
fine,1025
fined,1026
finger,1027
fired,1028
firm,1029
fish,1030
fit,1031
fitzgerald,1032
flag,1033
flags,1034
flavor,1035
flew,1036
flies,1037
flight,1038
flintstones,1039
float,1040
floor,1041
floors,1042
florence,1043
florida,1044
flourish,1045
flow,1046
flower,1047
flowers,1048
flows,1049
fly,1050
flying,1051
folic,1052
follow,1053
followed,1054
following,1055
food,1056
foods,1057
fool,1058
foot,1059
football,1060
force,1061
forced,1062
forces,1063
ford,1064
foreclosure,1065
forest,1066
forests,1067
form,1068
format,1069
formed,1070
formula,1071
fort,1072
fortune,1073
fought,1074
founded,1075
founder,1076
fountain,1077
fourth,1078
fox,1079
fraction,1080
france,1081
francisco,1082
frank,1083
frankenstein,1084
frankfurt,1085
franklin,1086
fraze,1087
fred,1088
frederick,1089
free,1090
french,1091
frequency,1092
fresh,1093
freud,1094
friend,1095
frog,1096
frogs,1097
frozen,1098
fruit,1099
fuel,1100
fun,1101
function,1102
fungal,1103
fur,1104
fusion,1105
future,1106
gain,1107
galaxy,1108
gallon,1109
gallons,1110
gamble,1111
game,1112
games,1113
gandhi,1114
gang,1115
garland,1116
garry,1117
gas,1118
gate,1119
gates,1120
gateway,1121
gatsby,1122
gave,1123
gay,1124
geese,1125
gene,1126
general,1127
generals,1128
generator,1129
genesis,1130
geographical,1131
george,1132
georgia,1133
gerald,1134
german,1135
germany,1136
gestation,1137
getting,1138
ghost,1139
gilbert,1140
gin,1141
giraffe,1142
girl,1143
girls,1144
given,1145
gives,1146
giving,1147
glacier,1148
glass,1149
glitters,1150
global,1151
globe,1152
glory,1153
glove,1154
god,1155
goddess,1156
godfather,1157
gods,1158
goes,1159
gogh,1160
going,1161
gold,1162
golden,1163
golf,1164
golfer,1165
gone,1166
good,1167
goodall,1168
gorbachev,1169
gordon,1170
got,1171
gould,1172
government,1173
governor,1174
grace,1175
graced,1176
graces,1177
graders,1178
graduate,1179
grand,1180
grapes,1181
gravity,1182
gray,1183
great,1184
greatest,1185
greece,1186
greek,1187
green,1188
greeting,1189
grooves,1190
gross,1191
ground,1192
group,1193
groups,1194
grow,1195
growing,1196
growth,1197
guild,1198
guinea,1199
guitar,1200
gulf,1201
gulliver,1202
guy,1203
gymnastics,1204
habeas,1205
habitat,1206
hair,1207
half,1208
hall,1209
ham,1210
hamblen,1211
hamburger,1212
hamlet,1213
hampshire,1214
hand,1215
handed,1216
handful,1217
handle,1218
hands,1219
hank,1220
happen,1221
happened,1222
happens,1223
hara,1224
harbor,1225
hard,1226
hardest,1227
harper,1228
harrison,1229
harry,1230
harvey,1231
hass,1232
hastings,1233
hat,1234
hate,1235
having,1236
havoc,1237
hawaii,1238
hawaiian,1239
hawks,1240
hazmat,1241
head,1242
headed,1243
headquartered,1244
headquarters,1245
healthy,1246
hear,1247
hearing,1248
hearst,1249
heart,1250
hearts,1251
heat,1252
heaven,1253
heaviest,1254
held,1255
helen,1256
helens,1257
helicopter,1258
helium,1259
hell,1260
help,1261
helps,1262
hemingway,1263
hemisphere,1264
henry,1265
hepburn,1266
herb,1267
hermann,1268
hermit,1269
hero,1270
heroine,1271
hibernia,1272
high,1273
highest,1274
hijacked,1275
hillary,1276
hillbillies,1277
hills,1278
historical,1279
history,1280
hit,1281
hitler,1282
hitting,1283
hiv,1284
hockey,1285
hold,1286
holds,1287
hole,1288
holes,1289
holiday,1290
holidays,1291
hollywood,1292
holmes,1293
holy,1294
home,1295
homelite,1296
homer,1297
honecker,1298
honey,1299
hood,1300
hooligans,1301
hoover,1302
horoscope,1303
horrors,1304
horse,1305
horsepower,1306
horses,1307
host,1308
hot,1309
hotel,1310
hour,1311
house,1312
household,1313
houses,1314
howard,1315
howdy,1316
hub,1317
huckleberry,1318
hudson,1319
hughes,1320
hugo,1321
hulk,1322
human,1323
humans,1324
humphrey,1325
humpty,1326
hungarian,1327
hungary,1328
hunter,1329
hunting,1330
hurricane,1331
husband,1332
hussein,1333
huston,1334
hydrogen,1335
hymn,1336
hypertension,1337
ibm,1338
ice,1339
iceland,1340
idea,1341
idealab,1342
identity,1343
ii,1344
iii,1345
ileana,1346
ill,1347
illinois,1348
image,1349
imaginary,1350
important,1351
importer,1352
importers,1353
imposed,1354
impress,1355
inaugurated,1356
inches,1357
include,1358
included,1359
includes,1360
including,1361
income,1362
increase,1363
incredible,1364
independence,1365
independent,1366
india,1367
indian,1368
indians,1369
indies,1370
individuals,1371
indonesia,1372
industrial,1373
infamous,1374
infection,1375
infectious,1376
info,1377
information,1378
innings,1379
inside,1380
inspired,1381
instead,1382
institute,1383
instrument,1384
insurance,1385
intelligence,1386
intercourse,1387
interesting,1388
international,1389
internet,1390
interview,1391
introduce,1392
introduced,1393
invade,1394
invasion,1395
invent,1396
invented,1397
inventor,1398
inventors,1399
investigation,1400
involved,1401
ioc,1402
ip,1403
iq,1404
iraq,1405
ireland,1406
irish,1407
iron,1408
islamic,1409
island,1410
islands,1411
israel,1412
issued,1413
italian,1414
italians,1415
italy,1416
ivy,1417
jack,1418
jackie,1419
jackson,1420
jacques,1421
jail,1422
jake,1423
james,1424
jamiroquai,1425
jane,1426
january,1427
japan,1428
japanese,1429
jaws,1430
jazz,1431
jean,1432
jeep,1433
jefferson,1434
jerry,1435
jersey,1436
jesse,1437
jesus,1438
jewish,1439
jews,1440
jimmy,1441
joan,1442
job,1443
jockey,1444
joe,1445
jogis,1446
john,1447
johnny,1448
johnson,1449
join,1450
joined,1451
joint,1452
jones,1453
joplin,1454
jordan,1455
joseph,1456
josie,1457
journal,1458
journalist,1459
journey,1460
jr,1461
jude,1462
judson,1463
judy,1464
juice,1465
jules,1466
july,1467
jump,1468
june,1469
jungle,1470
junk,1471
just,1472
justice,1473
kafka,1474
kalahari,1475
kangaroo,1476
kansas,1477
kappa,1478
kasparov,1479
keeps,1480
kennedy,1481
kentucky,1482
kept,1483
kevin,1484
keyboard,1485
kid,1486
kids,1487
killed,1488
killer,1489
killing,1490
kills,1491
kind,1492
kinds,1493
king,1494
kings,1495
kiss,1496
kitchen,1497
knight,1498
know,1499
known,1500
knox,1501
kong,1502
korea,1503
korean,1504
kosovo,1505
kuwait,1506
la,1507
label,1508
labels,1509
lack,1510
lady,1511
lagoon,1512
lake,1513
lakes,1514
land,1515
landed,1516
landing,1517
landmark,1518
language,1519
languages,1520
lantern,1521
large,1522
larger,1523
largest,1524
larry,1525
las,1526
late,1527
latin,1528
latitude,1529
laugh,1530
launched,1531
lauren,1532
law,1533
lawrence,1534
lawyer,1535
lawyers,1536
lay,1537
layers,1538
lead,1539
leader,1540
leaders,1541
leading,1542
leads,1543
league,1544
learning,1545
leave,1546
leaving,1547
lebanon,1548
led,1549
lee,1550
left,1551
legal,1552
legally,1553
legend,1554
legendary,1555
legged,1556
legs,1557
lemmon,1558
length,1559
lengths,1560
lens,1561
leon,1562
leper,1563
let,1564
letter,1565
letters,1566
leukemia,1567
level,1568
lewis,1569
liberty,1570
library,1571
lie,1572
lies,1573
life,1574
light,1575
lightning,1576
lights,1577
like,1578
likely,1579
likes,1580
limit,1581
lincoln,1582
lindbergh,1583
line,1584
liner,1585
linked,1586
lion,1587
lips,1588
lisa,1589
list,1590
lite,1591
literary,1592
literature,1593
little,1594
live,1595
lived,1596
liver,1597
liverpool,1598
lives,1599
living,1600
ll,1601
lloyd,1602
lobster,1603
located,1604
location,1605
log,1606
logan,1607
london,1608
long,1609
longest,1610
longitude,1611
look,1612
looking,1613
lord,1614
los,1615
lose,1616
loss,1617
lost,1618
louis,1619
louisiana,1620
love,1621
loved,1622
low,1623
lowest,1624
lsd,1625
lucas,1626
luck,1627
luke,1628
lunch,1629
lung,1630
luther,1631
luxury,1632
lyrics,1633
machine,1634
machines,1635
maclaine,1636
mad,1637
madonna,1638
madrid,1639
magazine,1640
magazines,1641
magic,1642
magna,1643
magnetic,1644
maid,1645
maiden,1646
mail,1647
main,1648
maine,1649
major,1650
majority,1651
make,1652
maker,1653
makes,1654
making,1655
malaysia,1656
male,1657
mall,1658
mammal,1659
man,1660
manager,1661
maneuver,1662
manned,1663
manufacture,1664
manufactured,1665
manufacturer,1666
manufactures,1667
mao,1668
map,1669
march,1670
marco,1671
marcos,1672
margaret,1673
maria,1674
marijuana,1675
marine,1676
mark,1677
marked,1678
market,1679
markets,1680
marks,1681
marley,1682
marriage,1683
married,1684
marrow,1685
marry,1686
mars,1687
marshall,1688
martha,1689
martin,1690
marvel,1691
marx,1692
mary,1693
maryland,1694
mascot,1695
massachusetts,1696
massacre,1697
master,1698
match,1699
material,1700
materials,1701
matter,1702
matterhorn,1703
maurizio,1704
mayor,1705
mccarren,1706
mckinley,1707
mcparsedonedigit,1708
mean,1709
meaning,1710
meant,1711
measure,1712
measured,1713
measures,1714
meat,1715
medal,1716
medical,1717
medicine,1718
medieval,1719
mediterranean,1720
medium,1721
mel,1722
melissa,1723
melting,1724
member,1725
members,1726
memphis,1727
men,1728
menace,1729
mentioned,1730
mentor,1731
mercury,1732
message,1733
met,1734
metal,1735
meter,1736
meters,1737
method,1738
mexican,1739
mexico,1740
miami,1741
michael,1742
michelangelo,1743
michener,1744
michigan,1745
microsoft,1746
middle,1747
mighty,1748
mikhail,1749
mile,1750
miles,1751
military,1752
milk,1753
milky,1754
millimeter,1755
million,1756
millions,1757
mills,1758
milton,1759
mineral,1760
minimum,1761
minister,1762
minnesota,1763
minor,1764
minute,1765
minutes,1766
mirror,1767
miss,1768
mission,1769
mississippi,1770
missouri,1771
mix,1772
mixing,1773
mo,1774
moby,1775
model,1776
modern,1777
mona,1778
monaco,1779
monarch,1780
monet,1781
money,1782
monitor,1783
monkey,1784
monopoly,1785
monster,1786
mont,1787
month,1788
months,1789
moon,1790
moore,1791
moral,1792
mormons,1793
morning,1794
mosquito,1795
mother,1796
motion,1797
motors,1798
motto,1799
mount,1800
mountain,1801
mountains,1802
mouse,1803
mouth,1804
movement,1805
movie,1806
movies,1807
moving,1808
mozambique,1809
mr,1810
mrs,1811
ms,1812
muffins,1813
muhammad,1814
mules,1815
munich,1816
muppets,1817
murder,1818
murdered,1819
museum,1820
music,1821
musical,1822
mutiny,1823
mutombo,1824
myrtle,1825
mystery,1826
nadia,1827
namath,1828
named,1829
names,1830
naples,1831
napoleon,1832
napsylate,1833
narrates,1834
nasa,1835
nation,1836
national,1837
nationality,1838
nations,1839
native,1840
natural,1841
nature,1842
nautical,1843
naval,1844
navy,1845
nazi,1846
nba,1847
neal,1848
near,1849
nebraska,1850
need,1851
needle,1852
neil,1853
nelson,1854
neon,1855
net,1856
netherlands,1857
network,1858
neurological,1859
neurosurgeon,1860
nevada,1861
new,1862
newspaper,1863
nfl,1864
nhl,1865
nicholas,1866
nickname,1867
nicknamed,1868
night,1869
nile,1870
nino,1871
nintendo,1872
nixon,1873
nj,1874
nn,1875
nnp,1876
nobel,1877
noble,1878
non,1879
normal,1880
north,1881
northeast,1882
northernmost,1883
notes,1884
novel,1885
novelist,1886
november,1887
nowadays,1888
nuclear,1889
number,1890
numbers,1891
numeral,1892
nun,1893
nursery,1894
oat,1895
object,1896
objects,1897
occupation,1898
occupy,1899
occur,1900
occurs,1901
ocean,1902
oceans,1903
octopus,1904
odds,1905
odors,1906
offer,1907
office,1908
officer,1909
offices,1910
official,1911
ohio,1912
oil,1913
oklahoma,1914
old,1915
oldest,1916
olsen,1917
olympic,1918
olympics,1919
online,1920
opened,1921
opener,1922
opening,1923
opera,1924
operating,1925
operation,1926
operations,1927
opposite,1928
orange,1929
orca,1930
order,1931
organ,1932
organism,1933
organization,1934
oriented,1935
origin,1936
original,1937
originally,1938
originate,1939
originated,1940
orinoco,1941
orleans,1942
oscar,1943
oscars,1944
osteoporosis,1945
oswald,1946
outcome,1947
outer,1948
output,1949
outside,1950
oven,1951
owned,1952
owner,1953
owns,1954
oxygen,1955
oz,1956
ozone,1957
pacific,1958
page,1959
paid,1960
paint,1961
painted,1962
painter,1963
painting,1964
palace,1965
palmer,1966
pan,1967
panama,1968
panel,1969
panic,1970
paper,1971
par,1972
parents,1973
paris,1974
park,1975
parker,1976
parks,1977
parrot,1978
parseddigits,1979
parsedfivedigits,1980
parsedfourdigits,1981
parsedfourdigitss,1982
parsedonedigit,1983
parsedonedigitth,1984
parsedthreedigits,1985
parsedtwodigits,1986
parsedtwodigitsth,1987
parton,1988
party,1989
pascal,1990
paso,1991
pass,1992
past,1993
patent,1994
paul,1995
pay,1996
peace,1997
peachy,1998
peak,1999
peanut,2000
pearl,2001
pellegrin,2002
pencil,2003
pendulum,2004
penetrate,2005
peninsula,2006
penis,2007
penned,2008
pennsylvania,2009
penny,2010
people,2011
pepper,2012
pepsi,2013
percent,2014
percentage,2015
perfect,2016
perform,2017
performer,2018
period,2019
perpetual,2020
persian,2021
person,2022
personality,2023
pet,2024
peter,2025
pets,2026
phenomenon,2027
philadelphia,2028
philippines,2029
phoenix,2030
phone,2031
phrase,2032
physical,2033
piano,2034
pickering,2035
picture,2036
pictures,2037
piece,2038
pig,2039
pigs,2040
pilot,2041
pilots,2042
pineapple,2043
pink,2044
pistol,2045
pit,2046
pitcher,2047
pittsburgh,2048
pizza,2049
place,2050
placed,2051
plain,2052
plan,2053
plane,2054
planet,2055
plant,2056
planted,2057
plants,2058
plastic,2059
play,2060
played,2061
player,2062
players,2063
playing,2064
plays,2065
plo,2066
plot,2067
poe,2068
poem,2069
poet,2070
poetry,2071
point,2072
points,2073
poison,2074
poisoning,2075
poker,2076
pole,2077
police,2078
policy,2079
polio,2080
polish,2081
political,2082
poll,2083
pollock,2084
pollution,2085
pooh,2086
poor,2087
pop,2088
pope,2089
popeye,2090
popular,2091
populated,2092
population,2093
port,2094
portrayed,2095
position,2096
possession,2097
possible,2098
post,2099
postage,2100
potlatch,2101
pound,2102
pounds,2103
pow,2104
powell,2105
power,2106
powerful,2107
powers,2108
pox,2109
practice,2110
prayer,2111
preacher,2112
pregnacy,2113
pregnancy,2114
pregnant,2115
prepared,2116
present,2117
presidency,2118
president,2119
presidential,2120
presidents,2121
presley,2122
press,2123
pressure,2124
prevent,2125
prewitt,2126
price,2127
pride,2128
primary,2129
prime,2130
prince,2131
princess,2132
principles,2133
print,2134
printing,2135
prism,2136
prison,2137
prize,2138
pro,2139
probability,2140
problems,2141
process,2142
processor,2143
procter,2144
produce,2145
produced,2146
producer,2147
produces,2148
producing,2149
product,2150
production,2151
products,2152
profession,2153
professional,2154
professor,2155
program,2156
programming,2157
project,2158
promote,2159
prompted,2160
pronounce,2161
pronounced,2162
proper,2163
properties,2164
prophet,2165
proposition,2166
protein,2167
proud,2168
provider,2169
provides,2170
province,2171
pseudonym,2172
public,2173
publish,2174
published,2175
pulitzer,2176
pull,2177
punch,2178
purchase,2179
purchased,2180
purified,2181
purpose,2182
purposes,2183
pursuit,2184
pussycats,2185
putting,2186
putty,2187
pyramid,2188
qigong,2189
quarts,2190
queen,2191
question,2192
questions,2193
quit,2194
rabbit,2195
race,2196
races,2197
racing,2198
radio,2199
raid,2200
rail,2201
railroad,2202
railway,2203
rain,2204
rainbow,2205
raise,2206
raised,2207
ranch,2208
randolph,2209
randy,2210
range,2211
ranger,2212
ranges,2213
rank,2214
rascals,2215
rate,2216
ratified,2217
rating,2218
ratio,2219
ray,2220
razor,2221
reach,2222
reactivity,2223
read,2224
reading,2225
ready,2226
reagan,2227
real,2228
really,2229
reason,2230
receive,2231
received,2232
recently,2233
recipe,2234
recognize,2235
recommended,2236
record,2237
recorded,2238
records,2239
red,2240
refer,2241
reference,2242
region,2243
register,2244
reign,2245
reims,2246
related,2247
relations,2248
relationship,2249
relative,2250
release,2251
released,2252
religion,2253
religions,2254
remain,2255
remove,2256
removed,2257
renaissance,2258
rent,2259
replaced,2260
report,2261
represent,2262
representative,2263
representatives,2264
represented,2265
republic,2266
research,2267
resistance,2268
responsible,2269
rest,2270
restaurant,2271
restore,2272
restored,2273
results,2274
return,2275
review,2276
revolt,2277
revolution,2278
revolutionaries,2279
revolutions,2280
rhett,2281
rhodes,2282
rica,2283
rice,2284
rich,2285
richard,2286
richest,2287
ride,2288
rider,2289
right,2290
rights,2291
ring,2292
rings,2293
ripening,2294
rise,2295
rites,2296
river,2297
rivers,2298
road,2299
robert,2300
robin,2301
robinson,2302
rock,2303
rockefeller,2304
rocks,2305
rocky,2306
rode,2307
roe,2308
roger,2309
rogers,2310
role,2311
roll,2312
roller,2313
rolling,2314
roman,2315
romans,2316
romantic,2317
rome,2318
ronald,2319
room,2320
roosevelt,2321
root,2322
rosa,2323
rose,2324
rotary,2325
round,2326
row,2327
rows,2328
roy,2329
royal,2330
rubber,2331
rubik,2332
rule,2333
ruled,2334
rules,2335
rum,2336
run,2337
running,2338
runs,2339
russia,2340
russian,2341
russians,2342
rust,2343
ruth,2344
saddam,2345
safe,2346
said,2347
sailor,2348
sailors,2349
saint,2350
salary,2351
sale,2352
sales,2353
salesman,2354
salonen,2355
salt,2356
saltpeter,2357
sam,2358
samuel,2359
san,2360
sand,2361
sang,2362
sank,2363
santa,2364
santos,2365
sarge,2366
satellite,2367
satellites,2368
saturday,2369
sauce,2370
save,2371
saw,2372
say,2373
saying,2374
says,2375
scale,2376
scandinavian,2377
scarlett,2378
scholar,2379
school,2380
schools,2381
science,2382
scientific,2383
scientists,2384
scooby,2385
scopes,2386
score,2387
scotch,2388
scotland,2389
scottish,2390
scoundrel,2391
scrabble,2392
screen,2393
screenplay,2394
scruples,2395
sculpture,2396
sea,2397
seaport,2398
search,2399
seas,2400
season,2401
seasons,2402
seat,2403
seattle,2404
second,2405
secret,2406
secretary,2407
section,2408
security,2409
seeing,2410
seen,2411
sees,2412
seized,2413
seizure,2414
select,2415
self,2416
seller,2417
selling,2418
sells,2419
semper,2420
senate,2421
senator,2422
send,2423
sensitive,2424
sent,2425
sentence,2426
separated,2427
separates,2428
september,2429
sequel,2430
sergeant,2431
series,2432
serve,2433
served,2434
service,2435
serving,2436
set,2437
setting,2438
seven,2439
seventeen,2440
seventh,2441
sex,2442
sexual,2443
shake,2444
shakespeare,2445
shall,2446
shampoo,2447
shape,2448
shared,2449
sharp,2450
shea,2451
sheep,2452
shelley,2453
sherlock,2454
shevardnadze,2455
ship,2456
ships,2457
shirley,2458
shoe,2459
shoot,2460
shores,2461
short,2462
shot,2463
shouldn,2464
shouts,2465
shows,2466
shuttle,2467
sicily,2468
sided,2469
sides,2470
sierra,2471
sigmund,2472
sign,2473
signature,2474
signed,2475
significant,2476
silent,2477
silly,2478
silver,2479
silversmiths,2480
simon,2481
simpsons,2482
sinatra,2483
sing,2484
singer,2485
singing,2486
single,2487
singles,2488
sings,2489
singular,2490
sink,2491
sinn,2492
sioux,2493
sir,2494
sister,2495
sisters,2496
sistine,2497
sitcom,2498
site,2499
sites,2500
size,2501
sizes,2502
skin,2503
skywalker,2504
slam,2505
slave,2506
sled,2507
sleep,2508
slinky,2509
slogan,2510
small,2511
smallest,2512
smith,2513
smokey,2514
smoking,2515
snail,2516
snap,2517
snore,2518
snow,2519
soap,2520
soccer,2521
social,2522
society,2523
soda,2524
sodium,2525
soft,2526
softball,2527
software,2528
solar,2529
sold,2530
soldier,2531
soldiers,2532
solo,2533
son,2534
song,2535
songs,2536
sons,2537
sort,2538
sound,2539
soup,2540
source,2541
south,2542
southern,2543
soviet,2544
space,2545
spacecraft,2546
spaces,2547
spacewalk,2548
spain,2549
span,2550
spangled,2551
spanish,2552
spawned,2553
speak,2554
speaking,2555
spears,2556
special,2557
species,2558
specifically,2559
spectrum,2560
speed,2561
spelled,2562
spelling,2563
spend,2564
spent,2565
sperm,2566
spice,2567
spider,2568
spielberg,2569
spill,2570
spins,2571
split,2572
spoke,2573
spoken,2574
sport,2575
sports,2576
spread,2577
spumante,2578
spy,2579
square,2580
squares,2581
st,2582
stadium,2583
staff,2584
stage,2585
stains,2586
stamp,2587
stand,2588
standard,2589
stands,2590
stanley,2591
star,2592
starred,2593
starring,2594
stars,2595
start,2596
started,2597
starting,2598
starts,2599
state,2600
states,2601
station,2602
stationed,2603
stations,2604
statistics,2605
statue,2606
statues,2607
steal,2608
steamboat,2609
steel,2610
stefan,2611
steinbeck,2612
stephen,2613
steps,2614
stereo,2615
steve,2616
steven,2617
stevie,2618
stewart,2619
stick,2620
stock,2621
stole,2622
stone,2623
stop,2624
stopped,2625
stops,2626
store,2627
storm,2628
story,2629
strait,2630
streak,2631
street,2632
stretch,2633
strikes,2634
strip,2635
stripes,2636
strips,2637
strong,2638
strontium,2639
struck,2640
structure,2641
stuart,2642
student,2643
students,2644
studios,2645
study,2646
style,2647
submarine,2648
substance,2649
subway,2650
success,2651
successful,2652
sugar,2653
suit,2654
suite,2655
sullivan,2656
summer,2657
sun,2658
super,2659
superman,2660
support,2661
supposed,2662
supreme,2663
surface,2664
surfing,2665
surname,2666
surrender,2667
surrendered,2668
surrounds,2669
suspension,2670
sweet,2671
swimmer,2672
swimming,2673
switzerland,2674
sydney,2675
symbol,2676
syndrome,2677
synonymous,2678
syrup,2679
systems,2680
tab,2681
table,2682
tail,2683
taiwanese,2684
taj,2685
takes,2686
tale,2687
talk,2688
tall,2689
tallest,2690
tammy,2691
target,2692
taste,2693
tax,2694
taylor,2695
team,2696
teams,2697
teaspoon,2698
technical,2699
technique,2700
teddy,2701
teenager,2702
teeth,2703
teflon,2704
telephone,2705
television,2706
tell,2707
tells,2708
temperature,2709
temperatures,2710
temple,2711
tend,2712
tennessee,2713
tennis,2714
tenpin,2715
term,2716
terms,2717
territories,2718
territory,2719
terrorist,2720
test,2721
testament,2722
texas,2723
thalassemia,2724
thank,2725
thanksgiving,2726
thatcher,2727
theme,2728
theory,2729
thing,2730
things,2731
think,2732
thomas,2733
thought,2734
thrilled,2735
thunder,2736
ticket,2737
tie,2738
tiger,2739
time,2740
times,2741
tin,2742
tiny,2743
tip,2744
titanic,2745
title,2746
titled,2747
toast,2748
today,2749
toes,2750
toilet,2751
tokyo,2752
told,2753
toll,2754
tom,2755
tomato,2756
ton,2757
tongue,2758
tony,2759
took,2760
tools,2761
total,2762
tour,2763
tourism,2764
tourist,2765
tourists,2766
tournament,2767
tower,2768
town,2769
toy,2770
tracy,2771
trade,2772
trademark,2773
traditional,2774
tragedy,2775
trail,2776
train,2777
training,2778
translated,2779
translations,2780
transplant,2781
travel,2782
traveled,2783
travels,2784
treasure,2785
treasury,2786
treat,2787
treatment,2788
tree,2789
trees,2790
trek,2791
trial,2792
trials,2793
triangle,2794
tribe,2795
tried,2796
trilogy,2797
trinidad,2798
trip,2799
triple,2800
tristar,2801
trivial,2802
troops,2803
true,2804
truman,2805
truth,2806
try,2807
trying,2808
tube,2809
tuberculosis,2810
tune,2811
tunnel,2812
turkey,2813
turn,2814
turned,2815
tutu,2816
tv,2817
twice,2818
twin,2819
twins,2820
type,2821
types,2822
typewriter,2823
typical,2824
typing,2825
typist,2826
uk,2827
unaccounted,2828
underwater,2829
underworld,2830
unemployment,2831
uniform,2832
uniforms,2833
union,2834
unique,2835
united,2836
universe,2837
university,2838
unknown,2839
upper,2840
uprising,2841
uris,2842
url,2843
usa,2844
use,2845
used,2846
usenet,2847
uses,2848
using,2849
usually,2850
utah,2851
vaccine,2852
vacuum,2853
vader,2854
vagina,2855
valdez,2856
valentine,2857
valley,2858
value,2859
van,2860
variety,2861
various,2862
vatican,2863
ve,2864
vegas,2865
vegetable,2866
vehicles,2867
veins,2868
ventura,2869
venus,2870
vermouth,2871
verne,2872
verses,2873
vessels,2874
veterans,2875
vhf,2876
vhs,2877
vice,2878
victor,2879
victoria,2880
victorian,2881
victory,2882
video,2883
vienna,2884
vietnam,2885
vietnamese,2886
viking,2887
village,2888
villain,2889
vincent,2890
vineyard,2891
violins,2892
virgin,2893
virginia,2894
virtual,2895
viscosity,2896
visit,2897
visitors,2898
vitamin,2899
voice,2900
volcano,2901
volcanoes,2902
von,2903
vote,2904
votes,2905
voting,2906
vowel,2907
vs,2908
wage,2909
wake,2910
walk,2911
walker,2912
wall,2913
wallpaper,2914
walls,2915
walter,2916
want,2917
war,2918
warner,2919
wars,2920
wash,2921
washington,2922
watch,2923
water,2924
watergate,2925
wave,2926
way,2927
wayne,2928
ways,2929
weapon,2930
weapons,2931
wear,2932
wearing,2933
wears,2934
weather,2935
web,2936
website,2937
websites,2938
wedding,2939
week,2940
weeks,2941
weigh,2942
weight,2943
went,2944
werewolf,2945
west,2946
western,2947
wet,2948
whale,2949
wheel,2950
whip,2951
whisky,2952
whitcomb,2953
white,2954
wide,2955
widely,2956
wife,2957
wild,2958
william,2959
williams,2960
willie,2961
wilson,2962
wimbledon,2963
win,2964
wind,2965
windows,2966
windsor,2967
wine,2968
wines,2969
wings,2970
winner,2971
winners,2972
winnie,2973
winning,2974
winter,2975
wise,2976
witch,2977
wives,2978
wizard,2979
wolfe,2980
woman,2981
women,2982
won,2983
wonder,2984
wonderland,2985
wonders,2986
wood,2987
woodpecker,2988
woodrow,2989
woody,2990
word,2991
words,2992
work,2993
worked,2994
working,2995
world,2996
worlds,2997
worldwide,2998
worn,2999
worst,3000
worth,3001
wrath,3002
wrist,3003
write,3004
writer,3005
writing,3006
written,3007
wrote,3008
wwii,3009
www,3010
yahoo,3011
yalta,3012
yankee,3013
yankees,3014
yard,3015
yards,3016
year,3017
years,3018
yellow,3019
yogi,3020
york,3021
young,3022
youngest,3023
youngsters,3024
younis,3025
zealand,3026
zeppelin,3027
zero,3028
zip,3029
zodiacal,3030
zones,3031
