aaron,0
abandoned,1
abbreviated,2
abbreviation,3
abner,4
aborigines,5
abraham,6
abstract,7
abuse,8
academy,9
access,10
according,11
account,12
acid,13
acne,14
acronym,15
act,16
acted,17
action,18
active,19
actor,20
actress,21
actually,22
ad,23
add,24
address,25
addresses,26
administration,27
admit,28
adopt,29
adopted,30
ads,31
adult,32
adventures,33
advertise,34
advertises,35
advertising,36
affect,37
afghanistan,38
africa,39
african,40
afternoon,41
age,42
aged,43
agency,44
agent,45
ages,46
ago,47
agree,48
aid,49
aids,50
air,51
airline,52
airplane,53
airport,54
al,55
alan,56
alaska,57
albert,58
album,59
alcohol,60
aldrin,61
alexander,62
alexandra,63
algeria,64
ali,65
alice,66
allen,67
alley,68
allowed,69
alphabet,70
alphabetical,71
alphabetically,72
alternative,73
amateur,74
amazing,75
amazon,76
ambassador,77
amendment,78
america,79
american,80
americans,81
americas,82
amherst,83
amtrak,84
analysis,85
ancient,86
andrew,87
andy,88
angel,89
angeles,90
angels,91
anglican,92
animal,93
animals,94
animated,95
anniversary,96
announced,97
annual,98
answers,99
anthem,100
anthony,101
anti,102
aol,103
apartment,104
apollo,105
appear,106
appearance,107
appearances,108
appeared,109
appears,110
apple,111
apples,112
appointed,113
approximate,114
approximately,115
april,116
arcadia,117
arch,118
architect,119
architecture,120
arctic,121
area,122
areas,123
argentina,124
aristotle,125
arkansas,126
armed,127
armor,128
armstrong,129
army,130
arnold,131
arrow,132
art,133
arthur,134
articles,135
artificial,136
artist,137
artists,138
ash,139
asia,140
asian,141
ask,142
asked,143
aspartame,144
assassinate,145
assassinated,146
assassination,147
associated,148
associates,149
association,150
astaire,151
astronaut,152
astronauts,153
athlete,154
athletes,155
athletic,156
atlantic,157
atm,158
atom,159
attack,160
attacks,161
attempt,162
attempts,163
attend,164
attraction,165
attractions,166
august,167
australia,168
australian,169
austria,170
author,171
auto,172
autobiography,173
automobile,174
available,175
average,176
avery,177
award,178
awarded,179
awards,180
away,181
babe,182
baby,183
bacall,184
bad,185
baking,186
balance,187
bald,188
ball,189
ballet,190
balls,191
banana,192
band,193
bank,194
banned,195
banner,196
bar,197
barbados,198
barbeque,199
barbie,200
barnum,201
barrymore,202
bars,203
baseball,204
based,205
basketball,206
bastille,207
bat,208
battery,209
battle,210
battles,211
bay,212
beach,213
beak,214
beanie,215
bear,216
bears,217
beat,218
beatles,219
beauty,220
beaver,221
bed,222
bee,223
beer,224
beers,225
bees,226
beetle,227
began,228
begin,229
beginning,230
begins,231
belgium,232
believe,233
bell,234
belushi,235
ben,236
benefits,237
benny,238
berlin,239
bert,240
best,241
bestselling,242
bet,243
bette,244
better,245
betting,246
beverly,247
bible,248
biblical,249
bibliography,250
big,251
biggest,252
billy,253
biography,254
bird,255
birds,256
birth,257
birthday,258
birthplace,259
birthstone,260
black,261
blacks,262
bligh,263
blind,264
block,265
blood,266
blow,267
blue,268
blues,269
board,270
boasts,271
boat,272
bob,273
body,274
bog,275
bogart,276
bolivia,277
bomb,278
bombay,279
bombing,280
bond,281
bone,282
bones,283
bonnie,284
book,285
books,286
boosters,287
border,288
borders,289
born,290
borrow,291
boston,292
bottle,293
bottled,294
bottles,295
bought,296
bounty,297
bourbon,298
bowl,299
bowling,300
box,301
boxer,302
boxes,303
boxing,304
boy,305
boys,306
bra,307
bradbury,308
brain,309
brand,310
brandenburg,311
brave,312
brazil,313
brazilian,314
bread,315
breakfast,316
breed,317
breeds,318
bridge,319
brightest,320
britain,321
british,322
broadcast,323
broadcasting,324
broadway,325
broke,326
broken,327
brooklyn,328
brooks,329
bros,330
brother,331
brothers,332
brought,333
brown,334
browns,335
brunei,336
brush,337
bud,338
buffalo,339
bug,340
bugs,341
build,342
building,343
buildings,344
built,345
bull,346
bulls,347
bureau,348
buried,349
burned,350
bush,351
busiest,352
business,353
businesses,354
bust,355
butler,356
butter,357
butterfield,358
buy,359
buys,360
cabinet,361
cable,362
cache,363
caesar,364
caffeinated,365
caffeine,366
cage,367
cairo,368
calcium,369
calculate,370
calculator,371
calendar,372
caliente,373
california,374
called,375
callosum,376
calls,377
calories,378
came,379
camel,380
camera,381
camp,382
canada,383
canadian,384
canal,385
canary,386
cancer,387
candle,388
candy,389
cans,390
canyon,391
cap,392
capita,393
capital,394
capone,395
capp,396
captain,397
car,398
carbon,399
card,400
cardinal,401
cards,402
care,403
career,404
caribbean,405
carl,406
carol,407
carolina,408
carries,409
carry,410
cars,411
carta,412
carter,413
cartoon,414
cartoons,415
casablanca,416
case,417
cash,418
casting,419
castle,420
cat,421
catch,422
category,423
cathedral,424
catholic,425
cats,426
caught,427
cause,428
caused,429
causes,430
causing,431
cc,432
cd,433
ce,434
celebrated,435
celebrities,436
celebrity,437
cells,438
center,439
centers,440
central,441
century,442
cereal,443
ceremony,444
certain,445
chain,446
chairman,447
chairs,448
champion,449
champions,450
championship,451
chance,452
chancellor,453
chances,454
change,455
changed,456
channel,457
chapel,458
chapter,459
character,460
characters,461
charge,462
charles,463
charley,464
charlie,465
check,466
cheese,467
chefs,468
chemical,469
chemicals,470
chess,471
chicago,472
chicken,473
chief,474
child,475
children,476
chile,477
chilean,478
china,479
chinese,480
chip,481
chocolate,482
chris,483
christ,484
christian,485
christmas,486
christopher,487
chromosome,488
chronic,489
chronicles,490
church,491
churchill,492
cigarette,493
circle,494
cities,495
citizen,496
city,497
civil,498
civilization,499
claim,500
claimed,501
claims,502
clara,503
clark,504
class,505
classic,506
classical,507
classification,508
claus,509
clay,510
clean,511
clear,512
cleveland,513
clinton,514
clip,515
clock,516
close,517
closest,518
closing,519
clothes,520
clothing,521
clouds,522
club,523
cnn,524
coach,525
coal,526
coast,527
coastal,528
coastline,529
coca,530
cocaine,531
cocktail,532
coconut,533
code,534
codes,535
coffee,536
cognac,537
coin,538
cola,539
cold,540
colin,541
collect,542
collection,543
college,544
cologne,545
colombia,546
colonial,547
colonies,548
colonists,549
colony,550
color,551
colorado,552
colored,553
colorful,554
colors,555
colt,556
columbia,557
columbus,558
com,559
comaneci,560
combat,561
come,562
comedian,563
comedienne,564
comedy,565
comes,566
comic,567
comics,568
coming,569
command,570
commerce,571
commercial,572
commit,573
committee,574
commodity,575
common,576
commonly,577
communist,578
community,579
companies,580
companion,581
company,582
compared,583
compatible,584
competition,585
complete,586
composer,587
computer,588
concentration,589
concorde,590
condiment,591
condition,592
condoms,593
coney,594
confederate,595
conference,596
congress,597
congressman,598
connected,599
connecticut,600
conrad,601
consciousness,602
consecutive,603
considered,604
consist,605
constellation,606
constitution,607
constructed,608
contact,609
contain,610
contains,611
contemptible,612
contest,613
continent,614
continental,615
contract,616
control,617
controls,618
conversion,619
convicted,620
cookies,621
cooking,622
cool,623
cooler,624
cooper,625
cop,626
copies,627
coral,628
cork,629
corn,630
corner,631
corporate,632
corporation,633
corpus,634
correct,635
cosmology,636
cost,637
costa,638
costner,639
costs,640
costume,641
cotrubas,642
cotton,643
council,644
count,645
counterpart,646
countries,647
country,648
county,649
coup,650
couple,651
course,652
court,653
cousins,654
cousteau,655
cover,656
covers,657
cow,658
cowboy,659
cowboys,660
cpr,661
craft,662
cranberry,663
cream,664
create,665
created,666
creator,667
creature,668
creatures,669
credit,670
credited,671
creeps,672
cricket,673
crickets,674
criminal,675
crokinole,676
crop,677
cross,678
crown,679
crust,680
crystals,681
cuba,682
cube,683
cubic,684
cuckoo,685
cucumber,686
cup,687
currency,688
current,689
cut,690
da,691
daily,692
dakota,693
dale,694
dam,695
daminozide,696
dana,697
danced,698
dancing,699
daniel,700
darkness,701
darth,702
data,703
database,704
date,705
dates,706
dating,707
daughter,708
daughters,709
david,710
davies,711
davis,712
day,713
daycare,714
days,715
dc,716
dead,717
deadliest,718
deal,719
dealer,720
deals,721
dealt,722
death,723
debate,724
debut,725
december,726
declaration,727
declare,728
declared,729
deep,730
deepest,731
deer,732
defeat,733
defense,734
define,735
defined,736
definition,737
degas,738
degrees,739
delaware,740
democratic,741
denver,742
department,743
depicted,744
depression,745
derby,746
desert,747
design,748
designed,749
designer,750
desire,751
desmond,752
details,753
detective,754
determine,755
determined,756
develop,757
developed,758
dew,759
diabetes,760
dialing,761
diameter,762
diamond,763
diary,764
dick,765
dicken,766
dickens,767
dictator,768
did,769
die,770
died,771
diego,772
difference,773
differences,774
different,775
digital,776
digits,777
dikembe,778
dime,779
diminutive,780
dinner,781
dinosaur,782
dioxide,783
direct,784
directed,785
direction,786
directly,787
director,788
disabilities,789
disc,790
discover,791
discovered,792
disease,793
diseases,794
disk,795
disorder,796
display,797
distance,798
distinction,799
district,800
divided,801
division,802
divorce,803
doctor,804
does,805
dog,806
dogs,807
dogtown,808
doing,809
doll,810
dollar,811
dollars,812
dolly,813
domesticated,814
don,815
donald,816
donated,817
doo,818
doodle,819
doonesbury,820
door,821
dot,822
dots,823
double,824
dow,825
dozen,826
dr,827
dracula,828
draft,829
draw,830
dreams,831
drew,832
drink,833
drinking,834
drinks,835
drive,836
driven,837
dropped,838
drug,839
drugs,840
drunk,841
dry,842
dt,843
dubbed,844
duel,845
duke,846
dumpty,847
dutch,848
dwarf,849
dwarfs,850
dwight,851
eagle,852
ear,853
early,854
earn,855
ears,856
earth,857
earthquake,858
earthquakes,859
easiest,860
east,861
easter,862
eastern,863
eat,864
eaten,865
economic,866
economy,867
edberg,868
edgar,869
edinburgh,870
edith,871
edition,872
editor,873
edmund,874
education,875
educational,876
edward,877
effect,878
effects,879
egg,880
eggs,881
egypt,882
eiffel,883
eighth,884
einstein,885
eisenhower,886
el,887
elected,888
election,889
elections,890
electoral,891
electric,892
electrical,893
element,894
elements,895
elephant,896
elevation,897
ella,898
elvis,899
em,900
email,901
embassy,902
emperor,903
empire,904
employ,905
employee,906
end,907
ended,908
ends,909
enemy,910
energy,911
engine,912
engineer,913
engines,914
england,915
english,916
englishman,917
enter,918
enterprise,919
entertainer,920
entire,921
episode,922
equal,923
equator,924
equipment,925
equivalent,926
era,927
erected,928
ernie,929
erupt,930
eruption,931
eskimo,932
espionage,933
establish,934
established,935
eternity,936
ethel,937
ethnic,938
europe,939
european,940
event,941
events,942
everest,943
evil,944
ewoks,945
exactly,946
example,947
exchange,948
executed,949
exercise,950
exist,951
existence,952
expectancy,953
expectant,954
expensive,955
experienced,956
experts,957
explorer,958
export,959
exports,960
expression,961
extensions,962
eye,963
eyes,964
ezra,965
face,966
faced,967
faces,968
facial,969
factor,970
failure,971
fair,972
fairy,973
faith,974
falklands,975
fall,976
falls,977
false,978
fame,979
famed,980
family,981
famous,982
fans,983
fantastic,984
far,985
fare,986
farthest,987
fast,988
fastest,989
fat,990
fatal,991
fated,992
father,993
fathom,994
favorite,995
fawaz,996
fax,997
fbi,998
fdr,999
fear,1000
feature,1001
featured,1002
features,1003
february,1004
federal,1005
feeling,1006
feet,1007
fein,1008
felt,1009
female,1010
ferry,1011
festival,1012
feudal,1013
fiber,1014
fibrosis,1015
fiction,1016
fidelis,1017
field,1018
fields,1019
fifth,1020
fight,1021
figure,1022
figures,1023
file,1024
files,1025
film,1026
films,1027
fine,1028
fined,1029
finger,1030
fingers,1031
fired,1032
firm,1033
fish,1034
fit,1035
fitzgerald,1036
flag,1037
flags,1038
flavor,1039
flavors,1040
flew,1041
flies,1042
flight,1043
flintstones,1044
float,1045
floor,1046
florence,1047
florida,1048
flourish,1049
flow,1050
flower,1051
flowers,1052
flows,1053
fly,1054
flying,1055
folic,1056
follow,1057
followed,1058
following,1059
food,1060
foods,1061
fool,1062
foot,1063
football,1064
force,1065
forced,1066
forces,1067
ford,1068
foreclosure,1069
forest,1070
forests,1071
form,1072
format,1073
formed,1074
formula,1075
fort,1076
fortune,1077
fought,1078
founded,1079
founder,1080
fountain,1081
fourth,1082
fox,1083
fraction,1084
france,1085
francis,1086
francisco,1087
frank,1088
frankenstein,1089
franklin,1090
fraze,1091
fred,1092
frederick,1093
free,1094
french,1095
frequency,1096
fresh,1097
freud,1098
friend,1099
frog,1100
frogs,1101
frozen,1102
fruit,1103
fuel,1104
fun,1105
function,1106
fungal,1107
fur,1108
fusion,1109
future,1110
gain,1111
gained,1112
galaxy,1113
gallon,1114
gallons,1115
gamble,1116
game,1117
games,1118
gandhi,1119
gang,1120
garden,1121
garland,1122
garry,1123
gas,1124
gate,1125
gates,1126
gateway,1127
gatsby,1128
gave,1129
gay,1130
geese,1131
gehrig,1132
gender,1133
gene,1134
general,1135
generals,1136
generator,1137
genesis,1138
geographic,1139
geographical,1140
george,1141
georgia,1142
german,1143
germany,1144
gestation,1145
getting,1146
ghost,1147
gilbert,1148
gin,1149
giraffe,1150
girl,1151
girls,1152
given,1153
gives,1154
giving,1155
glass,1156
glitters,1157
global,1158
globe,1159
glory,1160
glove,1161
goat,1162
god,1163
godfather,1164
gods,1165
goes,1166
gogh,1167
going,1168
gold,1169
golden,1170
golf,1171
golfer,1172
gone,1173
good,1174
goodall,1175
gorbachev,1176
gordon,1177
got,1178
gould,1179
government,1180
governor,1181
gparsedonedigit,1182
grace,1183
graced,1184
graces,1185
graders,1186
graduate,1187
grand,1188
grant,1189
grapes,1190
gravity,1191
gray,1192
great,1193
greatest,1194
greece,1195
greek,1196
green,1197
greeting,1198
grooves,1199
gross,1200
ground,1201
group,1202
groups,1203
grow,1204
growing,1205
growth,1206
guild,1207
guinea,1208
guitar,1209
gulf,1210
gulliver,1211
guy,1212
habeas,1213
habitat,1214
hair,1215
half,1216
hall,1217
ham,1218
hamblen,1219
hamburger,1220
hamlet,1221
hampshire,1222
hand,1223
handed,1224
handful,1225
handheld,1226
handle,1227
hands,1228
hank,1229
happen,1230
happened,1231
happens,1232
hara,1233
harbor,1234
hard,1235
harper,1236
harrison,1237
harry,1238
harvey,1239
hass,1240
hat,1241
hate,1242
having,1243
havoc,1244
hawaii,1245
hawaiian,1246
hazmat,1247
head,1248
headed,1249
headquartered,1250
headquarters,1251
healthy,1252
hear,1253
hearing,1254
hearst,1255
heart,1256
heat,1257
heaven,1258
heavier,1259
heaviest,1260
heavily,1261
heavyweight,1262
held,1263
helen,1264
helens,1265
helium,1266
hell,1267
help,1268
helps,1269
henry,1270
hepburn,1271
herb,1272
hero,1273
high,1274
highest,1275
hijacked,1276
hike,1277
hillary,1278
hillbillies,1279
hills,1280
historical,1281
history,1282
hit,1283
hitler,1284
hitting,1285
hiv,1286
hockey,1287
hoffman,1288
hold,1289
holds,1290
hole,1291
holes,1292
holiday,1293
holidays,1294
holland,1295
hollywood,1296
holmes,1297
home,1298
homelite,1299
homer,1300
honecker,1301
honey,1302
honor,1303
honorary,1304
hood,1305
hook,1306
hooligans,1307
hope,1308
horrors,1309
horse,1310
horsepower,1311
horses,1312
host,1313
hot,1314
hotel,1315
hour,1316
hours,1317
house,1318
household,1319
houses,1320
housewife,1321
howard,1322
huckleberry,1323
hudson,1324
hugo,1325
hulk,1326
human,1327
humans,1328
humidity,1329
humphrey,1330
humpty,1331
hungary,1332
hunter,1333
hunting,1334
hurricane,1335
husband,1336
hussein,1337
huston,1338
hydrogen,1339
hymn,1340
hypertension,1341
ibm,1342
ice,1343
idea,1344
idealab,1345
identity,1346
ii,1347
iii,1348
ileana,1349
ill,1350
illinois,1351
image,1352
imaginary,1353
important,1354
importer,1355
importers,1356
imposed,1357
impress,1358
inaugurated,1359
inauguration,1360
inch,1361
inches,1362
incident,1363
include,1364
included,1365
includes,1366
including,1367
income,1368
incredible,1369
independence,1370
independent,1371
india,1372
indian,1373
indians,1374
indies,1375
individuals,1376
indonesia,1377
industrial,1378
infamous,1379
infection,1380
infectious,1381
info,1382
information,1383
injection,1384
innings,1385
inside,1386
inspired,1387
instead,1388
institute,1389
instrument,1390
insurance,1391
intelligence,1392
international,1393
internet,1394
interview,1395
introduce,1396
introduced,1397
invade,1398
invasion,1399
invent,1400
invented,1401
inventor,1402
inventors,1403
investigation,1404
involved,1405
ioc,1406
ip,1407
iq,1408
iraq,1409
ireland,1410
irish,1411
iron,1412
islamic,1413
island,1414
islands,1415
israel,1416
issue,1417
issued,1418
italian,1419
italians,1420
italy,1421
ivy,1422
jack,1423
jackie,1424
jackson,1425
jacques,1426
jail,1427
jake,1428
james,1429
jamiroquai,1430
jane,1431
january,1432
japan,1433
japanese,1434
jaws,1435
jazz,1436
jean,1437
jeep,1438
jerry,1439
jersey,1440
jesse,1441
jesus,1442
jewish,1443
jews,1444
jimmy,1445
joan,1446
job,1447
jockey,1448
joe,1449
jogging,1450
jogis,1451
john,1452
johnny,1453
johnson,1454
join,1455
joint,1456
jonathan,1457
jones,1458
joplin,1459
jordan,1460
josie,1461
journal,1462
journalist,1463
journey,1464
jr,1465
jude,1466
judson,1467
judy,1468
juice,1469
jules,1470
july,1471
jump,1472
jungle,1473
junk,1474
just,1475
justice,1476
kafka,1477
kansas,1478
kappa,1479
kasparov,1480
keeps,1481
kennedy,1482
kentucky,1483
kept,1484
kevin,1485
keyboard,1486
khrushchev,1487
kid,1488
kidnaped,1489
kids,1490
killed,1491
killer,1492
killing,1493
kills,1494
kind,1495
kinds,1496
king,1497
kings,1498
kitchen,1499
knight,1500
know,1501
known,1502
knox,1503
kong,1504
korea,1505
korean,1506
kosovo,1507
kuwait,1508
la,1509
label,1510
labels,1511
labor,1512
lack,1513
lady,1514
lagoon,1515
lake,1516
lakes,1517
land,1518
landed,1519
landmark,1520
language,1521
languages,1522
lantern,1523
large,1524
larger,1525
largest,1526
larry,1527
las,1528
laser,1529
late,1530
latin,1531
latitude,1532
laugh,1533
launched,1534
lauren,1535
law,1536
lawrence,1537
lawyer,1538
lawyers,1539
lay,1540
layers,1541
lead,1542
leader,1543
leading,1544
league,1545
learn,1546
learning,1547
leave,1548
lebanon,1549
led,1550
lee,1551
left,1552
legal,1553
legally,1554
legend,1555
legendary,1556
legged,1557
legs,1558
lemmon,1559
length,1560
lengths,1561
lens,1562
leon,1563
leper,1564
let,1565
lethal,1566
letter,1567
letters,1568
level,1569
lewis,1570
li,1571
liberty,1572
library,1573
lice,1574
life,1575
light,1576
lightning,1577
lights,1578
like,1579
likely,1580
likes,1581
limits,1582
lincoln,1583
lindbergh,1584
line,1585
liner,1586
linked,1587
lion,1588
lips,1589
lisa,1590
list,1591
lite,1592
literal,1593
literary,1594
literature,1595
litmus,1596
little,1597
live,1598
lived,1599
liver,1600
liverpool,1601
lives,1602
living,1603
livingstone,1604
ll,1605
lloyd,1606
lobster,1607
located,1608
location,1609
log,1610
logan,1611
london,1612
long,1613
longest,1614
longitude,1615
look,1616
looking,1617
lord,1618
los,1619
lose,1620
loss,1621
lost,1622
lou,1623
louis,1624
louisiana,1625
love,1626
loved,1627
lovers,1628
low,1629
lowest,1630
lucas,1631
luck,1632
lucy,1633
luke,1634
lunch,1635
lung,1636
luther,1637
luxury,1638
lyndon,1639
lyrics,1640
machine,1641
machines,1642
maclaine,1643
mad,1644
madonna,1645
madrid,1646
magazine,1647
magazines,1648
magic,1649
magna,1650
maiden,1651
mail,1652
main,1653
maine,1654
major,1655
majority,1656
make,1657
maker,1658
makes,1659
making,1660
malaysia,1661
male,1662
mall,1663
mammal,1664
man,1665
manager,1666
maneuver,1667
manned,1668
manufactured,1669
manufacturer,1670
manufactures,1671
mao,1672
map,1673
march,1674
marciano,1675
marco,1676
marcos,1677
margaret,1678
maria,1679
marijuana,1680
marine,1681
mark,1682
marked,1683
market,1684
markets,1685
marks,1686
marley,1687
marlowe,1688
marriage,1689
married,1690
marrow,1691
marry,1692
mars,1693
marshall,1694
martha,1695
martin,1696
marvel,1697
marx,1698
mary,1699
maryland,1700
mascot,1701
massachusetts,1702
massacre,1703
master,1704
material,1705
materials,1706
math,1707
matter,1708
matterhorn,1709
maurizio,1710
maximum,1711
mayor,1712
mccarren,1713
mcparsedonedigit,1714
mean,1715
meaning,1716
means,1717
meant,1718
measure,1719
measured,1720
measures,1721
meat,1722
medal,1723
medals,1724
medical,1725
medicine,1726
medieval,1727
mediterranean,1728
medium,1729
meeting,1730
mel,1731
melting,1732
member,1733
members,1734
men,1735
menace,1736
mentioned,1737
mentor,1738
mercury,1739
message,1740
met,1741
metal,1742
meter,1743
meters,1744
method,1745
mexican,1746
mexico,1747
miami,1748
michael,1749
michelangelo,1750
michigan,1751
microsoft,1752
middle,1753
mighty,1754
mikhail,1755
mile,1756
miles,1757
military,1758
milk,1759
milky,1760
millennium,1761
miller,1762
millimeter,1763
million,1764
millions,1765
milton,1766
mineral,1767
minimum,1768
minister,1769
minnesota,1770
minute,1771
minutes,1772
mirror,1773
miss,1774
mission,1775
mississippi,1776
missouri,1777
mix,1778
mo,1779
moby,1780
model,1781
modem,1782
modern,1783
mold,1784
molecules,1785
mona,1786
monaco,1787
monarch,1788
money,1789
monkey,1790
monopoly,1791
monster,1792
month,1793
months,1794
moon,1795
moore,1796
moral,1797
mormons,1798
morning,1799
moscow,1800
mosquito,1801
mother,1802
motion,1803
motors,1804
motto,1805
mount,1806
mountain,1807
mountains,1808
mouse,1809
mouth,1810
movement,1811
movie,1812
movies,1813
moving,1814
mozambique,1815
mr,1816
mrs,1817
ms,1818
muffins,1819
muhammad,1820
mules,1821
munich,1822
muppets,1823
murder,1824
murdered,1825
museum,1826
music,1827
musical,1828
mutiny,1829
mutombo,1830
myrtle,1831
mystery,1832
nadia,1833
namath,1834
named,1835
names,1836
napoleon,1837
narrates,1838
nasa,1839
nation,1840
national,1841
nationality,1842
nations,1843
native,1844
natural,1845
nature,1846
nautical,1847
naval,1848
navy,1849
nazi,1850
nazis,1851
nba,1852
near,1853
nebraska,1854
need,1855
needle,1856
neil,1857
nelson,1858
neon,1859
nero,1860
nests,1861
net,1862
netherlands,1863
network,1864
neurosurgeon,1865
nevada,1866
new,1867
news,1868
newspaper,1869
nfl,1870
nhl,1871
nicholas,1872
nickname,1873
nicknamed,1874
night,1875
nile,1876
nino,1877
nintendo,1878
nixon,1879
nj,1880
nn,1881
nnp,1882
nns,1883
nobel,1884
noble,1885
non,1886
normal,1887
north,1888
northeast,1889
northernmost,1890
norway,1891
nose,1892
nostradamus,1893
notes,1894
novel,1895
novelist,1896
november,1897
nuclear,1898
number,1899
numbers,1900
numeral,1901
nun,1902
nuts,1903
oat,1904
object,1905
objects,1906
occupation,1907
occupy,1908
occur,1909
occurs,1910
ocean,1911
oceans,1912
odds,1913
odors,1914
offer,1915
office,1916
officer,1917
offices,1918
official,1919
ohio,1920
oil,1921
oklahoma,1922
old,1923
oldest,1924
olsen,1925
olympic,1926
olympics,1927
online,1928
opened,1929
opening,1930
opens,1931
opera,1932
operating,1933
operation,1934
operations,1935
opposite,1936
orange,1937
orca,1938
order,1939
organ,1940
organism,1941
organization,1942
orgasm,1943
oriented,1944
origin,1945
original,1946
originally,1947
originate,1948
originated,1949
orinoco,1950
orleans,1951
oscar,1952
oscars,1953
osteoporosis,1954
oswald,1955
outcome,1956
output,1957
outside,1958
oven,1959
owned,1960
owner,1961
owns,1962
oxygen,1963
oz,1964
pacific,1965
page,1966
pages,1967
paid,1968
paint,1969
painted,1970
painter,1971
painting,1972
pairs,1973
palace,1974
palmer,1975
pan,1976
panama,1977
panel,1978
panic,1979
paper,1980
par,1981
parents,1982
paris,1983
park,1984
parker,1985
parking,1986
parks,1987
parrot,1988
parseddigits,1989
parsedfivedigits,1990
parsedfourdigits,1991
parsedfourdigitss,1992
parsedonedigit,1993
parsedonedigitth,1994
parsedthreedigits,1995
parsedtwodigits,1996
parsedtwodigitsrd,1997
parsedtwodigitsth,1998
partner,1999
parton,2000
party,2001
pascal,2002
paso,2003
pass,2004
past,2005
patent,2006
patented,2007
patricia,2008
paul,2009
pay,2010
pea,2011
peace,2012
peachy,2013
peak,2014
peanut,2015
pearl,2016
pellegrin,2017
pendulum,2018
penetrate,2019
peninsula,2020
penis,2021
penn,2022
penned,2023
pennsylvania,2024
penny,2025
people,2026
pepsi,2027
percent,2028
percentage,2029
perfect,2030
perform,2031
performer,2032
period,2033
perpetual,2034
persian,2035
person,2036
personality,2037
pet,2038
peter,2039
pets,2040
ph,2041
phenomenon,2042
philadelphia,2043
philippines,2044
phoenix,2045
phone,2046
photographer,2047
phrase,2048
physical,2049
piano,2050
pickering,2051
picture,2052
pictures,2053
piece,2054
pig,2055
piggy,2056
pigs,2057
pilot,2058
pilots,2059
pineapple,2060
pines,2061
pink,2062
piracy,2063
pit,2064
pitcher,2065
pitchers,2066
pittsburgh,2067
pizza,2068
place,2069
placed,2070
plain,2071
plan,2072
plane,2073
planet,2074
plant,2075
planted,2076
plants,2077
plastic,2078
play,2079
playboy,2080
played,2081
player,2082
players,2083
playing,2084
plays,2085
plo,2086
plot,2087
pneumonia,2088
poe,2089
poem,2090
poet,2091
poetry,2092
point,2093
points,2094
poker,2095
poland,2096
pole,2097
police,2098
policy,2099
polio,2100
political,2101
poll,2102
pollock,2103
pollution,2104
polo,2105
pooh,2106
poor,2107
pop,2108
pope,2109
popeye,2110
popular,2111
populated,2112
population,2113
port,2114
portrayed,2115
position,2116
possession,2117
possible,2118
post,2119
postal,2120
potlatch,2121
pound,2122
pounds,2123
pow,2124
powell,2125
power,2126
powerful,2127
powers,2128
pox,2129
practice,2130
pregnacy,2131
pregnancy,2132
pregnant,2133
premiered,2134
prepared,2135
present,2136
presidency,2137
president,2138
presidential,2139
presidents,2140
presley,2141
press,2142
pressure,2143
prevent,2144
price,2145
pride,2146
primary,2147
prime,2148
prince,2149
princess,2150
principle,2151
principles,2152
printing,2153
prism,2154
prison,2155
private,2156
prize,2157
pro,2158
probability,2159
problems,2160
process,2161
processor,2162
procter,2163
produce,2164
produced,2165
producer,2166
produces,2167
producing,2168
product,2169
production,2170
products,2171
profession,2172
professional,2173
professor,2174
program,2175
programming,2176
project,2177
promote,2178
pronounced,2179
proper,2180
properties,2181
prophet,2182
proposition,2183
proud,2184
provider,2185
provides,2186
province,2187
public,2188
publish,2189
published,2190
pulitzer,2191
pull,2192
punch,2193
purchase,2194
purchased,2195
purified,2196
purpose,2197
purposes,2198
pursuit,2199
pussycats,2200
putting,2201
putty,2202
pyramid,2203
qigong,2204
quadruplets,2205
queen,2206
question,2207
questions,2208
quit,2209
rabbit,2210
race,2211
races,2212
racing,2213
radio,2214
raid,2215
rail,2216
railroad,2217
railway,2218
rain,2219
rainbow,2220
raise,2221
raised,2222
ram,2223
ranch,2224
randolph,2225
randy,2226
range,2227
ranger,2228
ranges,2229
rank,2230
rascals,2231
rate,2232
ratified,2233
rating,2234
ratio,2235
ray,2236
razor,2237
reach,2238
reactivity,2239
read,2240
ready,2241
reagan,2242
real,2243
really,2244
reason,2245
receive,2246
received,2247
recently,2248
recipe,2249
recognize,2250
recommended,2251
record,2252
recorded,2253
records,2254
red,2255
refer,2256
reference,2257
regarding,2258
region,2259
register,2260
regular,2261
reign,2262
reims,2263
related,2264
relations,2265
relationship,2266
relative,2267
release,2268
released,2269
religion,2270
religions,2271
remain,2272
remove,2273
removed,2274
renaissance,2275
rent,2276
replaced,2277
report,2278
represent,2279
representative,2280
representatives,2281
represented,2282
republic,2283
requirement,2284
requirements,2285
research,2286
resistance,2287
resource,2288
responsible,2289
rest,2290
restaurant,2291
restore,2292
return,2293
review,2294
revolutionaries,2295
revolutions,2296
revolve,2297
rex,2298
rhodes,2299
rica,2300
rice,2301
rich,2302
richard,2303
richest,2304
ride,2305
rider,2306
right,2307
rights,2308
ring,2309
rings,2310
ripening,2311
river,2312
rivers,2313
road,2314
robert,2315
robin,2316
robinson,2317
rock,2318
rocks,2319
rocky,2320
rode,2321
roger,2322
rogers,2323
role,2324
roll,2325
roller,2326
rolling,2327
roman,2328
romans,2329
romantic,2330
rome,2331
ronald,2332
rooftops,2333
room,2334
roosevelt,2335
root,2336
rose,2337
rotary,2338
round,2339
row,2340
rows,2341
roy,2342
royal,2343
rubber,2344
rubik,2345
ruin,2346
rule,2347
rules,2348
rum,2349
run,2350
running,2351
runs,2352
russia,2353
russian,2354
russians,2355
rust,2356
ruth,2357
saddam,2358
safe,2359
said,2360
sailor,2361
saint,2362
salary,2363
sales,2364
salesman,2365
salonen,2366
salt,2367
sam,2368
samuel,2369
san,2370
sand,2371
sang,2372
sank,2373
santa,2374
sarge,2375
satellite,2376
saturday,2377
sauce,2378
save,2379
saw,2380
say,2381
saying,2382
says,2383
scale,2384
scandinavian,2385
scarlett,2386
scholar,2387
school,2388
schools,2389
science,2390
scientific,2391
scientists,2392
scooby,2393
score,2394
scotch,2395
scotland,2396
scottish,2397
scoundrel,2398
scouts,2399
scrabble,2400
screen,2401
screenplay,2402
scrooge,2403
sculpture,2404
sea,2405
seaport,2406
search,2407
seas,2408
season,2409
seasons,2410
seat,2411
seattle,2412
second,2413
secret,2414
secretary,2415
section,2416
security,2417
seen,2418
sees,2419
seized,2420
select,2421
self,2422
sell,2423
seller,2424
selling,2425
sells,2426
semper,2427
senate,2428
senator,2429
send,2430
sensitive,2431
sent,2432
sentence,2433
separates,2434
september,2435
sequel,2436
sergeant,2437
series,2438
serve,2439
served,2440
service,2441
serving,2442
set,2443
setting,2444
seven,2445
seventeen,2446
seventh,2447
sex,2448
sexual,2449
shake,2450
shakespeare,2451
shall,2452
shape,2453
share,2454
shared,2455
sharp,2456
shea,2457
sheep,2458
shelley,2459
sherlock,2460
shevardnadze,2461
shield,2462
ship,2463
ships,2464
shirley,2465
shoe,2466
shoes,2467
shoot,2468
shooting,2469
shores,2470
short,2471
shot,2472
shows,2473
shuttle,2474
sided,2475
sides,2476
sierra,2477
sigmund,2478
sign,2479
signature,2480
signed,2481
significant,2482
silent,2483
silly,2484
silver,2485
silversmiths,2486
simple,2487
simpson,2488
simpsons,2489
sinatra,2490
sing,2491
singer,2492
singing,2493
single,2494
singles,2495
sings,2496
sink,2497
sinn,2498
sioux,2499
sir,2500
sister,2501
sistine,2502
sitcom,2503
site,2504
sites,2505
size,2506
sizes,2507
skin,2508
skywalker,2509
sleep,2510
slinky,2511
slogan,2512
slow,2513
small,2514
smallest,2515
smith,2516
smokey,2517
snail,2518
snap,2519
snore,2520
snow,2521
soap,2522
soccer,2523
social,2524
society,2525
soda,2526
sodium,2527
soft,2528
softball,2529
software,2530
solar,2531
sold,2532
soldier,2533
soldiers,2534
solo,2535
son,2536
song,2537
songs,2538
sons,2539
sort,2540
sound,2541
soup,2542
source,2543
south,2544
southern,2545
soviet,2546
space,2547
spacecraft,2548
spaces,2549
spaghetti,2550
spain,2551
span,2552
spangled,2553
spanish,2554
spawned,2555
speak,2556
speaking,2557
special,2558
species,2559
specifically,2560
spectrum,2561
speed,2562
spelled,2563
spelling,2564
spend,2565
spent,2566
sperm,2567
spice,2568
spider,2569
spielberg,2570
spill,2571
spins,2572
split,2573
spoke,2574
spoken,2575
sport,2576
sports,2577
spread,2578
spumante,2579
spy,2580
square,2581
squares,2582
st,2583
stadium,2584
staff,2585
stage,2586
stains,2587
stalin,2588
stand,2589
standard,2590
stands,2591
stanford,2592
stanley,2593
star,2594
starred,2595
starring,2596
stars,2597
start,2598
started,2599
starting,2600
starts,2601
state,2602
statement,2603
states,2604
station,2605
stationed,2606
stations,2607
statistics,2608
statue,2609
statues,2610
steal,2611
steam,2612
steamboat,2613
steel,2614
stefan,2615
steinbeck,2616
stephen,2617
steps,2618
steve,2619
steven,2620
stevie,2621
stewart,2622
stick,2623
stock,2624
stocks,2625
stole,2626
stone,2627
stones,2628
stop,2629
stopped,2630
stops,2631
store,2632
storm,2633
story,2634
street,2635
stretch,2636
strikes,2637
strip,2638
stripes,2639
strips,2640
strong,2641
strontium,2642
struck,2643
structure,2644
stuart,2645
student,2646
students,2647
study,2648
style,2649
submarine,2650
substance,2651
subtitled,2652
subway,2653
success,2654
successful,2655
suffer,2656
suit,2657
suite,2658
sullivan,2659
summer,2660
sun,2661
super,2662
superman,2663
superstar,2664
support,2665
supposed,2666
supreme,2667
surface,2668
surname,2669
surrender,2670
surrendered,2671
surrounds,2672
suspension,2673
swap,2674
sweet,2675
swimmer,2676
swimming,2677
switzerland,2678
symbol,2679
syndrome,2680
synonymous,2681
syrup,2682
systems,2683
tab,2684
table,2685
taiwanese,2686
taj,2687
takes,2688
tale,2689
talk,2690
talking,2691
tall,2692
tallest,2693
tammy,2694
target,2695
taste,2696
tax,2697
taylor,2698
tea,2699
team,2700
teams,2701
teaspoon,2702
technique,2703
teddy,2704
teenager,2705
teeth,2706
teflon,2707
telephone,2708
television,2709
tell,2710
tells,2711
temperature,2712
temperatures,2713
temple,2714
tend,2715
tennessee,2716
tennis,2717
tenses,2718
term,2719
terms,2720
territory,2721
terrorist,2722
test,2723
testament,2724
texas,2725
thalassemia,2726
thank,2727
thatcher,2728
theme,2729
theory,2730
thing,2731
things,2732
think,2733
thomas,2734
thought,2735
thrilled,2736
throat,2737
thumb,2738
thunder,2739
ticket,2740
tie,2741
tiger,2742
time,2743
times,2744
tiny,2745
tip,2746
titanic,2747
title,2748
titled,2749
toast,2750
today,2751
toes,2752
toilet,2753
tokyo,2754
told,2755
tolkien,2756
toll,2757
tom,2758
tomato,2759
ton,2760
tongue,2761
tony,2762
took,2763
tools,2764
topped,2765
tornado,2766
total,2767
touch,2768
touching,2769
tour,2770
tourism,2771
tourist,2772
tourists,2773
tournament,2774
tower,2775
town,2776
toy,2777
toys,2778
tracy,2779
trade,2780
trademark,2781
traditional,2782
tragedy,2783
trail,2784
train,2785
training,2786
translated,2787
translations,2788
transplant,2789
travel,2790
traveled,2791
travels,2792
treasure,2793
treasury,2794
treat,2795
treatment,2796
tree,2797
trees,2798
trial,2799
trials,2800
triangle,2801
tried,2802
trilogy,2803
trinidad,2804
trip,2805
triple,2806
triplets,2807
tristar,2808
trivial,2809
troops,2810
trophy,2811
true,2812
truman,2813
try,2814
trying,2815
tube,2816
tuberculosis,2817
turkey,2818
turn,2819
turned,2820
tutu,2821
tv,2822
twice,2823
twin,2824
twins,2825
type,2826
types,2827
typewriter,2828
typical,2829
typing,2830
typist,2831
uk,2832
ulysses,2833
unaccounted,2834
underworld,2835
unemployment,2836
union,2837
unique,2838
united,2839
universe,2840
university,2841
unknown,2842
upper,2843
uprising,2844
uris,2845
url,2846
usa,2847
use,2848
used,2849
usenet,2850
uses,2851
using,2852
usually,2853
utah,2854
vaccine,2855
vacuum,2856
vader,2857
vagina,2858
valdez,2859
valentine,2860
valley,2861
valuable,2862
value,2863
van,2864
varian,2865
varieties,2866
variety,2867
various,2868
vatican,2869
vcr,2870
ve,2871
vegas,2872
vegetable,2873
vehicles,2874
veins,2875
ventura,2876
venus,2877
verdict,2878
vermouth,2879
verne,2880
verses,2881
vessels,2882
veterans,2883
vhf,2884
vhs,2885
vice,2886
victor,2887
victoria,2888
victorian,2889
video,2890
vienna,2891
vietnam,2892
vietnamese,2893
viii,2894
viking,2895
village,2896
villain,2897
vincent,2898
violins,2899
virgin,2900
virginia,2901
virtual,2902
viscosity,2903
visit,2904
voice,2905
volcano,2906
von,2907
vote,2908
votes,2909
voting,2910
vowel,2911
wage,2912
wake,2913
walk,2914
walker,2915
wall,2916
wallpaper,2917
walls,2918
walter,2919
want,2920
war,2921
warner,2922
wars,2923
wash,2924
washington,2925
watch,2926
water,2927
watergate,2928
wave,2929
way,2930
wayne,2931
ways,2932
weapon,2933
weapons,2934
wear,2935
wearing,2936
wears,2937
weather,2938
web,2939
website,2940
websites,2941
wedding,2942
week,2943
weeks,2944
weigh,2945
weight,2946
went,2947
werewolf,2948
west,2949
western,2950
wet,2951
whale,2952
wheel,2953
whip,2954
whisky,2955
whitcomb,2956
white,2957
wide,2958
widely,2959
wife,2960
wild,2961
william,2962
williams,2963
willie,2964
willy,2965
wilson,2966
wimbledon,2967
win,2968
wind,2969
windows,2970
windsor,2971
wine,2972
wines,2973
wings,2974
winners,2975
winnie,2976
winning,2977
winter,2978
wise,2979
witch,2980
wives,2981
wizard,2982
wolfe,2983
woman,2984
women,2985
won,2986
wonder,2987
wonderland,2988
wonders,2989
wood,2990
woodpecker,2991
woodrow,2992
woody,2993
word,2994
words,2995
work,2996
worked,2997
working,2998
world,2999
worlds,3000
worldwide,3001
worms,3002
worn,3003
worst,3004
worth,3005
wrath,3006
wrestler,3007
wright,3008
wrist,3009
write,3010
writer,3011
writing,3012
written,3013
wrote,3014
wwii,3015
www,3016
wyoming,3017
yahoo,3018
yalta,3019
yankee,3020
yankees,3021
yard,3022
yards,3023
year,3024
years,3025
yellow,3026
yellowstone,3027
yogi,3028
york,3029
young,3030
youngest,3031
youngsters,3032
younis,3033
zealand,3034
zeppelin,3035
zero,3036
zip,3037
zodiacal,3038
zones,3039
