aaron,0
abandoned,1
abbreviated,2
abbreviation,3
ability,4
aborigines,5
abraham,6
abstract,7
abuse,8
academy,9
access,10
according,11
account,12
acid,13
acronym,14
act,15
acted,16
action,17
active,18
actor,19
actors,20
actress,21
actually,22
ad,23
add,24
address,25
addresses,26
administration,27
admit,28
adopt,29
ads,30
adult,31
adventures,32
advertise,33
advertises,34
advertising,35
affect,36
affected,37
afghanistan,38
africa,39
african,40
afternoon,41
age,42
agency,43
agent,44
ages,45
ago,46
agree,47
aid,48
aids,49
air,50
airline,51
airplane,52
airport,53
airports,54
al,55
alan,56
alaska,57
albert,58
album,59
alcohol,60
alcoholic,61
aldrin,62
alexander,63
alexandra,64
algeria,65
ali,66
alice,67
allen,68
alley,69
allowed,70
alphabet,71
alphabetical,72
alphabetically,73
alternative,74
amateur,75
amazon,76
amendment,77
america,78
american,79
americans,80
americas,81
amherst,82
amphibians,83
analysis,84
ancient,85
andrew,86
andrews,87
andy,88
angel,89
angeles,90
angels,91
anglican,92
animal,93
animals,94
animated,95
anniversary,96
announced,97
annual,98
answers,99
anthem,100
anthony,101
aol,102
apart,103
apollo,104
appear,105
appearance,106
appearances,107
appeared,108
apple,109
apples,110
approximate,111
april,112
arcadia,113
arch,114
archie,115
architect,116
architecture,117
arctic,118
area,119
areas,120
argentina,121
argentine,122
aristotle,123
armed,124
armor,125
armstrong,126
army,127
arnold,128
arrow,129
art,130
arthur,131
articles,132
artificial,133
artist,134
artists,135
ash,136
asia,137
asian,138
ask,139
asked,140
aspartame,141
assassinate,142
assassinated,143
assassination,144
associated,145
associates,146
association,147
astaire,148
astronaut,149
astronauts,150
athletes,151
athletic,152
atlantic,153
atm,154
atom,155
attack,156
attempt,157
attempts,158
attend,159
attraction,160
attractions,161
august,162
australia,163
australian,164
austria,165
author,166
auto,167
autobiography,168
automobile,169
avenue,170
average,171
avery,172
award,173
awarded,174
away,175
babe,176
baby,177
bacall,178
bad,179
bakery,180
baking,181
balance,182
bald,183
ball,184
ballet,185
balls,186
baltic,187
banana,188
band,189
bank,190
banned,191
banner,192
bar,193
barbeque,194
barbie,195
barnum,196
barrymore,197
bars,198
baseball,199
based,200
basketball,201
bastille,202
bat,203
battery,204
battle,205
battles,206
bay,207
beach,208
beanie,209
beans,210
bear,211
bears,212
beat,213
beatles,214
beauty,215
beaver,216
bed,217
bee,218
beer,219
beers,220
bees,221
beethoven,222
began,223
begin,224
beginning,225
belgium,226
believe,227
bell,228
ben,229
benefits,230
benny,231
berlin,232
best,233
bestselling,234
bet,235
better,236
beverly,237
bible,238
biblical,239
bibliography,240
big,241
biggest,242
billy,243
biography,244
bird,245
birds,246
birth,247
birthday,248
birthplace,249
birthstone,250
black,251
blacks,252
blanc,253
blind,254
block,255
blood,256
blow,257
blue,258
blues,259
board,260
boasts,261
boat,262
bob,263
bobby,264
body,265
bog,266
bogart,267
bolivia,268
bomb,269
bombay,270
bombing,271
bond,272
bone,273
bones,274
bonnie,275
book,276
books,277
boosters,278
border,279
borders,280
born,281
boston,282
bottle,283
bottled,284
bottles,285
bought,286
bounty,287
bourbon,288
bowl,289
bowling,290
box,291
boxer,292
boxes,293
boxing,294
boy,295
boys,296
bra,297
brain,298
brand,299
brandenburg,300
brazil,301
brazilian,302
bread,303
breakfast,304
breed,305
breeds,306
bridge,307
brightest,308
britain,309
british,310
broadcast,311
broadcasting,312
broadway,313
broke,314
broken,315
bronze,316
brooks,317
brother,318
brothers,319
brought,320
brown,321
browns,322
brunei,323
brush,324
bud,325
buffalo,326
bug,327
build,328
building,329
built,330
bull,331
bulls,332
bunker,333
bureau,334
buried,335
burned,336
bush,337
busiest,338
business,339
businesses,340
bust,341
butler,342
butter,343
butterfield,344
buy,345
buys,346
cabinet,347
cable,348
cache,349
caesar,350
caffeinated,351
caffeine,352
cage,353
calcium,354
calculate,355
calculator,356
calendar,357
caliente,358
california,359
called,360
callosum,361
calories,362
came,363
camel,364
camera,365
camp,366
canada,367
canadian,368
canal,369
cancer,370
candle,371
candy,372
cane,373
canine,374
cans,375
canyon,376
cap,377
capita,378
capital,379
capp,380
captain,381
car,382
carbon,383
card,384
cardinal,385
cards,386
care,387
career,388
caribbean,389
carol,390
carolina,391
carries,392
carry,393
cars,394
carta,395
carter,396
cartoon,397
cartoons,398
casablanca,399
case,400
cases,401
casey,402
cash,403
castle,404
cat,405
catch,406
category,407
cathedral,408
cats,409
caught,410
caused,411
causes,412
cave,413
cc,414
cd,415
ce,416
celebrated,417
celebrities,418
celebrity,419
cells,420
cement,421
cent,422
center,423
centers,424
central,425
century,426
cereal,427
ceremony,428
certain,429
chain,430
chairman,431
chairs,432
champion,433
champions,434
championship,435
chance,436
chancellor,437
change,438
changed,439
channel,440
chapel,441
chapter,442
character,443
characters,444
charge,445
charles,446
charley,447
charlie,448
check,449
cheese,450
chemical,451
chemicals,452
chess,453
chicago,454
chicken,455
chief,456
child,457
children,458
chile,459
chilean,460
china,461
chinese,462
chocolate,463
chris,464
christ,465
christian,466
christmas,467
christopher,468
chromosome,469
chronic,470
chronicles,471
church,472
churchill,473
cigarette,474
circle,475
cities,476
citizen,477
city,478
civil,479
civilization,480
claim,481
claimed,482
claims,483
clara,484
clark,485
class,486
classic,487
classical,488
claus,489
clay,490
clean,491
clear,492
cleveland,493
climate,494
clinton,495
clip,496
clock,497
close,498
closed,499
closest,500
closing,501
clothes,502
clothing,503
clouds,504
clown,505
club,506
cnn,507
coach,508
coal,509
coastal,510
coastline,511
coca,512
cocaine,513
cocktail,514
coconut,515
code,516
codes,517
coffee,518
cola,519
cold,520
colin,521
collect,522
collection,523
college,524
colleges,525
cologne,526
colombia,527
colonies,528
colonists,529
colony,530
color,531
colorado,532
colorful,533
colors,534
colt,535
columbia,536
columbus,537
com,538
comaneci,539
combat,540
come,541
comedian,542
comedy,543
comes,544
comic,545
comics,546
coming,547
command,548
commandments,549
commerce,550
commercial,551
committee,552
common,553
commonly,554
commune,555
communist,556
community,557
companies,558
companion,559
company,560
compared,561
compatible,562
competition,563
complete,564
composer,565
computer,566
condiment,567
condition,568
condoms,569
coney,570
confederate,571
conference,572
congress,573
congressman,574
connected,575
connecticut,576
consciousness,577
considered,578
consist,579
constellation,580
constitution,581
constructed,582
contact,583
contain,584
contains,585
contemptible,586
contest,587
continent,588
continental,589
contract,590
control,591
controls,592
conversion,593
convicted,594
cookies,595
cooking,596
cooler,597
cooper,598
cop,599
copies,600
coral,601
cork,602
corn,603
corner,604
corporate,605
corpus,606
correct,607
correctly,608
cosmology,609
cost,610
costa,611
costner,612
costs,613
costume,614
cotrubas,615
cotton,616
council,617
count,618
counterpart,619
countries,620
country,621
county,622
coup,623
couple,624
course,625
court,626
cousins,627
cousteau,628
cover,629
covers,630
cow,631
cowboy,632
cpr,633
crabs,634
craft,635
cranberry,636
crash,637
cream,638
create,639
created,640
creator,641
creature,642
creatures,643
credit,644
cricket,645
crickets,646
criminal,647
crokinole,648
crop,649
cross,650
crown,651
crust,652
crystals,653
cuba,654
cuckoo,655
cucumber,656
cup,657
currency,658
current,659
cut,660
da,661
daily,662
dakota,663
dam,664
damage,665
daminozide,666
dana,667
danced,668
dancing,669
daniel,670
danube,671
darth,672
data,673
database,674
date,675
dates,676
daughter,677
daughters,678
david,679
davis,680
day,681
days,682
dc,683
dead,684
deadliest,685
deal,686
dealer,687
deals,688
dealt,689
death,690
debate,691
debut,692
decathlon,693
december,694
declare,695
declared,696
deep,697
deepest,698
deer,699
defeat,700
defects,701
defense,702
define,703
defined,704
definition,705
degas,706
degrees,707
delaware,708
democratic,709
dentist,710
denver,711
deodorant,712
department,713
depicted,714
depression,715
derby,716
desert,717
design,718
designed,719
designer,720
desire,721
desmond,722
details,723
detect,724
detective,725
determine,726
develop,727
developed,728
developing,729
development,730
device,731
devices,732
dew,733
dextropropoxyphen,734
diabetes,735
dialing,736
diameter,737
diamond,738
diamonds,739
diary,740
dick,741
dickens,742
dictator,743
did,744
die,745
died,746
diego,747
difference,748
differences,749
different,750
digits,751
dikembe,752
dime,753
diminutive,754
dinner,755
dinosaur,756
dioxide,757
direct,758
directed,759
direction,760
directly,761
director,762
disabilities,763
disc,764
discover,765
discovered,766
disease,767
diseases,768
disk,769
disorder,770
display,771
distance,772
distinction,773
district,774
division,775
divorce,776
dna,777
doctor,778
does,779
dog,780
dogs,781
dogtown,782
doing,783
doll,784
dollar,785
dollars,786
dolly,787
domesticated,788
dominoes,789
don,790
donald,791
donated,792
doodle,793
doody,794
door,795
dot,796
dots,797
double,798
dow,799
dr,800
dracula,801
draft,802
draw,803
dream,804
dreams,805
drew,806
drink,807
drinking,808
drinks,809
drive,810
drug,811
drugs,812
drunk,813
dry,814
dt,815
dubbed,816
duck,817
duel,818
duke,819
dumpty,820
dutch,821
dwarf,822
dwarfs,823
dwight,824
ear,825
early,826
earn,827
ears,828
earth,829
earthquake,830
earthquakes,831
easiest,832
east,833
easter,834
eat,835
economic,836
economy,837
edberg,838
edgar,839
edinburgh,840
edith,841
editor,842
edmund,843
education,844
educational,845
edward,846
effect,847
effects,848
efficient,849
egg,850
eggs,851
egypt,852
eighth,853
einstein,854
eisenhower,855
el,856
elected,857
election,858
elections,859
electoral,860
electric,861
electrical,862
element,863
elements,864
elephant,865
elevation,866
ella,867
elvis,868
em,869
email,870
embassy,871
emperor,872
empire,873
employ,874
employee,875
end,876
endangered,877
ended,878
ends,879
enemy,880
energy,881
engine,882
engineer,883
engineering,884
engines,885
england,886
english,887
englishman,888
enter,889
enterprise,890
entire,891
enzymes,892
epic,893
episode,894
equal,895
equation,896
equator,897
equipment,898
equity,899
equivalent,900
era,901
erected,902
ernest,903
ernie,904
erupt,905
eruption,906
eskimo,907
espionage,908
establish,909
established,910
estate,911
eternity,912
ethnic,913
europe,914
european,915
event,916
events,917
everest,918
evil,919
ewoks,920
exactly,921
example,922
exchange,923
executed,924
exercise,925
exist,926
existence,927
expectancy,928
expectant,929
expensive,930
experienced,931
experts,932
explorer,933
export,934
exports,935
expression,936
extensions,937
exxon,938
eye,939
eyes,940
ezra,941
face,942
faced,943
faces,944
failure,945
fair,946
fairy,947
falklands,948
falls,949
false,950
fame,951
famed,952
family,953
famous,954
fans,955
far,956
fare,957
farthest,958
fast,959
fastest,960
fat,961
fatal,962
fated,963
father,964
fathom,965
favorite,966
fawaz,967
fax,968
fbi,969
fdr,970
fear,971
feature,972
featured,973
features,974
february,975
federal,976
feeling,977
feet,978
fein,979
felt,980
female,981
ferry,982
festival,983
feudal,984
fever,985
fiction,986
fictional,987
fidelis,988
field,989
fields,990
fifth,991
fight,992
figure,993
file,994
files,995
film,996
films,997
fine,998
fined,999
finger,1000
fingers,1001
fired,1002
firm,1003
fish,1004
fit,1005
fitzgerald,1006
flag,1007
flags,1008
flavor,1009
flavors,1010
flew,1011
flies,1012
flight,1013
flintstones,1014
float,1015
floor,1016
floors,1017
florence,1018
florida,1019
flourish,1020
flower,1021
flowers,1022
flows,1023
fly,1024
flying,1025
folic,1026
follow,1027
followed,1028
following,1029
food,1030
foods,1031
foot,1032
football,1033
force,1034
forced,1035
forces,1036
ford,1037
foreclosure,1038
forest,1039
forests,1040
form,1041
format,1042
formed,1043
formula,1044
fort,1045
fortune,1046
fought,1047
founded,1048
founder,1049
fourth,1050
fox,1051
fraction,1052
france,1053
francis,1054
francisco,1055
frank,1056
frankenstein,1057
frankfurt,1058
franklin,1059
fraze,1060
fred,1061
free,1062
french,1063
frequency,1064
fresh,1065
freud,1066
friend,1067
frog,1068
frogs,1069
frontier,1070
frozen,1071
fruit,1072
fuel,1073
function,1074
fungal,1075
fur,1076
fusion,1077
future,1078
gain,1079
gained,1080
galaxy,1081
gallon,1082
gallons,1083
gamble,1084
game,1085
games,1086
gandhi,1087
gang,1088
garden,1089
garland,1090
garry,1091
gas,1092
gate,1093
gates,1094
gateway,1095
gatsby,1096
gave,1097
gay,1098
geese,1099
gehrig,1100
gender,1101
gene,1102
general,1103
generals,1104
genesis,1105
genetics,1106
geographic,1107
george,1108
georgia,1109
gerald,1110
german,1111
germany,1112
gestation,1113
getting,1114
gettysburg,1115
ghost,1116
giraffe,1117
girl,1118
girls,1119
given,1120
gives,1121
giving,1122
glass,1123
glitters,1124
global,1125
globe,1126
glory,1127
glove,1128
goat,1129
god,1130
goddess,1131
godfather,1132
gods,1133
goes,1134
gogh,1135
going,1136
gold,1137
golden,1138
golf,1139
golfer,1140
gone,1141
good,1142
goodall,1143
gorbachev,1144
gordon,1145
got,1146
gould,1147
government,1148
governor,1149
gparsedonedigit,1150
graced,1151
graces,1152
graders,1153
graduate,1154
grand,1155
grant,1156
gravity,1157
gray,1158
great,1159
greatest,1160
greece,1161
greek,1162
green,1163
greeting,1164
grooves,1165
gross,1166
ground,1167
group,1168
groups,1169
grow,1170
growing,1171
growth,1172
guild,1173
guinea,1174
guitar,1175
gulf,1176
guy,1177
gymnastics,1178
habeas,1179
hair,1180
half,1181
hall,1182
ham,1183
hamblen,1184
hamburger,1185
hamlet,1186
hampshire,1187
hand,1188
handed,1189
handful,1190
handle,1191
hands,1192
hank,1193
happen,1194
happened,1195
happens,1196
hara,1197
harbor,1198
harper,1199
harrison,1200
harry,1201
harvey,1202
hass,1203
hastings,1204
hat,1205
hate,1206
having,1207
havoc,1208
hawaii,1209
hawaiian,1210
hawks,1211
hazmat,1212
head,1213
headed,1214
headquartered,1215
headquarters,1216
healthy,1217
hear,1218
hearing,1219
hearst,1220
heart,1221
hearts,1222
heat,1223
heaven,1224
heavier,1225
heaviest,1226
heavily,1227
heavyweight,1228
held,1229
helen,1230
helens,1231
helium,1232
hell,1233
help,1234
helps,1235
hemingway,1236
hemisphere,1237
henry,1238
hermann,1239
hermit,1240
hero,1241
heroine,1242
high,1243
highest,1244
highway,1245
hijacked,1246
hike,1247
hillary,1248
hillbillies,1249
hills,1250
historical,1251
history,1252
hit,1253
hitler,1254
hitting,1255
hiv,1256
hockey,1257
hoffman,1258
hold,1259
holds,1260
hole,1261
holland,1262
hollywood,1263
holmes,1264
home,1265
homelite,1266
homer,1267
honecker,1268
honey,1269
honor,1270
honorary,1271
hook,1272
hooligans,1273
hoover,1274
hope,1275
horoscope,1276
horrors,1277
horse,1278
horsepower,1279
horses,1280
host,1281
hot,1282
hotel,1283
hour,1284
hours,1285
house,1286
household,1287
houses,1288
housewife,1289
howard,1290
howdy,1291
hub,1292
huckleberry,1293
hudson,1294
hughes,1295
hugo,1296
hulk,1297
human,1298
humans,1299
humphrey,1300
humpty,1301
hungarian,1302
hunter,1303
hunting,1304
hurricane,1305
husband,1306
hussein,1307
huston,1308
hydrogen,1309
hymn,1310
hypertension,1311
ibm,1312
ice,1313
iceland,1314
idea,1315
idealab,1316
identity,1317
ii,1318
iii,1319
ileana,1320
ill,1321
illinois,1322
image,1323
imaginary,1324
important,1325
importer,1326
importers,1327
imposed,1328
impress,1329
inaugurated,1330
inauguration,1331
inch,1332
inches,1333
incident,1334
include,1335
included,1336
includes,1337
including,1338
income,1339
increase,1340
incredible,1341
independence,1342
independent,1343
india,1344
indian,1345
indians,1346
indies,1347
individuals,1348
indonesia,1349
industrial,1350
infamous,1351
infection,1352
infectious,1353
info,1354
information,1355
ingredient,1356
innings,1357
inside,1358
inspired,1359
instead,1360
institute,1361
instrument,1362
insurance,1363
intelligence,1364
intercourse,1365
interesting,1366
international,1367
internet,1368
interview,1369
introduce,1370
introduced,1371
invade,1372
invasion,1373
invent,1374
invented,1375
inventor,1376
inventors,1377
investigation,1378
involved,1379
ioc,1380
ip,1381
iq,1382
ireland,1383
irish,1384
iron,1385
islamic,1386
island,1387
islands,1388
israel,1389
issue,1390
issued,1391
italian,1392
italians,1393
italy,1394
ivy,1395
jack,1396
jackie,1397
jackson,1398
jacques,1399
jail,1400
jake,1401
james,1402
jamiroquai,1403
jane,1404
january,1405
japan,1406
japanese,1407
jaws,1408
jazz,1409
jean,1410
jeep,1411
jefferson,1412
jerry,1413
jersey,1414
jesse,1415
jesus,1416
jewish,1417
jews,1418
jimmy,1419
joan,1420
job,1421
jockey,1422
joe,1423
jogging,1424
jogis,1425
john,1426
johnny,1427
johnson,1428
join,1429
joined,1430
joint,1431
jonathan,1432
jones,1433
joplin,1434
jordan,1435
joseph,1436
journal,1437
journalist,1438
journey,1439
jr,1440
jude,1441
judson,1442
judy,1443
juice,1444
jules,1445
july,1446
jump,1447
june,1448
jungle,1449
just,1450
justice,1451
kalahari,1452
kangaroo,1453
kansas,1454
kappa,1455
kasparov,1456
keeps,1457
kennedy,1458
kentucky,1459
kept,1460
kevin,1461
keyboard,1462
khrushchev,1463
kid,1464
kidnaped,1465
kids,1466
killed,1467
killer,1468
killing,1469
kills,1470
kind,1471
kinds,1472
king,1473
kings,1474
kiss,1475
kitchen,1476
knight,1477
know,1478
known,1479
knox,1480
korea,1481
korean,1482
kosovo,1483
kuwait,1484
la,1485
label,1486
labor,1487
lack,1488
lady,1489
lagoon,1490
lake,1491
lakes,1492
land,1493
landed,1494
landing,1495
landmark,1496
language,1497
languages,1498
large,1499
larger,1500
largest,1501
larry,1502
las,1503
laser,1504
late,1505
latin,1506
latitude,1507
laugh,1508
launched,1509
lauren,1510
law,1511
lawrence,1512
lawyer,1513
lawyers,1514
layers,1515
lead,1516
leader,1517
leaders,1518
leading,1519
leads,1520
league,1521
learn,1522
learning,1523
leave,1524
leaving,1525
lebanon,1526
led,1527
lee,1528
left,1529
legal,1530
legally,1531
legend,1532
legendary,1533
legged,1534
lemmon,1535
length,1536
lens,1537
leon,1538
leper,1539
let,1540
letter,1541
letters,1542
leukemia,1543
level,1544
lewis,1545
liberty,1546
library,1547
lice,1548
lies,1549
life,1550
light,1551
lightning,1552
lights,1553
like,1554
likely,1555
likes,1556
limit,1557
limits,1558
lincoln,1559
lindbergh,1560
line,1561
linked,1562
lion,1563
lips,1564
lisa,1565
list,1566
lite,1567
literal,1568
literary,1569
literature,1570
litmus,1571
little,1572
live,1573
lived,1574
liver,1575
liverpool,1576
lives,1577
living,1578
livingstone,1579
ll,1580
lloyd,1581
located,1582
location,1583
log,1584
logan,1585
london,1586
long,1587
longest,1588
longitude,1589
look,1590
lord,1591
los,1592
lose,1593
loss,1594
lost,1595
lou,1596
louis,1597
louisiana,1598
love,1599
loved,1600
lovers,1601
low,1602
lowest,1603
lsd,1604
lucas,1605
luck,1606
lucy,1607
lunch,1608
lung,1609
luther,1610
luxury,1611
lyndon,1612
lyrics,1613
machine,1614
machines,1615
maclaine,1616
mad,1617
madonna,1618
mae,1619
magazine,1620
magic,1621
magna,1622
magnetic,1623
maid,1624
mail,1625
main,1626
maine,1627
major,1628
make,1629
maker,1630
makes,1631
making,1632
malaysia,1633
male,1634
mall,1635
mammal,1636
man,1637
manager,1638
maneuver,1639
manned,1640
manufacture,1641
manufactured,1642
manufacturer,1643
manufactures,1644
mao,1645
map,1646
march,1647
marciano,1648
marco,1649
marcos,1650
margaret,1651
maria,1652
marijuana,1653
marine,1654
mark,1655
market,1656
markets,1657
marks,1658
marley,1659
marlowe,1660
marriage,1661
married,1662
marrow,1663
marry,1664
mars,1665
marshall,1666
martha,1667
martin,1668
martinis,1669
marvel,1670
marx,1671
mary,1672
maryland,1673
mascot,1674
massachusetts,1675
massacre,1676
master,1677
match,1678
material,1679
math,1680
matter,1681
maurice,1682
maurizio,1683
maximum,1684
mayor,1685
mccarren,1686
mckinley,1687
mcparsedonedigit,1688
mean,1689
meaning,1690
means,1691
meant,1692
measure,1693
measured,1694
measures,1695
meat,1696
medal,1697
medical,1698
medicine,1699
medieval,1700
mediterranean,1701
medium,1702
meeting,1703
mel,1704
melissa,1705
member,1706
members,1707
memphis,1708
men,1709
menace,1710
mentioned,1711
mentor,1712
mercury,1713
message,1714
met,1715
meter,1716
meters,1717
method,1718
mexican,1719
mexico,1720
miami,1721
michael,1722
michelangelo,1723
michener,1724
michigan,1725
microsoft,1726
middle,1727
mikhail,1728
mile,1729
miles,1730
military,1731
milk,1732
milky,1733
miller,1734
millimeter,1735
million,1736
millions,1737
mills,1738
milton,1739
mineral,1740
minimum,1741
minister,1742
minnesota,1743
minute,1744
minutes,1745
mirror,1746
miss,1747
mission,1748
mississippi,1749
missouri,1750
mix,1751
mo,1752
moby,1753
model,1754
modem,1755
modern,1756
mold,1757
molecules,1758
mona,1759
monaco,1760
monarch,1761
monet,1762
money,1763
monitor,1764
monkey,1765
monopoly,1766
monster,1767
mont,1768
month,1769
months,1770
moon,1771
moore,1772
mormons,1773
morning,1774
moscow,1775
mosquito,1776
mother,1777
motion,1778
motors,1779
motto,1780
mount,1781
mountain,1782
mountains,1783
mouse,1784
mouth,1785
movement,1786
movie,1787
movies,1788
moving,1789
mozambique,1790
mr,1791
mrs,1792
ms,1793
muffins,1794
muhammad,1795
mules,1796
munich,1797
muppets,1798
murder,1799
murdered,1800
muscles,1801
museum,1802
music,1803
musical,1804
mutombo,1805
mystery,1806
nadia,1807
namath,1808
named,1809
names,1810
naples,1811
napoleon,1812
napsylate,1813
nasa,1814
nation,1815
national,1816
nationality,1817
nations,1818
native,1819
natural,1820
nature,1821
nautical,1822
naval,1823
navy,1824
nazi,1825
nazis,1826
nba,1827
neal,1828
near,1829
nebraska,1830
need,1831
neil,1832
nelson,1833
neon,1834
nero,1835
nests,1836
net,1837
netherlands,1838
network,1839
nevada,1840
new,1841
news,1842
newspaper,1843
nfl,1844
nhl,1845
nicholas,1846
nickname,1847
nicknamed,1848
night,1849
nile,1850
nino,1851
nintendo,1852
nixon,1853
nj,1854
nn,1855
nnp,1856
nobel,1857
noble,1858
nominated,1859
non,1860
normal,1861
north,1862
northeast,1863
northernmost,1864
norway,1865
nose,1866
nostradamus,1867
notes,1868
novel,1869
novelist,1870
november,1871
nuclear,1872
number,1873
numbers,1874
numeral,1875
numerals,1876
nun,1877
nursery,1878
nuts,1879
oat,1880
object,1881
objects,1882
occupation,1883
occupy,1884
occur,1885
ocean,1886
oceans,1887
octopus,1888
odds,1889
odors,1890
offer,1891
office,1892
officer,1893
offices,1894
official,1895
ohio,1896
oil,1897
oklahoma,1898
old,1899
oldest,1900
olympic,1901
olympics,1902
online,1903
opened,1904
opening,1905
opens,1906
opera,1907
operating,1908
operation,1909
opposite,1910
orange,1911
orca,1912
order,1913
organ,1914
organism,1915
organization,1916
oriented,1917
origin,1918
original,1919
originally,1920
originate,1921
originated,1922
orinoco,1923
orleans,1924
oscar,1925
oscars,1926
osteoporosis,1927
oswald,1928
ouija,1929
outcome,1930
outer,1931
outside,1932
oven,1933
owned,1934
owner,1935
owns,1936
oxygen,1937
oz,1938
ozone,1939
pacific,1940
page,1941
pages,1942
paid,1943
paint,1944
painted,1945
painter,1946
painting,1947
palace,1948
palmer,1949
pan,1950
panama,1951
panel,1952
panic,1953
paper,1954
par,1955
paris,1956
park,1957
parker,1958
parking,1959
parks,1960
parseddigits,1961
parsedfivedigits,1962
parsedfourdigits,1963
parsedfourdigitss,1964
parsedonedigit,1965
parsedonedigitth,1966
parsedthreedigits,1967
parsedtwodigits,1968
parsedtwodigitsrd,1969
parsedtwodigitsth,1970
partner,1971
parton,1972
party,1973
paso,1974
pass,1975
past,1976
patent,1977
patented,1978
patricia,1979
paul,1980
pay,1981
pea,1982
peace,1983
peachy,1984
peak,1985
peanut,1986
pearl,1987
pellegrin,1988
pencil,1989
pendulum,1990
peninsula,1991
penis,1992
penn,1993
penned,1994
pennsylvania,1995
penny,1996
people,1997
pepper,1998
percent,1999
percentage,2000
perfect,2001
perform,2002
period,2003
perpetual,2004
person,2005
pet,2006
peter,2007
pets,2008
ph,2009
phenomenon,2010
philippines,2011
phoenix,2012
phone,2013
photographer,2014
phrase,2015
physical,2016
piano,2017
picture,2018
pictures,2019
piece,2020
pig,2021
piggy,2022
pigs,2023
pilot,2024
pilots,2025
pineapple,2026
pines,2027
pink,2028
pins,2029
piracy,2030
pistol,2031
pit,2032
pitcher,2033
pitchers,2034
pittsburgh,2035
pizza,2036
place,2037
placed,2038
plain,2039
plan,2040
plane,2041
planet,2042
plant,2043
planted,2044
plants,2045
plastic,2046
play,2047
playboy,2048
played,2049
player,2050
players,2051
playing,2052
plays,2053
plot,2054
pneumonia,2055
poe,2056
poem,2057
poet,2058
poetry,2059
point,2060
points,2061
poison,2062
poisoning,2063
poker,2064
pole,2065
police,2066
policy,2067
polio,2068
polish,2069
political,2070
poll,2071
pollock,2072
pollution,2073
polo,2074
pooh,2075
poor,2076
pop,2077
pope,2078
popeye,2079
popular,2080
populated,2081
population,2082
portrayed,2083
position,2084
possession,2085
possible,2086
post,2087
postage,2088
postal,2089
potlatch,2090
pound,2091
pounds,2092
pow,2093
powell,2094
power,2095
powerful,2096
pox,2097
practice,2098
prayer,2099
pregnancy,2100
pregnant,2101
premiered,2102
present,2103
presidency,2104
president,2105
presidential,2106
presidents,2107
presley,2108
press,2109
pressure,2110
prevent,2111
prewitt,2112
price,2113
pride,2114
primary,2115
prime,2116
prince,2117
principle,2118
principles,2119
print,2120
printing,2121
prism,2122
prison,2123
private,2124
prize,2125
pro,2126
probability,2127
problems,2128
process,2129
processor,2130
procter,2131
produce,2132
produced,2133
producer,2134
produces,2135
producing,2136
product,2137
production,2138
products,2139
profession,2140
professional,2141
professor,2142
program,2143
project,2144
promote,2145
prompted,2146
pronounce,2147
proper,2148
properties,2149
prophet,2150
proposition,2151
proud,2152
province,2153
pseudonym,2154
public,2155
publish,2156
published,2157
pulitzer,2158
pull,2159
punch,2160
purchase,2161
purchased,2162
purified,2163
purpose,2164
purposes,2165
pursuit,2166
putting,2167
putty,2168
pyramid,2169
qigong,2170
quadruplets,2171
quarts,2172
queen,2173
question,2174
questions,2175
rabbit,2176
race,2177
races,2178
radio,2179
raid,2180
railroad,2181
railway,2182
rain,2183
rainbow,2184
raise,2185
ram,2186
ranch,2187
randolph,2188
randy,2189
range,2190
ranger,2191
rascals,2192
rate,2193
ratified,2194
rating,2195
ratio,2196
ray,2197
reach,2198
reactivity,2199
read,2200
reading,2201
ready,2202
reagan,2203
real,2204
reason,2205
receive,2206
received,2207
recently,2208
recipe,2209
recognize,2210
recommended,2211
record,2212
recorded,2213
records,2214
red,2215
reference,2216
regarding,2217
region,2218
register,2219
regular,2220
reign,2221
reims,2222
related,2223
relations,2224
relative,2225
release,2226
released,2227
religion,2228
religions,2229
remain,2230
remove,2231
removed,2232
rent,2233
report,2234
represent,2235
representative,2236
representatives,2237
represented,2238
republic,2239
requirement,2240
requirements,2241
research,2242
resistance,2243
resource,2244
responsible,2245
rest,2246
restaurant,2247
restored,2248
results,2249
return,2250
review,2251
revolt,2252
revolution,2253
revolutionaries,2254
revolutions,2255
rex,2256
rhett,2257
rhodes,2258
rica,2259
rice,2260
rich,2261
richard,2262
richest,2263
rick,2264
ride,2265
rider,2266
right,2267
rights,2268
ring,2269
rings,2270
rise,2271
rites,2272
river,2273
rivers,2274
road,2275
robert,2276
robin,2277
rock,2278
rockefeller,2279
rocks,2280
rocky,2281
rode,2282
roe,2283
roger,2284
rogers,2285
role,2286
roll,2287
roller,2288
rolling,2289
roman,2290
romans,2291
romantic,2292
rome,2293
ronald,2294
rooftops,2295
room,2296
roosevelt,2297
root,2298
rosa,2299
rose,2300
ross,2301
rotary,2302
round,2303
rows,2304
roy,2305
royal,2306
rubber,2307
ruin,2308
rule,2309
ruled,2310
rules,2311
rum,2312
run,2313
running,2314
runs,2315
russia,2316
russian,2317
russians,2318
rust,2319
ruth,2320
saddam,2321
safe,2322
said,2323
sailor,2324
sailors,2325
saint,2326
salary,2327
sale,2328
sales,2329
salesman,2330
salonen,2331
salt,2332
saltpeter,2333
sam,2334
samuel,2335
san,2336
sand,2337
sank,2338
santa,2339
sarge,2340
satellite,2341
sauce,2342
save,2343
saw,2344
say,2345
saying,2346
says,2347
scale,2348
scandinavian,2349
scarlett,2350
scholar,2351
school,2352
schools,2353
science,2354
scientific,2355
scientists,2356
scopes,2357
score,2358
scotch,2359
scotland,2360
scottish,2361
scoundrel,2362
scouts,2363
scrabble,2364
screen,2365
screenplay,2366
scrooge,2367
scruples,2368
sculpture,2369
sea,2370
seaport,2371
search,2372
seas,2373
season,2374
seasons,2375
seat,2376
seattle,2377
second,2378
secret,2379
secretary,2380
section,2381
security,2382
seeing,2383
seen,2384
sees,2385
seized,2386
seizure,2387
select,2388
self,2389
sell,2390
seller,2391
selling,2392
sells,2393
semper,2394
senate,2395
senator,2396
send,2397
sensitive,2398
sent,2399
sentence,2400
separated,2401
separates,2402
september,2403
sequel,2404
sergeant,2405
series,2406
serve,2407
served,2408
service,2409
set,2410
setting,2411
seven,2412
seventh,2413
sex,2414
sexual,2415
shake,2416
shakespeare,2417
shall,2418
shampoo,2419
shape,2420
share,2421
shea,2422
sheep,2423
shelley,2424
sherlock,2425
shevardnadze,2426
shield,2427
ship,2428
ships,2429
shirley,2430
shoe,2431
shoes,2432
shoot,2433
shooting,2434
short,2435
shot,2436
shouldn,2437
shouts,2438
shows,2439
shuttle,2440
sicily,2441
sides,2442
sierra,2443
sigmund,2444
sign,2445
signature,2446
signed,2447
significant,2448
silent,2449
silly,2450
silver,2451
silversmiths,2452
simon,2453
simple,2454
simpsons,2455
sing,2456
singer,2457
singing,2458
single,2459
singles,2460
sings,2461
singular,2462
sink,2463
sinn,2464
sioux,2465
sir,2466
sister,2467
sisters,2468
sistine,2469
site,2470
sites,2471
size,2472
sizes,2473
skin,2474
slam,2475
slave,2476
sled,2477
sleep,2478
slinky,2479
small,2480
smallest,2481
snail,2482
snow,2483
soap,2484
soccer,2485
social,2486
society,2487
soda,2488
sodium,2489
soft,2490
softball,2491
software,2492
solar,2493
sold,2494
soldier,2495
soldiers,2496
solo,2497
son,2498
song,2499
songs,2500
sons,2501
sort,2502
sound,2503
soup,2504
source,2505
south,2506
southern,2507
soviet,2508
space,2509
spacecraft,2510
spaces,2511
spacewalk,2512
spaghetti,2513
spain,2514
span,2515
spangled,2516
spanish,2517
spawned,2518
speak,2519
speaking,2520
spears,2521
special,2522
species,2523
specifically,2524
spectrum,2525
speed,2526
spelled,2527
spelling,2528
spend,2529
spent,2530
sperm,2531
spice,2532
spider,2533
spielberg,2534
spill,2535
split,2536
spoke,2537
spoken,2538
sport,2539
sports,2540
spread,2541
spumante,2542
spy,2543
square,2544
squares,2545
st,2546
stadium,2547
staff,2548
stage,2549
stains,2550
stalin,2551
stamp,2552
stand,2553
standard,2554
stands,2555
stanford,2556
stanley,2557
star,2558
starred,2559
starring,2560
stars,2561
start,2562
started,2563
starting,2564
starts,2565
state,2566
statement,2567
states,2568
station,2569
stationed,2570
stations,2571
statistics,2572
statue,2573
statues,2574
steal,2575
steamboat,2576
steel,2577
stefan,2578
steinbeck,2579
stephen,2580
steps,2581
stereo,2582
steven,2583
stevie,2584
stewart,2585
stick,2586
stock,2587
stocks,2588
stole,2589
stone,2590
stones,2591
stop,2592
stopped,2593
stops,2594
store,2595
storm,2596
story,2597
strait,2598
streak,2599
street,2600
stretch,2601
strikes,2602
strip,2603
stripes,2604
strips,2605
strong,2606
strontium,2607
struck,2608
structure,2609
stuart,2610
student,2611
students,2612
studios,2613
study,2614
style,2615
submarine,2616
substance,2617
subtitled,2618
subway,2619
success,2620
successful,2621
suffer,2622
sugar,2623
suit,2624
suite,2625
sullivan,2626
summer,2627
sun,2628
super,2629
superman,2630
supposed,2631
supreme,2632
surface,2633
surfing,2634
surname,2635
surrounds,2636
swap,2637
sweet,2638
swimming,2639
switzerland,2640
sydney,2641
symbol,2642
syndrome,2643
synonymous,2644
syrup,2645
systems,2646
tab,2647
table,2648
tail,2649
taiwanese,2650
taj,2651
takes,2652
tale,2653
talking,2654
tall,2655
tallest,2656
tammy,2657
target,2658
taste,2659
tax,2660
taylor,2661
tea,2662
team,2663
teams,2664
teaspoon,2665
technical,2666
technique,2667
teddy,2668
teenager,2669
teeth,2670
telephone,2671
television,2672
tell,2673
tells,2674
temperature,2675
temperatures,2676
temple,2677
tennessee,2678
tennis,2679
tenses,2680
term,2681
terms,2682
territories,2683
territory,2684
terrorist,2685
test,2686
testament,2687
texas,2688
thalassemia,2689
thank,2690
thanksgiving,2691
thatcher,2692
theme,2693
theory,2694
thing,2695
think,2696
thomas,2697
thought,2698
thrilled,2699
throat,2700
thumb,2701
thunder,2702
ticket,2703
tie,2704
tiger,2705
time,2706
times,2707
tiny,2708
tip,2709
titanic,2710
title,2711
titled,2712
toast,2713
today,2714
toes,2715
toilet,2716
tokyo,2717
told,2718
tolkien,2719
toll,2720
tom,2721
ton,2722
tongue,2723
tony,2724
took,2725
tools,2726
topped,2727
touch,2728
touching,2729
tour,2730
tourism,2731
tourist,2732
tournament,2733
tower,2734
town,2735
toy,2736
toys,2737
tracy,2738
trade,2739
trademark,2740
traditional,2741
tragedy,2742
trail,2743
train,2744
training,2745
translated,2746
translations,2747
transplant,2748
travel,2749
traveled,2750
travels,2751
treasure,2752
treasury,2753
treat,2754
treatment,2755
tree,2756
trees,2757
trek,2758
trial,2759
trials,2760
triangle,2761
tribe,2762
tried,2763
trinidad,2764
trip,2765
triple,2766
triplets,2767
tristar,2768
trivial,2769
troops,2770
trophy,2771
true,2772
truman,2773
try,2774
trying,2775
tube,2776
tuberculosis,2777
tune,2778
tunnel,2779
turkey,2780
turn,2781
turned,2782
tutu,2783
tv,2784
twice,2785
twin,2786
twins,2787
type,2788
types,2789
typewriter,2790
typical,2791
typing,2792
typist,2793
uk,2794
ulysses,2795
unaccounted,2796
underwater,2797
underworld,2798
unemployment,2799
uniform,2800
uniforms,2801
union,2802
united,2803
universe,2804
university,2805
upper,2806
uris,2807
url,2808
usa,2809
use,2810
used,2811
usenet,2812
uses,2813
using,2814
usually,2815
utah,2816
vaccine,2817
vacuum,2818
vader,2819
valdez,2820
valentine,2821
valley,2822
valuable,2823
value,2824
van,2825
varian,2826
varieties,2827
variety,2828
various,2829
vatican,2830
vbp,2831
vcr,2832
vegas,2833
vegetable,2834
ventura,2835
venus,2836
verdict,2837
verne,2838
verses,2839
veterans,2840
vhf,2841
vhs,2842
vice,2843
victor,2844
victoria,2845
victorian,2846
victory,2847
video,2848
vienna,2849
vietnam,2850
vietnamese,2851
viii,2852
viking,2853
village,2854
villain,2855
vincent,2856
violins,2857
virgin,2858
virginia,2859
virtual,2860
viscosity,2861
visit,2862
visitors,2863
voice,2864
volcano,2865
volcanoes,2866
von,2867
vote,2868
votes,2869
vowel,2870
vs,2871
wage,2872
wake,2873
walk,2874
walker,2875
wall,2876
wallpaper,2877
walls,2878
walter,2879
want,2880
war,2881
wars,2882
wash,2883
washington,2884
watch,2885
water,2886
watergate,2887
wave,2888
way,2889
wayne,2890
ways,2891
weapon,2892
wear,2893
wearing,2894
wears,2895
weather,2896
web,2897
website,2898
websites,2899
wedding,2900
week,2901
weeks,2902
weigh,2903
weight,2904
went,2905
werewolf,2906
west,2907
western,2908
wet,2909
whale,2910
wheel,2911
whip,2912
whisky,2913
whitcomb,2914
white,2915
wide,2916
widely,2917
wife,2918
wild,2919
william,2920
williams,2921
willie,2922
willy,2923
wilson,2924
wimbledon,2925
win,2926
wind,2927
windows,2928
windsor,2929
wine,2930
wines,2931
wings,2932
winner,2933
winners,2934
winnie,2935
winning,2936
winter,2937
witch,2938
wives,2939
wizard,2940
wolfe,2941
woman,2942
women,2943
won,2944
wonder,2945
wonderland,2946
wonders,2947
wood,2948
woodpecker,2949
woodrow,2950
woody,2951
word,2952
words,2953
work,2954
worked,2955
working,2956
world,2957
worlds,2958
worldwide,2959
worms,2960
worn,2961
worst,2962
worth,2963
wrestler,2964
wright,2965
wrist,2966
write,2967
writer,2968
writing,2969
written,2970
wrote,2971
wwii,2972
www,2973
yahoo,2974
yalta,2975
yankee,2976
yankees,2977
yard,2978
year,2979
years,2980
yellow,2981
yellowstone,2982
yogi,2983
york,2984
young,2985
youngest,2986
youngsters,2987
younis,2988
yukon,2989
zealand,2990
zeppelin,2991
zero,2992
zimbabwe,2993
zip,2994
zodiacal,2995
zones,2996
