aaron,0
abandoned,1
abbreviated,2
abbreviation,3
ability,4
abner,5
aborigines,6
abraham,7
abuse,8
academy,9
access,10
according,11
account,12
acid,13
acne,14
acronym,15
act,16
acted,17
action,18
active,19
actor,20
actors,21
actress,22
actually,23
ad,24
add,25
address,26
addresses,27
administration,28
admit,29
adopt,30
adopted,31
ads,32
adult,33
adventures,34
advertise,35
advertises,36
advertising,37
affect,38
affected,39
africa,40
african,41
age,42
agency,43
agent,44
ages,45
ago,46
aids,47
air,48
airline,49
airplane,50
airport,51
airports,52
al,53
alan,54
alaska,55
albert,56
album,57
alcohol,58
alcoholic,59
alexander,60
alexandra,61
algeria,62
ali,63
alice,64
allen,65
alley,66
allowed,67
alphabet,68
alphabetical,69
alphabetically,70
alternative,71
amateur,72
amazing,73
amazon,74
ambassador,75
amendment,76
america,77
american,78
americans,79
americas,80
amherst,81
amphibians,82
amtrak,83
analysis,84
ancient,85
andrew,86
andy,87
angel,88
angeles,89
angels,90
anglican,91
animal,92
animals,93
animated,94
anniversary,95
announced,96
annual,97
answers,98
anthony,99
anti,100
aol,101
apartment,102
appear,103
appearance,104
appearances,105
appeared,106
appears,107
apple,108
apples,109
appointed,110
approximate,111
approximately,112
april,113
arch,114
archie,115
architect,116
architecture,117
arctic,118
area,119
areas,120
argentina,121
argentine,122
aristotle,123
armed,124
armor,125
armstrong,126
army,127
arnold,128
arrow,129
art,130
arthur,131
artificial,132
artist,133
artists,134
ash,135
asia,136
asian,137
ask,138
asked,139
aspartame,140
assassinate,141
assassinated,142
assassination,143
associated,144
associates,145
association,146
astaire,147
astronaut,148
astronauts,149
athlete,150
athletic,151
atlantic,152
atom,153
attack,154
attacks,155
attempt,156
attempts,157
attend,158
attractions,159
august,160
australia,161
australian,162
austria,163
author,164
auto,165
autobiography,166
automobile,167
available,168
average,169
avery,170
award,171
awarded,172
awards,173
away,174
babe,175
baby,176
bacall,177
background,178
bad,179
bakery,180
baking,181
balance,182
ball,183
ballet,184
balls,185
baltic,186
banana,187
band,188
bank,189
banned,190
bar,191
barbados,192
barbie,193
barnum,194
barrymore,195
bars,196
baseball,197
based,198
basketball,199
bastille,200
bat,201
battery,202
battle,203
battles,204
bay,205
beach,206
beak,207
beanie,208
beans,209
bear,210
bears,211
beat,212
beatles,213
beauty,214
beaver,215
bed,216
bee,217
beer,218
beers,219
bees,220
beethoven,221
beetle,222
began,223
begin,224
beginning,225
begins,226
belgium,227
believe,228
bell,229
ben,230
benny,231
berlin,232
best,233
bestselling,234
bette,235
better,236
betting,237
bible,238
biblical,239
bibliography,240
big,241
biggest,242
billy,243
biography,244
bird,245
birds,246
birth,247
birthday,248
birthplace,249
birthstone,250
black,251
blanc,252
bligh,253
blind,254
block,255
blood,256
bloom,257
blow,258
blue,259
blues,260
board,261
boasts,262
boat,263
bob,264
body,265
bogart,266
bolivia,267
bomb,268
bombay,269
bombing,270
bond,271
bone,272
bones,273
bonnie,274
book,275
books,276
boosters,277
border,278
borders,279
born,280
borrow,281
boston,282
bottle,283
bottles,284
bought,285
bounty,286
bourbon,287
bowl,288
bowling,289
box,290
boxer,291
boxes,292
boxing,293
boy,294
boys,295
bra,296
bradbury,297
brain,298
brand,299
brandenburg,300
brave,301
brazil,302
brazilian,303
bread,304
breed,305
breeds,306
bridge,307
brightest,308
britain,309
british,310
broadcast,311
broadcasting,312
broadway,313
broke,314
broken,315
bronze,316
brooklyn,317
brooks,318
bros,319
brother,320
brothers,321
brought,322
brown,323
browns,324
brunei,325
brush,326
bud,327
buffalo,328
bug,329
build,330
building,331
built,332
bull,333
bulls,334
bunker,335
bureau,336
buried,337
burned,338
bush,339
busiest,340
business,341
businesses,342
bust,343
butler,344
butter,345
buy,346
buys,347
cable,348
cache,349
caesar,350
caffeine,351
cage,352
cairo,353
calculate,354
calculator,355
calendar,356
caliente,357
california,358
called,359
callosum,360
calories,361
came,362
camel,363
camera,364
camp,365
canada,366
canadian,367
canal,368
canary,369
cancer,370
candle,371
candy,372
cane,373
canine,374
cans,375
canyon,376
cap,377
capita,378
capital,379
capone,380
capp,381
captain,382
car,383
carbon,384
card,385
cardinal,386
cards,387
career,388
caribbean,389
carl,390
carolina,391
carries,392
cars,393
carta,394
carter,395
cartoon,396
cartoons,397
casablanca,398
case,399
cases,400
casey,401
cash,402
casting,403
castle,404
cat,405
catch,406
cathedral,407
catholic,408
cats,409
caught,410
cause,411
caused,412
causes,413
causing,414
cave,415
cc,416
cd,417
ce,418
celebrated,419
celebrities,420
celebrity,421
cells,422
cent,423
center,424
centers,425
central,426
century,427
cereal,428
ceremony,429
certain,430
chain,431
chairman,432
chairs,433
champion,434
championship,435
chance,436
chancellor,437
chances,438
change,439
chapel,440
chappellet,441
chapter,442
character,443
characters,444
charge,445
charles,446
charley,447
charlie,448
check,449
cheese,450
chemical,451
chemicals,452
chess,453
chicago,454
chicken,455
chief,456
child,457
children,458
chile,459
chilean,460
china,461
chinese,462
chip,463
chocolate,464
chris,465
christian,466
christmas,467
christopher,468
chromosome,469
chronic,470
chronicles,471
church,472
cigarette,473
circle,474
cities,475
citizen,476
city,477
civil,478
civilization,479
claim,480
claimed,481
claims,482
clara,483
clark,484
class,485
classic,486
classical,487
classification,488
claus,489
clay,490
clean,491
clear,492
cleveland,493
climate,494
clip,495
clock,496
close,497
closed,498
closest,499
closing,500
clothes,501
clothing,502
clouds,503
clown,504
club,505
cnn,506
coach,507
coast,508
coastline,509
coca,510
cocaine,511
cocktail,512
code,513
codes,514
coffee,515
cognac,516
coin,517
cola,518
cold,519
colin,520
collect,521
collection,522
college,523
colleges,524
cologne,525
colombia,526
colonial,527
colonies,528
colonists,529
colony,530
color,531
colorado,532
colored,533
colorful,534
colors,535
colt,536
columbia,537
columbus,538
com,539
comaneci,540
combat,541
come,542
comedian,543
comedienne,544
comedy,545
comes,546
comic,547
comics,548
coming,549
command,550
commandments,551
commerce,552
commercial,553
commit,554
committee,555
commodity,556
common,557
commonly,558
commune,559
communist,560
community,561
companies,562
companion,563
company,564
compared,565
compatible,566
competition,567
complete,568
composer,569
computer,570
concentration,571
concorde,572
condiment,573
condition,574
condoms,575
coney,576
confederate,577
conference,578
congress,579
congressman,580
connecticut,581
conrad,582
consecutive,583
considered,584
consist,585
constellation,586
constitution,587
contact,588
contain,589
contains,590
contemptible,591
contest,592
continent,593
continental,594
contract,595
control,596
convicted,597
cookies,598
cooking,599
cool,600
cooler,601
cop,602
copies,603
copper,604
coral,605
cork,606
corn,607
corner,608
corporate,609
corporation,610
corpus,611
correct,612
correctly,613
cosmology,614
cost,615
costa,616
costner,617
costs,618
costume,619
cotrubas,620
cotton,621
council,622
count,623
counterpart,624
countries,625
country,626
county,627
coup,628
couple,629
course,630
court,631
cousins,632
cousteau,633
cover,634
covers,635
cow,636
cowboy,637
cowboys,638
cpr,639
craft,640
cranberry,641
crash,642
cream,643
create,644
created,645
creator,646
creature,647
creatures,648
credit,649
credited,650
creeps,651
cricket,652
crickets,653
criminal,654
crokinole,655
crop,656
cross,657
crown,658
crust,659
crystals,660
cuba,661
cube,662
cubic,663
cuckoo,664
cucumber,665
cup,666
currency,667
current,668
cut,669
da,670
daily,671
dakota,672
dale,673
dam,674
damage,675
danced,676
dancing,677
daniel,678
danube,679
darkness,680
darth,681
database,682
date,683
dates,684
daughter,685
daughters,686
david,687
davies,688
davis,689
day,690
daycare,691
days,692
dc,693
dead,694
deadliest,695
deal,696
dealer,697
deals,698
dealt,699
death,700
debut,701
december,702
declaration,703
declared,704
deep,705
deepest,706
deer,707
defeat,708
defects,709
defense,710
define,711
defined,712
definition,713
degas,714
degrees,715
delaware,716
democratic,717
denver,718
deodorant,719
department,720
depicted,721
depression,722
derby,723
desert,724
design,725
designed,726
designer,727
desire,728
desmond,729
details,730
detect,731
detective,732
determine,733
determined,734
developed,735
developing,736
device,737
devices,738
dew,739
diabetes,740
dialing,741
diameter,742
diamond,743
diary,744
dick,745
dicken,746
dickens,747
dictator,748
did,749
die,750
died,751
diego,752
difference,753
differences,754
different,755
digital,756
digits,757
dikembe,758
dime,759
diminutive,760
dinner,761
dioxide,762
direct,763
directed,764
direction,765
directly,766
director,767
disabilities,768
disc,769
discover,770
discovered,771
disease,772
diseases,773
display,774
distance,775
distinction,776
district,777
divided,778
division,779
divorce,780
dna,781
doctor,782
does,783
dog,784
dogs,785
dogtown,786
doing,787
doll,788
dollar,789
dollars,790
dolly,791
domesticated,792
dominoes,793
don,794
donald,795
donated,796
doo,797
doodle,798
doody,799
door,800
dots,801
double,802
dozen,803
dr,804
dracula,805
draft,806
draw,807
dream,808
dreams,809
drew,810
drink,811
drinking,812
drinks,813
drive,814
driven,815
dropped,816
drug,817
drugs,818
drunk,819
dry,820
dt,821
dubbed,822
duck,823
duel,824
duke,825
dumont,826
dumpty,827
dutch,828
dwarf,829
dwarfs,830
dwight,831
eagle,832
ear,833
early,834
earn,835
ears,836
earth,837
earthquake,838
earthquakes,839
easiest,840
east,841
easter,842
eastern,843
eat,844
eaten,845
economic,846
economy,847
edgar,848
edinburgh,849
edith,850
editor,851
edmund,852
education,853
edward,854
effect,855
effects,856
efficient,857
egg,858
eggs,859
egypt,860
eiffel,861
eighth,862
einstein,863
eisenhower,864
el,865
elected,866
election,867
elections,868
electoral,869
electric,870
electrical,871
electricity,872
element,873
elements,874
elephant,875
elevation,876
ella,877
em,878
email,879
embassy,880
emperor,881
empire,882
employ,883
end,884
endangered,885
ended,886
ends,887
enemy,888
energy,889
engine,890
engineer,891
engines,892
england,893
english,894
englishman,895
enter,896
enterprise,897
entertainer,898
entire,899
enzymes,900
epic,901
equal,902
equation,903
equator,904
equipment,905
equity,906
equivalent,907
era,908
ernest,909
ernie,910
erupt,911
eruption,912
eskimo,913
espionage,914
establish,915
established,916
estate,917
eternity,918
ethel,919
ethnic,920
europe,921
european,922
event,923
events,924
everest,925
evil,926
ewoks,927
exactly,928
example,929
exchange,930
executed,931
exercise,932
exist,933
existence,934
expectancy,935
expectant,936
expensive,937
experienced,938
experts,939
explorer,940
export,941
exports,942
expression,943
extensions,944
exxon,945
eye,946
eyes,947
ezra,948
face,949
faced,950
faces,951
facial,952
factor,953
failure,954
fair,955
fairy,956
faith,957
fall,958
falls,959
fame,960
famed,961
family,962
famous,963
fans,964
fantastic,965
far,966
fare,967
farthest,968
fast,969
fastest,970
fat,971
fatal,972
fated,973
father,974
fathom,975
favorite,976
fawaz,977
fax,978
fdr,979
fear,980
feature,981
featured,982
features,983
february,984
federal,985
feet,986
fein,987
felt,988
female,989
festival,990
fever,991
fibrosis,992
fiction,993
fictional,994
fidelis,995
field,996
fields,997
fifth,998
fight,999
figure,1000
figures,1001
file,1002
files,1003
film,1004
films,1005
fine,1006
fined,1007
finger,1008
fingers,1009
fired,1010
firm,1011
fish,1012
fit,1013
fitzgerald,1014
flag,1015
flags,1016
flavor,1017
flavors,1018
flew,1019
flies,1020
flight,1021
flintstones,1022
float,1023
floor,1024
floors,1025
florence,1026
florida,1027
flourish,1028
flow,1029
flower,1030
flowers,1031
flows,1032
fly,1033
flying,1034
folic,1035
follow,1036
followed,1037
following,1038
food,1039
foods,1040
foot,1041
football,1042
force,1043
forced,1044
forces,1045
ford,1046
foreclosure,1047
forest,1048
forests,1049
form,1050
format,1051
formed,1052
formula,1053
fort,1054
fortune,1055
fought,1056
founded,1057
founder,1058
fountain,1059
fourth,1060
fox,1061
fraction,1062
france,1063
francis,1064
francisco,1065
frank,1066
frankfurt,1067
franklin,1068
fraze,1069
fred,1070
frederick,1071
free,1072
french,1073
frequency,1074
fresh,1075
freud,1076
friend,1077
frog,1078
frogs,1079
frontier,1080
frozen,1081
fruit,1082
fuel,1083
fun,1084
function,1085
fungal,1086
fur,1087
fusion,1088
future,1089
gain,1090
gained,1091
galaxy,1092
gallon,1093
gallons,1094
gamble,1095
game,1096
games,1097
gandhi,1098
garden,1099
garland,1100
garry,1101
gas,1102
gate,1103
gates,1104
gateway,1105
gave,1106
gay,1107
geese,1108
gehrig,1109
gender,1110
gene,1111
general,1112
generals,1113
generator,1114
genesis,1115
genetics,1116
geographic,1117
george,1118
georgia,1119
gerald,1120
german,1121
germany,1122
gestation,1123
getting,1124
gettysburg,1125
gin,1126
girl,1127
girls,1128
given,1129
gives,1130
giving,1131
glacier,1132
glass,1133
glitters,1134
global,1135
glory,1136
glove,1137
goat,1138
god,1139
godfather,1140
gods,1141
goes,1142
gogh,1143
going,1144
gold,1145
golden,1146
golf,1147
golfer,1148
gone,1149
good,1150
goodall,1151
gorbachev,1152
gordon,1153
got,1154
gould,1155
government,1156
governor,1157
gparsedonedigit,1158
grace,1159
graced,1160
graces,1161
graders,1162
graduate,1163
grand,1164
grant,1165
grapes,1166
gravity,1167
gray,1168
great,1169
greatest,1170
greece,1171
greek,1172
green,1173
greeting,1174
grooves,1175
gross,1176
ground,1177
group,1178
groups,1179
grow,1180
growing,1181
growth,1182
guild,1183
guinea,1184
guitar,1185
gulf,1186
guy,1187
gymnastics,1188
habeas,1189
habitat,1190
hair,1191
half,1192
hall,1193
ham,1194
hamblen,1195
hamburger,1196
hamlet,1197
hampshire,1198
hand,1199
handed,1200
handheld,1201
handle,1202
hands,1203
hank,1204
happen,1205
happened,1206
happens,1207
hara,1208
harbor,1209
hard,1210
hardest,1211
harrison,1212
harry,1213
harvey,1214
hass,1215
hastings,1216
hat,1217
having,1218
havoc,1219
hawaii,1220
hawaiian,1221
hawks,1222
hazmat,1223
head,1224
headed,1225
headquarters,1226
healthy,1227
hear,1228
hearing,1229
hearst,1230
heart,1231
hearts,1232
heat,1233
heaven,1234
heavier,1235
heaviest,1236
heavyweight,1237
held,1238
helen,1239
helens,1240
helicopter,1241
help,1242
hemingway,1243
hemisphere,1244
henry,1245
hepburn,1246
hermann,1247
hero,1248
hibernia,1249
high,1250
highest,1251
highway,1252
hijacked,1253
hillary,1254
historical,1255
history,1256
hit,1257
hitler,1258
hitting,1259
hiv,1260
hockey,1261
hoffman,1262
hold,1263
holds,1264
hole,1265
holes,1266
holiday,1267
holidays,1268
holland,1269
hollywood,1270
holmes,1271
holy,1272
home,1273
homelite,1274
homer,1275
honecker,1276
honey,1277
honor,1278
honorary,1279
hood,1280
hooligans,1281
hoover,1282
hope,1283
horoscope,1284
horse,1285
horsepower,1286
horses,1287
host,1288
hot,1289
hotel,1290
hour,1291
hours,1292
house,1293
household,1294
houses,1295
howard,1296
howdy,1297
huckleberry,1298
hudson,1299
hughes,1300
hugo,1301
hulk,1302
human,1303
humans,1304
humidity,1305
humphrey,1306
humpty,1307
hungarian,1308
hungary,1309
hunter,1310
hunting,1311
hurricane,1312
husband,1313
hussein,1314
huston,1315
hydrogen,1316
hymn,1317
hypertension,1318
ibm,1319
ice,1320
iceland,1321
idea,1322
identity,1323
ii,1324
iii,1325
ileana,1326
ill,1327
illinois,1328
imaginary,1329
important,1330
importer,1331
importers,1332
imposed,1333
impress,1334
inaugurated,1335
inauguration,1336
inch,1337
inches,1338
incident,1339
include,1340
included,1341
includes,1342
income,1343
increase,1344
incredible,1345
independence,1346
independent,1347
india,1348
indian,1349
indians,1350
indies,1351
individuals,1352
indonesia,1353
industrial,1354
infamous,1355
infection,1356
infectious,1357
info,1358
information,1359
ingredient,1360
injection,1361
inside,1362
inspired,1363
instead,1364
institute,1365
instrument,1366
insurance,1367
intelligence,1368
intercourse,1369
interesting,1370
international,1371
internet,1372
interview,1373
introduce,1374
introduced,1375
invade,1376
invent,1377
invented,1378
inventor,1379
inventors,1380
investigation,1381
involved,1382
ioc,1383
iq,1384
ireland,1385
irish,1386
iron,1387
islamic,1388
island,1389
islands,1390
israel,1391
issue,1392
issued,1393
italian,1394
italy,1395
ivy,1396
jack,1397
jackie,1398
jackson,1399
jacques,1400
jail,1401
jake,1402
james,1403
jamiroquai,1404
jane,1405
january,1406
japan,1407
japanese,1408
jaws,1409
jean,1410
jefferson,1411
jerry,1412
jersey,1413
jesse,1414
jewish,1415
jimmy,1416
joan,1417
job,1418
jockey,1419
joe,1420
jogging,1421
jogis,1422
john,1423
johnny,1424
johnson,1425
join,1426
joined,1427
joint,1428
jonathan,1429
jones,1430
joplin,1431
jordan,1432
joseph,1433
josie,1434
journal,1435
journalist,1436
journey,1437
jr,1438
jude,1439
judson,1440
judy,1441
juice,1442
jules,1443
july,1444
jump,1445
june,1446
jungle,1447
junk,1448
just,1449
justice,1450
kafka,1451
kalahari,1452
kangaroo,1453
kansas,1454
kappa,1455
kasparov,1456
keeps,1457
kennedy,1458
kentucky,1459
kept,1460
kevin,1461
keyboard,1462
kid,1463
kidnaped,1464
kids,1465
killed,1466
killer,1467
killing,1468
kind,1469
kinds,1470
king,1471
kings,1472
kiss,1473
knight,1474
know,1475
known,1476
knox,1477
kong,1478
korea,1479
korean,1480
kosovo,1481
kuwait,1482
la,1483
label,1484
labels,1485
labor,1486
lack,1487
lady,1488
lagoon,1489
lake,1490
lakes,1491
land,1492
landed,1493
landing,1494
landmark,1495
language,1496
languages,1497
lantern,1498
large,1499
larger,1500
largest,1501
larry,1502
las,1503
laser,1504
late,1505
latin,1506
latitude,1507
laugh,1508
launched,1509
lauren,1510
law,1511
lawrence,1512
lawyer,1513
lawyers,1514
lay,1515
layers,1516
lead,1517
leader,1518
leaders,1519
leading,1520
leads,1521
league,1522
learn,1523
learning,1524
leave,1525
leaving,1526
lebanon,1527
led,1528
lee,1529
left,1530
legal,1531
legally,1532
legend,1533
legendary,1534
legged,1535
legs,1536
lemmon,1537
length,1538
lengths,1539
lens,1540
leon,1541
let,1542
lethal,1543
letter,1544
letters,1545
leukemia,1546
level,1547
li,1548
liberty,1549
library,1550
lice,1551
lie,1552
lies,1553
life,1554
light,1555
lightning,1556
lights,1557
like,1558
likely,1559
likes,1560
limit,1561
limits,1562
lincoln,1563
lindbergh,1564
line,1565
liner,1566
linked,1567
lion,1568
lips,1569
list,1570
literal,1571
literary,1572
literature,1573
litmus,1574
little,1575
live,1576
lived,1577
liver,1578
liverpool,1579
lives,1580
living,1581
livingstone,1582
ll,1583
lloyd,1584
lobster,1585
located,1586
location,1587
log,1588
logan,1589
london,1590
long,1591
longest,1592
longitude,1593
look,1594
lord,1595
los,1596
lose,1597
loss,1598
lost,1599
lou,1600
louis,1601
louisiana,1602
love,1603
loved,1604
lovers,1605
low,1606
lowest,1607
lsd,1608
lucas,1609
lucy,1610
luke,1611
lunch,1612
lung,1613
luther,1614
lyndon,1615
lyrics,1616
machine,1617
machines,1618
maclaine,1619
madonna,1620
madrid,1621
mae,1622
magazine,1623
magazines,1624
magic,1625
magna,1626
magnetic,1627
maid,1628
maiden,1629
mail,1630
main,1631
maine,1632
major,1633
majority,1634
make,1635
maker,1636
makes,1637
making,1638
malaysia,1639
male,1640
mammal,1641
man,1642
manager,1643
maneuver,1644
manned,1645
manufacture,1646
manufactured,1647
manufacturer,1648
manufactures,1649
mao,1650
map,1651
march,1652
marciano,1653
marco,1654
marcos,1655
margaret,1656
maria,1657
marijuana,1658
marine,1659
mark,1660
marked,1661
market,1662
markets,1663
marks,1664
marley,1665
marlowe,1666
married,1667
marry,1668
mars,1669
martha,1670
martin,1671
martinis,1672
marvel,1673
marx,1674
mary,1675
maryland,1676
mascot,1677
massachusetts,1678
massacre,1679
master,1680
match,1681
material,1682
materials,1683
math,1684
matter,1685
matterhorn,1686
maurice,1687
maurizio,1688
maximum,1689
mayor,1690
mccarren,1691
mckinley,1692
mcparsedonedigit,1693
mean,1694
meaning,1695
means,1696
meant,1697
measure,1698
measures,1699
meat,1700
medal,1701
medals,1702
medical,1703
medicine,1704
medieval,1705
mediterranean,1706
medium,1707
meeting,1708
mel,1709
melissa,1710
melting,1711
member,1712
members,1713
memphis,1714
men,1715
menace,1716
mentioned,1717
mentor,1718
mercury,1719
message,1720
met,1721
metal,1722
meter,1723
meters,1724
method,1725
mexican,1726
mexico,1727
miami,1728
michael,1729
michelangelo,1730
michener,1731
michigan,1732
microsoft,1733
middle,1734
mighty,1735
mikhail,1736
mile,1737
miles,1738
milk,1739
milky,1740
millennium,1741
million,1742
millions,1743
mills,1744
milton,1745
mineral,1746
minimum,1747
minister,1748
minnesota,1749
minor,1750
minute,1751
minutes,1752
mirror,1753
miss,1754
mission,1755
mississippi,1756
missouri,1757
mix,1758
mixing,1759
mo,1760
model,1761
modem,1762
modern,1763
mold,1764
molecules,1765
monaco,1766
monarch,1767
monet,1768
money,1769
monitor,1770
monkey,1771
monopoly,1772
monster,1773
mont,1774
month,1775
months,1776
moon,1777
moore,1778
moral,1779
mormons,1780
morning,1781
moscow,1782
mosquito,1783
mother,1784
motion,1785
motors,1786
motto,1787
mount,1788
mountain,1789
mountains,1790
mouse,1791
mouth,1792
movement,1793
movie,1794
movies,1795
moving,1796
mozambique,1797
mr,1798
mrs,1799
ms,1800
muffins,1801
muhammad,1802
mules,1803
muppets,1804
murder,1805
murdered,1806
muscles,1807
museum,1808
music,1809
musical,1810
mutiny,1811
mutombo,1812
myrtle,1813
mystery,1814
nadia,1815
namath,1816
named,1817
names,1818
naples,1819
napoleon,1820
narrates,1821
nasa,1822
nation,1823
national,1824
nationality,1825
nations,1826
native,1827
natural,1828
nature,1829
nautical,1830
navy,1831
nazi,1832
nazis,1833
nba,1834
neal,1835
near,1836
nebraska,1837
need,1838
needle,1839
neil,1840
nelson,1841
nero,1842
nests,1843
net,1844
network,1845
neurological,1846
neurosurgeon,1847
nevada,1848
new,1849
news,1850
newspaper,1851
nfl,1852
nhl,1853
nicholas,1854
nickname,1855
nicknamed,1856
night,1857
nile,1858
nino,1859
nintendo,1860
nixon,1861
nj,1862
nn,1863
nnp,1864
nns,1865
nobel,1866
nominated,1867
non,1868
normal,1869
north,1870
northeast,1871
northernmost,1872
norway,1873
nose,1874
nostradamus,1875
notes,1876
novel,1877
novelist,1878
november,1879
nowadays,1880
nuclear,1881
number,1882
numbers,1883
numeral,1884
numerals,1885
nun,1886
nursery,1887
oat,1888
object,1889
objects,1890
occupation,1891
occupy,1892
occur,1893
occurs,1894
ocean,1895
oceans,1896
octopus,1897
odds,1898
odors,1899
offer,1900
office,1901
officer,1902
offices,1903
official,1904
ohio,1905
oil,1906
oklahoma,1907
old,1908
oldest,1909
olsen,1910
olympic,1911
olympics,1912
online,1913
opened,1914
opener,1915
opening,1916
opens,1917
opera,1918
operating,1919
operation,1920
operations,1921
opposite,1922
orange,1923
orca,1924
order,1925
organ,1926
organism,1927
organization,1928
orgasm,1929
origin,1930
original,1931
originally,1932
originate,1933
originated,1934
orinoco,1935
orleans,1936
oscar,1937
oscars,1938
osteoporosis,1939
oswald,1940
ouija,1941
outcome,1942
outer,1943
output,1944
outside,1945
oven,1946
owned,1947
owner,1948
owns,1949
oxygen,1950
oz,1951
ozone,1952
pacific,1953
page,1954
pages,1955
paid,1956
paint,1957
painted,1958
painter,1959
painting,1960
pairs,1961
pan,1962
panama,1963
panel,1964
paper,1965
parents,1966
paris,1967
park,1968
parker,1969
parking,1970
parks,1971
parrot,1972
parseddigits,1973
parsedfivedigits,1974
parsedfourdigits,1975
parsedfourdigitss,1976
parsedonedigit,1977
parsedonedigitth,1978
parsedthreedigits,1979
parsedtwodigits,1980
parsedtwodigitsrd,1981
parsedtwodigitsth,1982
partner,1983
parton,1984
party,1985
pascal,1986
paso,1987
pass,1988
patent,1989
patented,1990
patricia,1991
paul,1992
pay,1993
pea,1994
peace,1995
peachy,1996
peak,1997
peanut,1998
pearl,1999
pellegrin,2000
pencil,2001
penetrate,2002
peninsula,2003
penis,2004
penn,2005
penned,2006
pennsylvania,2007
penny,2008
people,2009
pepper,2010
pepsi,2011
percent,2012
percentage,2013
perfect,2014
perform,2015
performer,2016
period,2017
perpetual,2018
persian,2019
person,2020
personality,2021
pet,2022
peter,2023
pets,2024
phenomenon,2025
philadelphia,2026
philippines,2027
phoenix,2028
phone,2029
photographer,2030
phrase,2031
physical,2032
piano,2033
pickering,2034
picture,2035
pictures,2036
piece,2037
pig,2038
piggy,2039
pigs,2040
pilot,2041
pilots,2042
pineapple,2043
pink,2044
pins,2045
piracy,2046
pistol,2047
pit,2048
pitcher,2049
pitchers,2050
pittsburgh,2051
pizza,2052
place,2053
placed,2054
plan,2055
plane,2056
planet,2057
plant,2058
planted,2059
plants,2060
plastic,2061
play,2062
playboy,2063
played,2064
player,2065
players,2066
playing,2067
plays,2068
plo,2069
plot,2070
pneumonia,2071
poe,2072
poem,2073
poet,2074
poetry,2075
point,2076
points,2077
poison,2078
poisoning,2079
poker,2080
poland,2081
pole,2082
police,2083
policy,2084
polio,2085
polish,2086
political,2087
poll,2088
pollock,2089
polo,2090
pooh,2091
poor,2092
pop,2093
pope,2094
popeye,2095
popular,2096
populated,2097
population,2098
portrayed,2099
position,2100
possession,2101
possible,2102
post,2103
postage,2104
postal,2105
potlatch,2106
pound,2107
pounds,2108
pow,2109
powell,2110
power,2111
powerful,2112
powers,2113
practice,2114
prayer,2115
preacher,2116
pregnacy,2117
pregnancy,2118
pregnant,2119
premiered,2120
present,2121
presidency,2122
president,2123
presidential,2124
presidents,2125
press,2126
pressure,2127
prevent,2128
prewitt,2129
price,2130
primary,2131
prime,2132
prince,2133
principles,2134
print,2135
printing,2136
prism,2137
prize,2138
pro,2139
probability,2140
problems,2141
process,2142
processor,2143
procter,2144
produce,2145
produced,2146
producer,2147
produces,2148
producing,2149
product,2150
production,2151
products,2152
profession,2153
professional,2154
professor,2155
program,2156
programming,2157
project,2158
promote,2159
prompted,2160
pronounce,2161
pronounced,2162
proper,2163
properties,2164
prophet,2165
protein,2166
proud,2167
provider,2168
province,2169
pseudonym,2170
public,2171
publish,2172
published,2173
pulitzer,2174
pull,2175
punch,2176
purchase,2177
purified,2178
purpose,2179
purposes,2180
pursuit,2181
pussycats,2182
putting,2183
putty,2184
pyramid,2185
qigong,2186
quadruplets,2187
quarts,2188
queen,2189
question,2190
questions,2191
quit,2192
race,2193
races,2194
racing,2195
radio,2196
raid,2197
rail,2198
railroad,2199
railway,2200
rain,2201
rainbow,2202
raise,2203
raised,2204
ram,2205
ranch,2206
randolph,2207
randy,2208
range,2209
ranger,2210
rank,2211
rascals,2212
rate,2213
ratified,2214
rating,2215
ratio,2216
ray,2217
razor,2218
reach,2219
reactivity,2220
read,2221
reading,2222
reagan,2223
real,2224
really,2225
reason,2226
receive,2227
received,2228
recently,2229
recipe,2230
recognize,2231
recommended,2232
record,2233
recorded,2234
records,2235
red,2236
refer,2237
reference,2238
regarding,2239
region,2240
register,2241
reign,2242
reims,2243
related,2244
relationship,2245
relative,2246
release,2247
released,2248
religion,2249
religions,2250
remain,2251
remove,2252
removed,2253
renaissance,2254
rent,2255
represent,2256
representative,2257
represented,2258
republic,2259
requirement,2260
requirements,2261
research,2262
resource,2263
responsible,2264
rest,2265
restaurant,2266
restore,2267
restored,2268
results,2269
return,2270
review,2271
revolt,2272
revolution,2273
revolutions,2274
revolve,2275
rex,2276
rhett,2277
rhodes,2278
rica,2279
rice,2280
rich,2281
richard,2282
richest,2283
rick,2284
ride,2285
rider,2286
right,2287
rights,2288
ring,2289
rings,2290
ripening,2291
rites,2292
river,2293
rivers,2294
road,2295
robert,2296
robin,2297
robinson,2298
rock,2299
rockefeller,2300
rocky,2301
roger,2302
rogers,2303
role,2304
roll,2305
roller,2306
rolling,2307
roman,2308
romans,2309
romantic,2310
rome,2311
ronald,2312
rooftops,2313
room,2314
roosevelt,2315
root,2316
rosa,2317
rose,2318
ross,2319
rotary,2320
round,2321
row,2322
rows,2323
roy,2324
royal,2325
rubber,2326
rubik,2327
ruin,2328
rule,2329
ruled,2330
rules,2331
rum,2332
run,2333
running,2334
runs,2335
russia,2336
russian,2337
russians,2338
rust,2339
ruth,2340
saddam,2341
safe,2342
said,2343
sailors,2344
saint,2345
salary,2346
sale,2347
sales,2348
salesman,2349
salonen,2350
salt,2351
saltpeter,2352
sam,2353
samuel,2354
san,2355
sang,2356
sank,2357
santa,2358
santos,2359
sarge,2360
satellite,2361
satellites,2362
sauce,2363
save,2364
saw,2365
say,2366
saying,2367
says,2368
scandinavian,2369
scarlett,2370
scholar,2371
school,2372
schools,2373
science,2374
scientific,2375
scientists,2376
scooby,2377
score,2378
scotch,2379
scotland,2380
scottish,2381
scoundrel,2382
scouts,2383
scrabble,2384
screen,2385
screenplay,2386
scrooge,2387
sculpture,2388
sea,2389
seaport,2390
search,2391
seas,2392
season,2393
seasons,2394
seat,2395
seattle,2396
second,2397
secret,2398
secretary,2399
section,2400
security,2401
seeing,2402
seen,2403
sees,2404
seized,2405
seizure,2406
self,2407
sell,2408
seller,2409
selling,2410
sells,2411
semper,2412
senate,2413
senator,2414
send,2415
sensitive,2416
sent,2417
sentence,2418
separated,2419
separates,2420
september,2421
sequel,2422
sergeant,2423
series,2424
serve,2425
served,2426
service,2427
serving,2428
set,2429
setting,2430
seven,2431
seventeen,2432
seventh,2433
sex,2434
sexual,2435
shake,2436
shakespeare,2437
shall,2438
shampoo,2439
shape,2440
share,2441
shared,2442
shea,2443
sheep,2444
shelley,2445
sherlock,2446
shevardnadze,2447
shield,2448
ship,2449
ships,2450
shirley,2451
shoe,2452
shoes,2453
shooting,2454
shores,2455
short,2456
shot,2457
shouldn,2458
shouts,2459
shows,2460
shuttle,2461
sicily,2462
sided,2463
sides,2464
sierra,2465
sigmund,2466
sign,2467
signature,2468
signed,2469
significant,2470
silent,2471
silly,2472
silver,2473
simon,2474
simple,2475
simpson,2476
simpsons,2477
sinatra,2478
sing,2479
singer,2480
singing,2481
single,2482
singles,2483
sings,2484
singular,2485
sink,2486
sinn,2487
sioux,2488
sir,2489
sister,2490
sistine,2491
site,2492
sites,2493
size,2494
sizes,2495
skin,2496
skywalker,2497
slam,2498
sled,2499
sleep,2500
slinky,2501
slow,2502
small,2503
smallest,2504
smith,2505
smokey,2506
smoking,2507
snail,2508
snap,2509
snore,2510
snow,2511
soap,2512
soccer,2513
social,2514
society,2515
soda,2516
sodium,2517
soft,2518
softball,2519
software,2520
solar,2521
sold,2522
soldier,2523
soldiers,2524
solo,2525
son,2526
song,2527
songs,2528
sons,2529
sort,2530
sound,2531
soup,2532
source,2533
south,2534
southern,2535
soviet,2536
space,2537
spacecraft,2538
spaces,2539
spaghetti,2540
spain,2541
span,2542
spanish,2543
spawned,2544
speak,2545
speaking,2546
species,2547
specifically,2548
spectrum,2549
speed,2550
spelling,2551
spend,2552
spent,2553
sperm,2554
spice,2555
spider,2556
spielberg,2557
spill,2558
spins,2559
split,2560
spoke,2561
spoken,2562
sport,2563
sports,2564
spread,2565
spumante,2566
spy,2567
square,2568
squares,2569
st,2570
stadium,2571
staff,2572
stage,2573
stains,2574
stalin,2575
stamp,2576
stand,2577
standard,2578
stands,2579
stanford,2580
stanley,2581
star,2582
starred,2583
starring,2584
stars,2585
start,2586
started,2587
starting,2588
starts,2589
state,2590
statement,2591
states,2592
station,2593
stationed,2594
stations,2595
statistics,2596
statue,2597
steal,2598
steam,2599
steel,2600
steinbeck,2601
stephen,2602
steps,2603
stereo,2604
steve,2605
steven,2606
stevie,2607
stewart,2608
stick,2609
stock,2610
stocks,2611
stole,2612
stone,2613
stones,2614
stop,2615
stopped,2616
stops,2617
store,2618
story,2619
strait,2620
streak,2621
street,2622
strip,2623
stripes,2624
strips,2625
strong,2626
strontium,2627
struck,2628
structure,2629
stuart,2630
student,2631
students,2632
studios,2633
study,2634
style,2635
submarine,2636
substance,2637
subtitled,2638
subway,2639
success,2640
successful,2641
sugar,2642
suit,2643
suite,2644
sullivan,2645
summer,2646
sun,2647
super,2648
superman,2649
superstar,2650
support,2651
supposed,2652
supreme,2653
surface,2654
surfing,2655
surname,2656
surrender,2657
surrendered,2658
surrounds,2659
suspension,2660
swap,2661
sweet,2662
swimmer,2663
swimming,2664
switzerland,2665
sydney,2666
symbol,2667
syndrome,2668
synonymous,2669
syrup,2670
systems,2671
tab,2672
table,2673
tail,2674
taj,2675
takes,2676
tale,2677
talk,2678
talking,2679
tall,2680
tallest,2681
tammy,2682
target,2683
taste,2684
tax,2685
taylor,2686
tea,2687
team,2688
teams,2689
teaspoon,2690
technical,2691
technique,2692
teddy,2693
teenager,2694
teeth,2695
teflon,2696
telephone,2697
television,2698
tell,2699
temperature,2700
temperatures,2701
temple,2702
tend,2703
tennessee,2704
tennis,2705
tenpin,2706
tenses,2707
term,2708
terms,2709
territories,2710
territory,2711
terrorist,2712
test,2713
testament,2714
texas,2715
thalassemia,2716
thank,2717
thanksgiving,2718
thatcher,2719
theme,2720
theory,2721
thing,2722
think,2723
thomas,2724
thought,2725
thumb,2726
thunder,2727
ticket,2728
tiger,2729
time,2730
times,2731
tin,2732
tip,2733
titanic,2734
title,2735
titled,2736
toast,2737
today,2738
toes,2739
toilet,2740
tokyo,2741
told,2742
tolkien,2743
toll,2744
tom,2745
tomato,2746
ton,2747
tongue,2748
took,2749
tools,2750
topped,2751
tornado,2752
touching,2753
tour,2754
tourism,2755
tourists,2756
tournament,2757
tower,2758
town,2759
toy,2760
toys,2761
tracy,2762
trade,2763
trademark,2764
traditional,2765
trail,2766
train,2767
training,2768
translated,2769
translations,2770
transplant,2771
travel,2772
travels,2773
treasure,2774
treasury,2775
treat,2776
treatment,2777
tree,2778
trees,2779
trek,2780
trial,2781
trials,2782
triangle,2783
tried,2784
trilogy,2785
trinidad,2786
trip,2787
triple,2788
triplets,2789
tristar,2790
trivial,2791
troops,2792
trophy,2793
true,2794
truman,2795
truth,2796
try,2797
trying,2798
tube,2799
tuberculosis,2800
tune,2801
tunnel,2802
turn,2803
turned,2804
tutu,2805
tv,2806
twice,2807
twin,2808
twins,2809
type,2810
types,2811
typewriter,2812
typical,2813
typing,2814
typist,2815
uk,2816
ulysses,2817
unaccounted,2818
underwater,2819
underworld,2820
unemployment,2821
uniforms,2822
union,2823
unique,2824
united,2825
universe,2826
university,2827
unknown,2828
upper,2829
uprising,2830
uris,2831
url,2832
usa,2833
use,2834
used,2835
usenet,2836
uses,2837
using,2838
usually,2839
utah,2840
vacuum,2841
vader,2842
vagina,2843
valdez,2844
valentine,2845
valley,2846
valuable,2847
value,2848
van,2849
varian,2850
varieties,2851
variety,2852
various,2853
vatican,2854
vbp,2855
ve,2856
vegas,2857
vegetable,2858
vehicles,2859
veins,2860
ventura,2861
venus,2862
vermouth,2863
verne,2864
verses,2865
vessels,2866
veterans,2867
vhf,2868
vhs,2869
vice,2870
victor,2871
victoria,2872
victorian,2873
victory,2874
video,2875
vienna,2876
vietnam,2877
vietnamese,2878
viii,2879
viking,2880
villain,2881
vincent,2882
vineyard,2883
violins,2884
virgin,2885
virginia,2886
virtual,2887
viscosity,2888
visit,2889
visitors,2890
vitamin,2891
voice,2892
volcano,2893
volcanoes,2894
von,2895
vote,2896
votes,2897
voting,2898
vowel,2899
vs,2900
wage,2901
wake,2902
walk,2903
wall,2904
wallpaper,2905
walter,2906
want,2907
war,2908
warner,2909
wars,2910
washington,2911
watch,2912
water,2913
watergate,2914
wave,2915
way,2916
ways,2917
weapon,2918
weapons,2919
wear,2920
wearing,2921
wears,2922
weather,2923
web,2924
website,2925
websites,2926
wedding,2927
week,2928
weeks,2929
weigh,2930
weight,2931
went,2932
west,2933
western,2934
wet,2935
whale,2936
wheel,2937
whip,2938
whisky,2939
whitcomb,2940
white,2941
wide,2942
widely,2943
wife,2944
wild,2945
william,2946
williams,2947
willie,2948
willy,2949
wilson,2950
wimbledon,2951
win,2952
wind,2953
windows,2954
windsor,2955
wine,2956
wines,2957
wings,2958
winner,2959
winners,2960
winnie,2961
winning,2962
winter,2963
wise,2964
witch,2965
wives,2966
wolfe,2967
woman,2968
women,2969
won,2970
wonder,2971
wonderland,2972
wonders,2973
wood,2974
woodrow,2975
woody,2976
word,2977
words,2978
work,2979
worked,2980
working,2981
world,2982
worlds,2983
worldwide,2984
worms,2985
worst,2986
worth,2987
wrath,2988
wrestler,2989
wright,2990
wrist,2991
write,2992
writer,2993
writing,2994
written,2995
wrote,2996
wwii,2997
www,2998
wyoming,2999
yahoo,3000
yalta,3001
yankee,3002
yankees,3003
year,3004
years,3005
yellow,3006
yellowstone,3007
yogi,3008
york,3009
young,3010
youngest,3011
younis,3012
yukon,3013
zealand,3014
zeppelin,3015
zero,3016
zimbabwe,3017
zip,3018
