aaron,0
abandoned,1
abbreviated,2
abbreviation,3
ability,4
abner,5
aborigines,6
abraham,7
abstract,8
abuse,9
academy,10
access,11
according,12
account,13
acid,14
acne,15
acronym,16
act,17
acted,18
active,19
actor,20
actors,21
actress,22
actually,23
ad,24
add,25
address,26
addresses,27
adopt,28
ads,29
adult,30
adventures,31
advertise,32
affect,33
africa,34
african,35
afternoon,36
age,37
aged,38
agency,39
agent,40
ages,41
ago,42
agree,43
aids,44
air,45
airline,46
airplane,47
airport,48
airports,49
al,50
alan,51
alaska,52
albert,53
album,54
alcohol,55
alcoholic,56
aldrin,57
alexander,58
alexandra,59
algeria,60
ali,61
alice,62
allen,63
alley,64
allowed,65
alphabet,66
alphabetical,67
alphabetically,68
alternative,69
amazing,70
ambassador,71
amendment,72
america,73
american,74
americans,75
americas,76
amherst,77
amtrak,78
analysis,79
ancient,80
andrew,81
andrews,82
andy,83
angel,84
angeles,85
angels,86
anglican,87
animal,88
animals,89
animated,90
anniversary,91
annual,92
answers,93
anthem,94
anthony,95
anti,96
aol,97
apart,98
apartment,99
appear,100
appearance,101
appearances,102
appeared,103
appears,104
apple,105
apples,106
appointed,107
approximate,108
approximately,109
april,110
arcadia,111
arch,112
archie,113
architect,114
architecture,115
arctic,116
area,117
areas,118
argentina,119
argentine,120
arkansas,121
armed,122
armstrong,123
army,124
arnold,125
arrow,126
art,127
arthur,128
articles,129
artificial,130
artist,131
ash,132
asia,133
asian,134
ask,135
asked,136
aspartame,137
assassinate,138
assassinated,139
assassination,140
associated,141
associates,142
association,143
astaire,144
astronaut,145
astronauts,146
athlete,147
athletes,148
athletic,149
atlantic,150
atm,151
attack,152
attacks,153
attempt,154
attend,155
attraction,156
attractions,157
august,158
australia,159
austria,160
author,161
auto,162
autobiography,163
automobile,164
available,165
avenue,166
average,167
award,168
awarded,169
awards,170
away,171
babe,172
baby,173
bacall,174
background,175
bakery,176
baking,177
balance,178
bald,179
ball,180
ballet,181
balls,182
baltic,183
banana,184
band,185
bank,186
banned,187
banner,188
bar,189
barbados,190
barbeque,191
barbie,192
barnum,193
barrymore,194
bars,195
baseball,196
based,197
basketball,198
bastille,199
bat,200
battery,201
battle,202
battles,203
bay,204
beach,205
beak,206
beanie,207
beans,208
bear,209
bears,210
beat,211
beatles,212
beauty,213
beaver,214
bed,215
bee,216
beer,217
beers,218
bees,219
beethoven,220
began,221
begin,222
beginning,223
begins,224
belgium,225
believe,226
bell,227
belushi,228
ben,229
benefits,230
benny,231
berlin,232
bert,233
best,234
bestselling,235
bet,236
bette,237
better,238
betting,239
beverly,240
bible,241
bibliography,242
big,243
biggest,244
billy,245
biography,246
bird,247
birds,248
birth,249
birthday,250
birthplace,251
birthstone,252
black,253
blacks,254
blanc,255
bligh,256
blind,257
block,258
blood,259
bloom,260
blow,261
blue,262
board,263
boasts,264
boat,265
bob,266
bobby,267
body,268
bog,269
bogart,270
bolivia,271
bomb,272
bombay,273
bond,274
bone,275
bones,276
bonnie,277
book,278
books,279
boosters,280
border,281
borders,282
born,283
borrow,284
boston,285
bottle,286
bottled,287
bottles,288
bought,289
bounty,290
bourbon,291
bowl,292
bowling,293
box,294
boxer,295
boxes,296
boxing,297
boy,298
bra,299
brain,300
brand,301
brandenburg,302
brave,303
brazil,304
bread,305
breed,306
breeds,307
bridge,308
britain,309
british,310
broadcast,311
broadway,312
broke,313
broken,314
bronze,315
brooklyn,316
brooks,317
bros,318
brother,319
brothers,320
brought,321
brown,322
browns,323
brunei,324
brush,325
bud,326
buffalo,327
bug,328
bugs,329
build,330
building,331
buildings,332
built,333
bull,334
bulls,335
bunker,336
bureau,337
buried,338
burned,339
bush,340
busiest,341
business,342
businesses,343
butler,344
butter,345
butterfield,346
buy,347
buys,348
cabinet,349
cable,350
cache,351
caesar,352
caffeinated,353
caffeine,354
cage,355
cairo,356
calcium,357
calculate,358
calculator,359
calendar,360
caliente,361
california,362
called,363
callosum,364
calls,365
calories,366
came,367
camel,368
camera,369
camp,370
canada,371
canadian,372
canal,373
canary,374
cancer,375
candle,376
cane,377
cans,378
canyon,379
cap,380
capita,381
capital,382
capp,383
captain,384
car,385
carbon,386
card,387
cardinal,388
cards,389
career,390
caribbean,391
carl,392
carol,393
carolina,394
carries,395
carry,396
cars,397
carta,398
carter,399
cartoon,400
cartoons,401
casablanca,402
case,403
cases,404
casey,405
cash,406
casting,407
castle,408
cat,409
catch,410
category,411
cathedral,412
catholic,413
cats,414
caught,415
cause,416
caused,417
causes,418
causing,419
cave,420
cc,421
cd,422
ce,423
celebrated,424
celebrities,425
cells,426
cement,427
cent,428
center,429
centers,430
central,431
century,432
cereal,433
ceremony,434
chain,435
chairman,436
chairs,437
championship,438
chance,439
chancellor,440
chances,441
change,442
changed,443
channel,444
chapel,445
chappellet,446
chapter,447
character,448
characters,449
charge,450
charles,451
charley,452
charlie,453
check,454
chefs,455
chemical,456
chemicals,457
chess,458
chicago,459
chicken,460
chief,461
child,462
children,463
chile,464
china,465
chinese,466
chip,467
chocolate,468
chris,469
christ,470
christian,471
christmas,472
christopher,473
chronic,474
chronicles,475
church,476
churchill,477
cigarette,478
circle,479
cities,480
citizen,481
city,482
civil,483
civilization,484
claim,485
claimed,486
claims,487
clark,488
class,489
classic,490
classical,491
classification,492
claus,493
clean,494
clear,495
cleveland,496
climate,497
clip,498
clock,499
close,500
closed,501
closest,502
closing,503
clothes,504
clothing,505
clouds,506
clown,507
club,508
cnn,509
coach,510
coal,511
coast,512
coastline,513
coca,514
cocaine,515
cocktail,516
coconut,517
code,518
codes,519
coffee,520
cognac,521
coin,522
cola,523
cold,524
colin,525
collect,526
collection,527
college,528
colleges,529
cologne,530
colombia,531
colonial,532
colonies,533
colonists,534
colony,535
color,536
colorado,537
colored,538
colorful,539
colors,540
colt,541
columbia,542
columbus,543
com,544
comaneci,545
come,546
comedian,547
comedy,548
comes,549
comic,550
comics,551
coming,552
command,553
commandments,554
commerce,555
commercial,556
commit,557
committee,558
common,559
commonly,560
commune,561
communist,562
community,563
companies,564
companion,565
company,566
compared,567
compatible,568
competition,569
complete,570
composer,571
computer,572
concentration,573
concorde,574
condition,575
condoms,576
coney,577
confederate,578
conference,579
congress,580
congressman,581
connected,582
connecticut,583
conrad,584
consecutive,585
considered,586
constellation,587
constitution,588
constructed,589
contact,590
contain,591
contains,592
contemptible,593
contest,594
continent,595
continental,596
contract,597
control,598
conversion,599
convicted,600
cookies,601
cooking,602
cooler,603
cooper,604
copies,605
copper,606
coral,607
cork,608
corn,609
corner,610
corporate,611
corpus,612
correct,613
correctly,614
cosmology,615
cost,616
costner,617
costs,618
costume,619
cotrubas,620
cotton,621
council,622
count,623
counterpart,624
countries,625
country,626
county,627
course,628
court,629
cousins,630
cousteau,631
cover,632
covers,633
cow,634
cowboy,635
cowboys,636
cpr,637
crabs,638
craft,639
cranberry,640
crash,641
cream,642
create,643
created,644
creator,645
creature,646
creatures,647
credit,648
credited,649
creeps,650
crickets,651
criminal,652
crokinole,653
crop,654
cross,655
crown,656
crystals,657
cube,658
cubic,659
cuckoo,660
cucumber,661
cup,662
currency,663
current,664
cut,665
da,666
daily,667
dakota,668
dam,669
damage,670
daminozide,671
dana,672
danced,673
dancing,674
daniel,675
danube,676
darkness,677
darth,678
data,679
database,680
date,681
dates,682
dating,683
daughter,684
daughters,685
david,686
davies,687
davis,688
day,689
daycare,690
days,691
dc,692
dead,693
deadliest,694
deal,695
dealer,696
deals,697
dealt,698
death,699
debate,700
debut,701
decathlon,702
december,703
declare,704
declared,705
deep,706
deepest,707
deer,708
defeat,709
defects,710
defense,711
define,712
defined,713
definition,714
degas,715
degrees,716
delaware,717
democratic,718
dentist,719
denver,720
department,721
depicted,722
depression,723
derby,724
desert,725
design,726
designed,727
designer,728
desire,729
desmond,730
details,731
detect,732
detective,733
determine,734
determined,735
develop,736
developed,737
developing,738
development,739
device,740
devices,741
dew,742
dextropropoxyphen,743
diabetes,744
dialing,745
diameter,746
diamond,747
diamonds,748
diary,749
dick,750
dicken,751
dickens,752
dictator,753
did,754
die,755
died,756
diego,757
difference,758
different,759
digits,760
dikembe,761
dime,762
diminutive,763
dinner,764
dinosaur,765
dioxide,766
direct,767
directed,768
direction,769
director,770
disabilities,771
disc,772
discover,773
discovered,774
disease,775
diseases,776
disk,777
disorder,778
display,779
distance,780
district,781
division,782
divorce,783
dna,784
does,785
dog,786
dogs,787
dogtown,788
doing,789
doll,790
dollar,791
dollars,792
dolly,793
domesticated,794
dominoes,795
don,796
donald,797
donated,798
doo,799
doody,800
doonesbury,801
door,802
dot,803
dots,804
double,805
dow,806
dozen,807
dr,808
dracula,809
draft,810
dream,811
drew,812
drink,813
drinking,814
drinks,815
drive,816
driven,817
dropped,818
drug,819
drugs,820
drunk,821
dry,822
dt,823
dubbed,824
duck,825
duel,826
duke,827
dumont,828
dumpty,829
dwarf,830
dwarfs,831
dwight,832
eagle,833
ear,834
early,835
earn,836
ears,837
earth,838
earthquake,839
easiest,840
east,841
easter,842
eastern,843
eat,844
eaten,845
economic,846
economy,847
edberg,848
edgar,849
edinburgh,850
edith,851
edition,852
editor,853
edmund,854
education,855
educational,856
edward,857
effect,858
effects,859
efficient,860
egg,861
eggs,862
egypt,863
eiffel,864
eighth,865
einstein,866
eisenhower,867
el,868
elected,869
election,870
elections,871
electoral,872
electric,873
electrical,874
electricity,875
element,876
elements,877
elephant,878
ella,879
elvis,880
em,881
email,882
embassy,883
emperor,884
empire,885
employee,886
end,887
endangered,888
ended,889
ends,890
enemy,891
energy,892
engine,893
engineering,894
engines,895
england,896
english,897
englishman,898
enter,899
enterprise,900
entertainer,901
entire,902
enzymes,903
epic,904
episode,905
equal,906
equator,907
equipment,908
equity,909
equivalent,910
era,911
erected,912
ernest,913
ernie,914
erupt,915
eruption,916
espionage,917
establish,918
established,919
estate,920
eternity,921
ethel,922
ethnic,923
europe,924
european,925
event,926
events,927
everest,928
ewoks,929
exactly,930
example,931
exchange,932
executed,933
exercise,934
exist,935
existence,936
expectancy,937
expectant,938
expensive,939
experts,940
explorer,941
export,942
exports,943
expression,944
exxon,945
eye,946
eyes,947
ezra,948
face,949
faced,950
faces,951
facial,952
failure,953
fair,954
faith,955
falklands,956
fall,957
falls,958
false,959
fame,960
famed,961
family,962
famous,963
fans,964
far,965
fare,966
farthest,967
fast,968
fastest,969
fat,970
fatal,971
fated,972
father,973
fathom,974
favorite,975
fawaz,976
fax,977
fdr,978
fear,979
feature,980
featured,981
features,982
february,983
federal,984
feeling,985
feet,986
fein,987
female,988
festival,989
feudal,990
fever,991
fiber,992
fiction,993
fictional,994
fidelis,995
field,996
fields,997
fifth,998
fight,999
figure,1000
file,1001
files,1002
film,1003
films,1004
fine,1005
fined,1006
finger,1007
fingers,1008
fired,1009
firm,1010
fish,1011
fit,1012
fitzgerald,1013
flag,1014
flags,1015
flavor,1016
flavors,1017
flew,1018
flies,1019
flight,1020
flintstones,1021
float,1022
floor,1023
floors,1024
florence,1025
florida,1026
flourish,1027
flow,1028
flower,1029
flowers,1030
flows,1031
fly,1032
flying,1033
folic,1034
follow,1035
followed,1036
following,1037
food,1038
foods,1039
fool,1040
foot,1041
football,1042
force,1043
forced,1044
forces,1045
ford,1046
forest,1047
forests,1048
form,1049
format,1050
formed,1051
formula,1052
fort,1053
fortune,1054
fought,1055
founded,1056
founder,1057
fountain,1058
fourth,1059
fox,1060
fraction,1061
france,1062
francis,1063
francisco,1064
frank,1065
frankenstein,1066
frankfurt,1067
franklin,1068
fraze,1069
fred,1070
frederick,1071
free,1072
french,1073
frequency,1074
fresh,1075
freud,1076
friend,1077
frog,1078
frogs,1079
frontier,1080
frozen,1081
fruit,1082
fuel,1083
fun,1084
function,1085
fungal,1086
fur,1087
fusion,1088
future,1089
gain,1090
gained,1091
gallon,1092
gallons,1093
gamble,1094
game,1095
games,1096
gandhi,1097
gang,1098
garden,1099
garland,1100
garry,1101
gas,1102
gate,1103
gates,1104
gateway,1105
gatsby,1106
gave,1107
gay,1108
geese,1109
gender,1110
gene,1111
general,1112
generals,1113
generator,1114
genesis,1115
genetics,1116
geographical,1117
george,1118
georgia,1119
gerald,1120
german,1121
germany,1122
gestation,1123
getting,1124
gettysburg,1125
gilbert,1126
gin,1127
giraffe,1128
girl,1129
girls,1130
given,1131
gives,1132
giving,1133
glacier,1134
glass,1135
glitters,1136
global,1137
globe,1138
glory,1139
glove,1140
goat,1141
god,1142
goddess,1143
gods,1144
goes,1145
gogh,1146
going,1147
gold,1148
golden,1149
golf,1150
golfer,1151
gone,1152
good,1153
goodall,1154
gorbachev,1155
got,1156
gould,1157
government,1158
governor,1159
gparsedonedigit,1160
grace,1161
graced,1162
graces,1163
graduate,1164
grand,1165
grant,1166
grapes,1167
gravity,1168
gray,1169
great,1170
greatest,1171
greece,1172
greek,1173
green,1174
greeting,1175
grooves,1176
gross,1177
ground,1178
group,1179
groups,1180
grow,1181
growing,1182
guild,1183
guinea,1184
guitar,1185
gulf,1186
gulliver,1187
habeas,1188
habitat,1189
hair,1190
half,1191
hall,1192
ham,1193
hamblen,1194
hamburger,1195
hamlet,1196
hampshire,1197
hand,1198
handful,1199
handheld,1200
handle,1201
hands,1202
hank,1203
happen,1204
happened,1205
happens,1206
hara,1207
harbor,1208
hard,1209
hardest,1210
harrison,1211
harry,1212
harvey,1213
hass,1214
hastings,1215
hat,1216
hate,1217
having,1218
havoc,1219
hawaii,1220
hawaiian,1221
hawks,1222
hazmat,1223
head,1224
headed,1225
headquartered,1226
headquarters,1227
healthy,1228
hear,1229
hearing,1230
hearst,1231
heart,1232
hearts,1233
heaven,1234
heavier,1235
heaviest,1236
heavily,1237
held,1238
helen,1239
helens,1240
helicopter,1241
helium,1242
hell,1243
help,1244
helps,1245
hemingway,1246
hemisphere,1247
henry,1248
hepburn,1249
herb,1250
hermit,1251
hero,1252
heroine,1253
hibernia,1254
high,1255
highest,1256
highway,1257
hike,1258
hillary,1259
hillbillies,1260
hills,1261
historical,1262
history,1263
hit,1264
hitler,1265
hitting,1266
hiv,1267
hockey,1268
hoffman,1269
hold,1270
holds,1271
hole,1272
holes,1273
holiday,1274
holland,1275
hollywood,1276
holy,1277
home,1278
homelite,1279
honecker,1280
honey,1281
honor,1282
hood,1283
hook,1284
hooligans,1285
hoover,1286
hope,1287
horoscope,1288
horrors,1289
horse,1290
horsepower,1291
horses,1292
host,1293
hot,1294
hotel,1295
hour,1296
hours,1297
house,1298
household,1299
houses,1300
housewife,1301
howard,1302
howdy,1303
hub,1304
hudson,1305
hughes,1306
hugo,1307
hulk,1308
human,1309
humans,1310
humidity,1311
humphrey,1312
humpty,1313
hungarian,1314
hungary,1315
hunter,1316
hunting,1317
hurricane,1318
husband,1319
hussein,1320
huston,1321
hydrogen,1322
hymn,1323
hypertension,1324
ibm,1325
ice,1326
iceland,1327
idea,1328
idealab,1329
identity,1330
ii,1331
iii,1332
ileana,1333
ill,1334
illinois,1335
image,1336
imaginary,1337
important,1338
importer,1339
importers,1340
inch,1341
inches,1342
incident,1343
include,1344
included,1345
includes,1346
income,1347
increase,1348
incredible,1349
independence,1350
independent,1351
india,1352
indian,1353
indians,1354
indies,1355
individuals,1356
indonesia,1357
industrial,1358
infamous,1359
infection,1360
infectious,1361
info,1362
information,1363
ingredient,1364
injection,1365
innings,1366
inside,1367
inspired,1368
instead,1369
institute,1370
instrument,1371
insurance,1372
intelligence,1373
intercourse,1374
interesting,1375
international,1376
internet,1377
introduce,1378
introduced,1379
invasion,1380
invent,1381
invented,1382
inventor,1383
inventors,1384
investigation,1385
involved,1386
ioc,1387
iq,1388
iraq,1389
ireland,1390
irish,1391
iron,1392
islamic,1393
island,1394
islands,1395
israel,1396
issue,1397
issued,1398
italian,1399
italians,1400
italy,1401
ivy,1402
jack,1403
jackie,1404
jackson,1405
jacques,1406
jail,1407
jake,1408
james,1409
jamiroquai,1410
jane,1411
january,1412
japan,1413
japanese,1414
jaws,1415
jean,1416
jefferson,1417
jerry,1418
jersey,1419
jesse,1420
jesus,1421
jewish,1422
jews,1423
jimmy,1424
joan,1425
job,1426
jockey,1427
joe,1428
jogging,1429
jogis,1430
john,1431
johnny,1432
johnson,1433
join,1434
joined,1435
joint,1436
jonathan,1437
jones,1438
joplin,1439
jordan,1440
joseph,1441
josie,1442
journal,1443
journalist,1444
journey,1445
jr,1446
jude,1447
judson,1448
judy,1449
juice,1450
july,1451
june,1452
jungle,1453
just,1454
justice,1455
kalahari,1456
kangaroo,1457
kansas,1458
kappa,1459
kasparov,1460
keeps,1461
kennedy,1462
kentucky,1463
kept,1464
kevin,1465
keyboard,1466
khrushchev,1467
kid,1468
kids,1469
killed,1470
killer,1471
kills,1472
kind,1473
kinds,1474
king,1475
kings,1476
kiss,1477
kitchen,1478
know,1479
known,1480
knox,1481
kong,1482
korea,1483
korean,1484
kosovo,1485
kuwait,1486
la,1487
label,1488
labels,1489
labor,1490
lack,1491
lady,1492
lagoon,1493
lake,1494
lakes,1495
land,1496
landed,1497
landmark,1498
language,1499
languages,1500
lantern,1501
large,1502
larger,1503
largest,1504
larry,1505
las,1506
laser,1507
late,1508
latin,1509
latitude,1510
laugh,1511
launched,1512
lauren,1513
law,1514
lawrence,1515
lawyer,1516
lay,1517
lead,1518
leader,1519
leaders,1520
leading,1521
leads,1522
league,1523
learn,1524
learning,1525
leave,1526
leaving,1527
lebanon,1528
led,1529
lee,1530
left,1531
legal,1532
legally,1533
legendary,1534
legged,1535
legs,1536
lemmon,1537
length,1538
lengths,1539
lens,1540
leon,1541
leper,1542
lethal,1543
letter,1544
letters,1545
leukemia,1546
level,1547
lewis,1548
li,1549
liberty,1550
library,1551
lice,1552
lie,1553
life,1554
light,1555
lightning,1556
lights,1557
like,1558
likely,1559
likes,1560
limit,1561
limits,1562
lincoln,1563
lindbergh,1564
line,1565
liner,1566
lion,1567
lips,1568
lisa,1569
list,1570
lite,1571
literal,1572
literary,1573
literature,1574
litmus,1575
little,1576
live,1577
lived,1578
liver,1579
liverpool,1580
lives,1581
living,1582
livingstone,1583
ll,1584
lloyd,1585
lobster,1586
located,1587
location,1588
log,1589
logan,1590
london,1591
long,1592
longest,1593
longitude,1594
look,1595
looking,1596
lord,1597
los,1598
lose,1599
loss,1600
lost,1601
louis,1602
louisiana,1603
love,1604
lovers,1605
low,1606
lowest,1607
lsd,1608
lucas,1609
lucy,1610
luke,1611
lunch,1612
lung,1613
luther,1614
lyndon,1615
lyrics,1616
machines,1617
maclaine,1618
mad,1619
madonna,1620
madrid,1621
mae,1622
magazine,1623
magazines,1624
magic,1625
magna,1626
magnetic,1627
maid,1628
maiden,1629
mail,1630
main,1631
maine,1632
major,1633
majority,1634
make,1635
maker,1636
makes,1637
making,1638
malaysia,1639
male,1640
mall,1641
mammal,1642
man,1643
manager,1644
maneuver,1645
manned,1646
manufacture,1647
manufactured,1648
manufacturer,1649
manufactures,1650
mao,1651
map,1652
march,1653
marciano,1654
marco,1655
marcos,1656
margaret,1657
maria,1658
marijuana,1659
marine,1660
mark,1661
marked,1662
market,1663
markets,1664
marks,1665
marley,1666
marlowe,1667
marriage,1668
married,1669
marrow,1670
marry,1671
mars,1672
marshall,1673
martha,1674
martin,1675
martinis,1676
marvel,1677
marx,1678
mary,1679
maryland,1680
massachusetts,1681
massacre,1682
master,1683
match,1684
material,1685
materials,1686
math,1687
matter,1688
matterhorn,1689
maurice,1690
maurizio,1691
maximum,1692
mayor,1693
mccarren,1694
mckinley,1695
mcparsedonedigit,1696
mean,1697
meaning,1698
means,1699
meant,1700
measure,1701
measured,1702
meat,1703
medal,1704
medals,1705
medical,1706
medicine,1707
medieval,1708
mediterranean,1709
medium,1710
meeting,1711
mel,1712
melissa,1713
melting,1714
member,1715
members,1716
memphis,1717
men,1718
menace,1719
mentioned,1720
mentor,1721
mercury,1722
message,1723
met,1724
metal,1725
meter,1726
meters,1727
method,1728
mexican,1729
mexico,1730
miami,1731
michael,1732
michelangelo,1733
michener,1734
michigan,1735
microsoft,1736
middle,1737
mikhail,1738
mile,1739
miles,1740
military,1741
milk,1742
milky,1743
millennium,1744
miller,1745
millimeter,1746
million,1747
millions,1748
mills,1749
milton,1750
mineral,1751
minimum,1752
minister,1753
minnesota,1754
minor,1755
minutes,1756
miss,1757
mission,1758
mississippi,1759
missouri,1760
mix,1761
mixing,1762
moby,1763
model,1764
modem,1765
modern,1766
mold,1767
mona,1768
monaco,1769
monarch,1770
monet,1771
money,1772
monitor,1773
monkey,1774
monopoly,1775
monster,1776
mont,1777
month,1778
months,1779
moon,1780
moore,1781
moral,1782
mormons,1783
morning,1784
moscow,1785
mosquito,1786
mother,1787
motion,1788
motors,1789
motto,1790
mount,1791
mountain,1792
mountains,1793
mouse,1794
mouth,1795
movement,1796
movie,1797
movies,1798
moving,1799
mozambique,1800
mr,1801
mrs,1802
ms,1803
muffins,1804
muhammad,1805
mules,1806
munich,1807
muppets,1808
murder,1809
murdered,1810
muscles,1811
museum,1812
music,1813
musical,1814
mutiny,1815
mutombo,1816
myrtle,1817
mystery,1818
nadia,1819
namath,1820
named,1821
names,1822
napoleon,1823
napsylate,1824
narrates,1825
nasa,1826
nation,1827
national,1828
nationality,1829
nations,1830
native,1831
natural,1832
nature,1833
nautical,1834
naval,1835
navy,1836
nazi,1837
nazis,1838
nba,1839
neal,1840
near,1841
nebraska,1842
need,1843
needle,1844
neil,1845
nelson,1846
neon,1847
nero,1848
netherlands,1849
network,1850
neurological,1851
neurosurgeon,1852
nevada,1853
new,1854
news,1855
newspaper,1856
nfl,1857
nhl,1858
nicholas,1859
nickname,1860
nicknamed,1861
night,1862
nile,1863
nino,1864
nintendo,1865
nixon,1866
nn,1867
nnp,1868
nns,1869
nobel,1870
noble,1871
nominated,1872
non,1873
normal,1874
north,1875
northernmost,1876
norway,1877
nose,1878
nostradamus,1879
notes,1880
novel,1881
novelist,1882
november,1883
nowadays,1884
nuclear,1885
number,1886
numbers,1887
numeral,1888
numerals,1889
nun,1890
nursery,1891
nuts,1892
oat,1893
object,1894
objects,1895
occupation,1896
occupy,1897
occur,1898
occurs,1899
ocean,1900
oceans,1901
octopus,1902
odds,1903
odors,1904
offer,1905
office,1906
officer,1907
offices,1908
official,1909
ohio,1910
oil,1911
oklahoma,1912
old,1913
oldest,1914
olsen,1915
olympic,1916
olympics,1917
online,1918
opened,1919
opener,1920
opening,1921
opens,1922
opera,1923
operating,1924
operation,1925
operations,1926
opposite,1927
orange,1928
orca,1929
order,1930
organ,1931
organism,1932
organization,1933
orgasm,1934
oriented,1935
origin,1936
original,1937
originally,1938
originate,1939
originated,1940
orleans,1941
oscar,1942
oscars,1943
osteoporosis,1944
oswald,1945
ouija,1946
outcome,1947
outer,1948
output,1949
outside,1950
oven,1951
owned,1952
owns,1953
oz,1954
ozone,1955
pacific,1956
page,1957
pages,1958
paid,1959
paint,1960
painted,1961
painter,1962
painting,1963
pairs,1964
palace,1965
palmer,1966
pan,1967
panama,1968
panel,1969
panic,1970
paper,1971
par,1972
parents,1973
paris,1974
park,1975
parker,1976
parking,1977
parks,1978
parrot,1979
parseddigits,1980
parsedfivedigits,1981
parsedfourdigits,1982
parsedfourdigitss,1983
parsedonedigit,1984
parsedonedigitth,1985
parsedthreedigits,1986
parsedtwodigits,1987
parsedtwodigitsrd,1988
parsedtwodigitsth,1989
partner,1990
parton,1991
party,1992
pascal,1993
paso,1994
pass,1995
patent,1996
patented,1997
paul,1998
pay,1999
pea,2000
peace,2001
peachy,2002
peak,2003
peanut,2004
pearl,2005
pellegrin,2006
pendulum,2007
penetrate,2008
peninsula,2009
penis,2010
penned,2011
pennsylvania,2012
penny,2013
people,2014
pepper,2015
pepsi,2016
percent,2017
percentage,2018
perfect,2019
perform,2020
performer,2021
period,2022
perpetual,2023
persian,2024
person,2025
personality,2026
peter,2027
ph,2028
phenomenon,2029
philippines,2030
phoenix,2031
phone,2032
photographer,2033
physical,2034
piano,2035
pickering,2036
picture,2037
pictures,2038
piece,2039
pig,2040
piggy,2041
pigs,2042
pilot,2043
pilots,2044
pineapple,2045
pines,2046
pink,2047
pins,2048
piracy,2049
pistol,2050
pit,2051
pitcher,2052
pitchers,2053
pittsburgh,2054
pizza,2055
place,2056
plain,2057
plan,2058
plane,2059
planet,2060
plant,2061
planted,2062
plants,2063
plastic,2064
play,2065
playboy,2066
played,2067
player,2068
players,2069
playing,2070
plays,2071
plo,2072
pneumonia,2073
poe,2074
poem,2075
poet,2076
point,2077
points,2078
poison,2079
poisoning,2080
poker,2081
poland,2082
pole,2083
police,2084
policy,2085
polio,2086
polish,2087
poll,2088
pollock,2089
pollution,2090
polo,2091
pooh,2092
poor,2093
pop,2094
pope,2095
popeye,2096
popular,2097
populated,2098
population,2099
port,2100
portrayed,2101
position,2102
possession,2103
possible,2104
post,2105
postage,2106
postal,2107
potlatch,2108
pound,2109
pounds,2110
pow,2111
powell,2112
power,2113
powerful,2114
powers,2115
pox,2116
practice,2117
prayer,2118
preacher,2119
pregnacy,2120
pregnancy,2121
pregnant,2122
premiered,2123
prepared,2124
present,2125
presidency,2126
president,2127
presidential,2128
presidents,2129
presley,2130
press,2131
pressure,2132
prevent,2133
prewitt,2134
price,2135
pride,2136
primary,2137
prime,2138
prince,2139
princess,2140
principle,2141
principles,2142
print,2143
printing,2144
prism,2145
prison,2146
private,2147
prize,2148
pro,2149
probability,2150
problems,2151
process,2152
procter,2153
produce,2154
produced,2155
producer,2156
produces,2157
producing,2158
product,2159
production,2160
products,2161
profession,2162
professional,2163
professor,2164
program,2165
programming,2166
project,2167
promote,2168
prompted,2169
pronounce,2170
pronounced,2171
proper,2172
properties,2173
prophet,2174
protein,2175
proud,2176
provider,2177
provides,2178
province,2179
pseudonym,2180
public,2181
publish,2182
published,2183
pulitzer,2184
pull,2185
punch,2186
purchase,2187
purchased,2188
purified,2189
purpose,2190
purposes,2191
pursuit,2192
pussycats,2193
putting,2194
putty,2195
pyramid,2196
qigong,2197
quadruplets,2198
quarts,2199
queen,2200
question,2201
questions,2202
rabbit,2203
race,2204
races,2205
racing,2206
radio,2207
rail,2208
railroad,2209
railway,2210
rain,2211
rainbow,2212
raise,2213
raised,2214
ranch,2215
randy,2216
range,2217
ranges,2218
rank,2219
rascals,2220
rate,2221
ratified,2222
rating,2223
ratio,2224
ray,2225
razor,2226
reach,2227
reactivity,2228
read,2229
reading,2230
ready,2231
reagan,2232
real,2233
really,2234
reason,2235
receive,2236
received,2237
recently,2238
recipe,2239
record,2240
recorded,2241
records,2242
red,2243
refer,2244
reference,2245
regarding,2246
region,2247
register,2248
regular,2249
reign,2250
reims,2251
related,2252
relations,2253
relationship,2254
relative,2255
release,2256
released,2257
religion,2258
religions,2259
remain,2260
remove,2261
removed,2262
rent,2263
replaced,2264
represent,2265
representative,2266
representatives,2267
represented,2268
republic,2269
research,2270
resource,2271
responsible,2272
rest,2273
restaurant,2274
restore,2275
restored,2276
results,2277
return,2278
review,2279
revolution,2280
revolutionaries,2281
revolve,2282
rex,2283
rhett,2284
rhodes,2285
rice,2286
rich,2287
richard,2288
richest,2289
rick,2290
ride,2291
rider,2292
right,2293
rights,2294
ring,2295
rise,2296
rites,2297
river,2298
rivers,2299
road,2300
robert,2301
robin,2302
robinson,2303
rock,2304
rockefeller,2305
rocky,2306
rode,2307
roe,2308
roger,2309
rogers,2310
role,2311
roll,2312
roller,2313
rolling,2314
roman,2315
romans,2316
romantic,2317
rome,2318
ronald,2319
rooftops,2320
room,2321
roosevelt,2322
root,2323
rosa,2324
rose,2325
ross,2326
rotary,2327
round,2328
row,2329
roy,2330
royal,2331
rubber,2332
rubik,2333
ruin,2334
rule,2335
ruled,2336
rules,2337
rum,2338
run,2339
running,2340
runs,2341
russia,2342
russian,2343
russians,2344
rust,2345
ruth,2346
saddam,2347
safe,2348
said,2349
sailors,2350
saint,2351
salary,2352
sales,2353
salesman,2354
salonen,2355
salt,2356
saltpeter,2357
sam,2358
samuel,2359
san,2360
sang,2361
sank,2362
santa,2363
santos,2364
satellite,2365
satellites,2366
saturday,2367
sauce,2368
save,2369
saw,2370
say,2371
saying,2372
says,2373
scandinavian,2374
scarlett,2375
scholar,2376
school,2377
schools,2378
science,2379
scientific,2380
scientists,2381
scooby,2382
scopes,2383
score,2384
scotch,2385
scotland,2386
scottish,2387
scoundrel,2388
scouts,2389
scrabble,2390
screen,2391
screenplay,2392
scrooge,2393
scruples,2394
sculpture,2395
sea,2396
seaport,2397
search,2398
seas,2399
season,2400
seasons,2401
seat,2402
seattle,2403
second,2404
secret,2405
secretary,2406
section,2407
security,2408
seeing,2409
seen,2410
sees,2411
seized,2412
seizure,2413
select,2414
self,2415
sell,2416
seller,2417
selling,2418
sells,2419
semper,2420
senate,2421
senator,2422
send,2423
sensitive,2424
sent,2425
sentence,2426
separated,2427
separates,2428
september,2429
sequel,2430
sergeant,2431
series,2432
serve,2433
served,2434
service,2435
serving,2436
set,2437
setting,2438
seven,2439
seventeen,2440
sex,2441
sexual,2442
shake,2443
shakespeare,2444
shall,2445
shampoo,2446
shape,2447
share,2448
shared,2449
sharp,2450
shea,2451
shelley,2452
shevardnadze,2453
shield,2454
ship,2455
ships,2456
shirley,2457
shoe,2458
shoes,2459
shoot,2460
shooting,2461
shores,2462
short,2463
shot,2464
shouldn,2465
shouts,2466
shows,2467
shuttle,2468
sicily,2469
sided,2470
sides,2471
sierra,2472
sigmund,2473
sign,2474
signature,2475
signed,2476
significant,2477
silent,2478
silly,2479
silver,2480
silversmiths,2481
simon,2482
simple,2483
simpson,2484
simpsons,2485
sinatra,2486
sing,2487
singer,2488
singing,2489
single,2490
singles,2491
sings,2492
singular,2493
sink,2494
sinn,2495
sioux,2496
sir,2497
sister,2498
sisters,2499
sistine,2500
sitcom,2501
site,2502
sites,2503
size,2504
sizes,2505
skin,2506
skywalker,2507
slam,2508
slave,2509
sled,2510
sleep,2511
slinky,2512
slogan,2513
slow,2514
small,2515
smallest,2516
smith,2517
smoking,2518
snore,2519
snow,2520
soap,2521
soccer,2522
social,2523
society,2524
soda,2525
sodium,2526
soft,2527
softball,2528
software,2529
solar,2530
sold,2531
soldier,2532
soldiers,2533
son,2534
song,2535
songs,2536
sons,2537
sort,2538
sound,2539
soup,2540
source,2541
south,2542
southern,2543
soviet,2544
space,2545
spacecraft,2546
spaces,2547
spacewalk,2548
spain,2549
span,2550
spangled,2551
spanish,2552
spawned,2553
speak,2554
spears,2555
special,2556
species,2557
spectrum,2558
speed,2559
spelled,2560
spelling,2561
spend,2562
spent,2563
sperm,2564
spice,2565
spider,2566
spielberg,2567
spill,2568
spins,2569
split,2570
spoke,2571
spoken,2572
sport,2573
sports,2574
spread,2575
spumante,2576
spy,2577
square,2578
squares,2579
st,2580
stadium,2581
staff,2582
stage,2583
stains,2584
stalin,2585
stamp,2586
stand,2587
standard,2588
stands,2589
stanford,2590
stanley,2591
star,2592
starred,2593
starring,2594
stars,2595
start,2596
started,2597
starting,2598
starts,2599
state,2600
statement,2601
states,2602
station,2603
stationed,2604
stations,2605
statistics,2606
statue,2607
statues,2608
steal,2609
steam,2610
steel,2611
stefan,2612
steinbeck,2613
stephen,2614
steps,2615
stereo,2616
steven,2617
stevie,2618
stewart,2619
stick,2620
stock,2621
stocks,2622
stole,2623
stone,2624
stones,2625
stop,2626
stopped,2627
stops,2628
store,2629
storm,2630
story,2631
strait,2632
streak,2633
street,2634
stretch,2635
strikes,2636
strip,2637
stripes,2638
strips,2639
strong,2640
strontium,2641
struck,2642
structure,2643
stuart,2644
student,2645
students,2646
studios,2647
study,2648
style,2649
submarine,2650
substance,2651
subtitled,2652
subway,2653
success,2654
successful,2655
suffer,2656
sugar,2657
suit,2658
suite,2659
sullivan,2660
summer,2661
sun,2662
super,2663
superman,2664
superstar,2665
supposed,2666
supreme,2667
surface,2668
surname,2669
surrender,2670
surrendered,2671
surrounds,2672
suspension,2673
swap,2674
sweet,2675
swimmer,2676
swimming,2677
switzerland,2678
sydney,2679
symbol,2680
syndrome,2681
syrup,2682
systems,2683
tab,2684
table,2685
tail,2686
taiwanese,2687
takes,2688
tale,2689
talk,2690
talking,2691
tall,2692
tallest,2693
tammy,2694
target,2695
taste,2696
tax,2697
taylor,2698
tea,2699
team,2700
teams,2701
teaspoon,2702
technical,2703
technique,2704
teddy,2705
teenager,2706
teeth,2707
teflon,2708
telephone,2709
television,2710
tell,2711
tells,2712
temperature,2713
temperatures,2714
temple,2715
tennessee,2716
tennis,2717
tenpin,2718
term,2719
terms,2720
territory,2721
terrorist,2722
test,2723
testament,2724
texas,2725
thalassemia,2726
thank,2727
thatcher,2728
theme,2729
theory,2730
thing,2731
things,2732
think,2733
thomas,2734
thought,2735
throat,2736
thumb,2737
thunder,2738
ticket,2739
tie,2740
tiger,2741
time,2742
times,2743
tin,2744
tip,2745
titanic,2746
title,2747
titled,2748
toast,2749
today,2750
toes,2751
toilet,2752
tokyo,2753
told,2754
tolkien,2755
toll,2756
tom,2757
tomato,2758
ton,2759
tongue,2760
tony,2761
took,2762
topped,2763
tornado,2764
total,2765
touch,2766
touching,2767
tour,2768
tourist,2769
tourists,2770
tournament,2771
tower,2772
town,2773
toy,2774
toys,2775
tracy,2776
trade,2777
trademark,2778
traditional,2779
tragedy,2780
trail,2781
train,2782
training,2783
transplant,2784
travel,2785
traveled,2786
travels,2787
treasure,2788
treasury,2789
treat,2790
treatment,2791
tree,2792
trees,2793
trek,2794
trial,2795
trials,2796
triangle,2797
tribe,2798
tried,2799
trip,2800
triple,2801
tristar,2802
trivial,2803
troops,2804
trophy,2805
truman,2806
truth,2807
try,2808
trying,2809
tube,2810
tuberculosis,2811
tune,2812
tunnel,2813
turkey,2814
turn,2815
turned,2816
tutu,2817
tv,2818
twice,2819
twin,2820
twins,2821
type,2822
types,2823
typewriter,2824
typical,2825
typist,2826
uk,2827
ulysses,2828
unaccounted,2829
underwater,2830
underworld,2831
unemployment,2832
uniform,2833
uniforms,2834
union,2835
unique,2836
united,2837
universe,2838
university,2839
upper,2840
uris,2841
usa,2842
use,2843
used,2844
uses,2845
using,2846
usually,2847
utah,2848
vaccine,2849
vacuum,2850
vader,2851
vagina,2852
valdez,2853
valentine,2854
valley,2855
valuable,2856
value,2857
van,2858
varian,2859
variety,2860
various,2861
vatican,2862
vbp,2863
vcr,2864
ve,2865
vegas,2866
vegetable,2867
vehicles,2868
veins,2869
ventura,2870
venus,2871
verdict,2872
vermouth,2873
verses,2874
vessels,2875
vhf,2876
vhs,2877
vice,2878
victor,2879
victoria,2880
victorian,2881
victory,2882
video,2883
vienna,2884
vietnam,2885
vietnamese,2886
viking,2887
village,2888
vincent,2889
vineyard,2890
virgin,2891
virginia,2892
virtual,2893
visit,2894
visitors,2895
vitamin,2896
voice,2897
volcano,2898
volcanoes,2899
von,2900
vote,2901
votes,2902
voting,2903
vowel,2904
vs,2905
wage,2906
wake,2907
walk,2908
walker,2909
wall,2910
wallpaper,2911
walls,2912
walter,2913
want,2914
war,2915
warner,2916
wars,2917
wash,2918
washington,2919
watch,2920
water,2921
watergate,2922
wave,2923
way,2924
ways,2925
weapon,2926
weapons,2927
wear,2928
wearing,2929
wears,2930
weather,2931
web,2932
website,2933
websites,2934
wedding,2935
week,2936
weeks,2937
weigh,2938
weight,2939
went,2940
west,2941
western,2942
wet,2943
whale,2944
wheel,2945
whisky,2946
whitcomb,2947
white,2948
wide,2949
widely,2950
wife,2951
wild,2952
william,2953
williams,2954
willie,2955
willy,2956
wilson,2957
wimbledon,2958
win,2959
wind,2960
windows,2961
windsor,2962
wine,2963
wines,2964
wings,2965
winner,2966
winners,2967
winnie,2968
winning,2969
winter,2970
wise,2971
witch,2972
wives,2973
wizard,2974
wolfe,2975
woman,2976
women,2977
won,2978
wonder,2979
wonderland,2980
wonders,2981
wood,2982
woodpecker,2983
woodrow,2984
woody,2985
word,2986
words,2987
work,2988
worked,2989
working,2990
world,2991
worlds,2992
worldwide,2993
worms,2994
worn,2995
worst,2996
worth,2997
wrath,2998
wrestler,2999
wright,3000
wrist,3001
write,3002
writer,3003
writing,3004
written,3005
wrote,3006
wwii,3007
www,3008
wyoming,3009
yahoo,3010
yalta,3011
yankee,3012
yankees,3013
yard,3014
yards,3015
year,3016
years,3017
yellow,3018
yellowstone,3019
york,3020
young,3021
youngest,3022
youngsters,3023
younis,3024
yukon,3025
zeppelin,3026
zero,3027
zimbabwe,3028
zip,3029
zodiacal,3030
zones,3031
