aaron,0
abbreviated,1
abbreviation,2
ability,3
abner,4
aborigines,5
abraham,6
abstract,7
abuse,8
academy,9
access,10
according,11
account,12
acid,13
acne,14
acronym,15
act,16
acted,17
active,18
actor,19
actors,20
actress,21
actually,22
ad,23
add,24
address,25
addresses,26
administration,27
admit,28
adopt,29
adopted,30
ads,31
adult,32
adventures,33
advertise,34
advertises,35
advertising,36
affect,37
affected,38
afghanistan,39
africa,40
african,41
afternoon,42
age,43
aged,44
ages,45
ago,46
agree,47
aid,48
aids,49
air,50
airline,51
airplane,52
airport,53
airports,54
al,55
alan,56
alaska,57
albert,58
album,59
alcohol,60
alcoholic,61
alexander,62
alexandra,63
algeria,64
ali,65
alice,66
allen,67
alley,68
allowed,69
alphabet,70
alphabetical,71
alphabetically,72
amateur,73
amazing,74
amazon,75
ambassador,76
amendment,77
america,78
american,79
americans,80
americas,81
amherst,82
amphibians,83
amtrak,84
ancient,85
andrew,86
andrews,87
andy,88
angeles,89
angels,90
anglican,91
animal,92
animals,93
animated,94
anniversary,95
announced,96
answers,97
anthem,98
anthony,99
anti,100
aol,101
apart,102
apartment,103
apollo,104
appear,105
appearance,106
appearances,107
appeared,108
appears,109
apple,110
apples,111
appointed,112
approximate,113
approximately,114
april,115
arch,116
archie,117
architect,118
architecture,119
arctic,120
area,121
areas,122
argentina,123
argentine,124
aristotle,125
arkansas,126
armor,127
armstrong,128
army,129
arnold,130
arrow,131
art,132
arthur,133
articles,134
artificial,135
artist,136
ash,137
asia,138
asian,139
ask,140
asked,141
aspartame,142
assassinate,143
assassinated,144
assassination,145
associated,146
associates,147
association,148
astronaut,149
astronauts,150
athlete,151
athletes,152
athletic,153
atlantic,154
atm,155
atom,156
attack,157
attacks,158
attempt,159
attempts,160
attend,161
attraction,162
attractions,163
august,164
australia,165
australian,166
austria,167
author,168
auto,169
autobiography,170
automobile,171
available,172
avenue,173
average,174
avery,175
award,176
awarded,177
awards,178
away,179
babe,180
baby,181
background,182
bad,183
bakery,184
baking,185
bald,186
ball,187
ballet,188
balls,189
baltic,190
banana,191
band,192
bank,193
banned,194
banner,195
bar,196
barbados,197
barbie,198
barnum,199
barrymore,200
bars,201
baseball,202
based,203
basketball,204
bastille,205
bat,206
battery,207
battle,208
battles,209
bay,210
beach,211
beak,212
beanie,213
beans,214
bear,215
bears,216
beat,217
beatles,218
beauty,219
beaver,220
bed,221
bee,222
beer,223
beers,224
bees,225
beethoven,226
beetle,227
began,228
begin,229
begins,230
belgium,231
believe,232
bell,233
belushi,234
ben,235
benefits,236
benny,237
berlin,238
bert,239
best,240
bet,241
bette,242
better,243
betting,244
beverly,245
bible,246
biblical,247
bibliography,248
big,249
biggest,250
billy,251
biography,252
bird,253
birds,254
birth,255
birthday,256
birthplace,257
birthstone,258
black,259
blacks,260
blanc,261
bligh,262
blind,263
block,264
blood,265
bloom,266
blow,267
blue,268
blues,269
board,270
boasts,271
boat,272
bob,273
bobby,274
body,275
bogart,276
bolivia,277
bomb,278
bombay,279
bombing,280
bond,281
bone,282
bones,283
book,284
books,285
boosters,286
border,287
borders,288
born,289
borrow,290
boston,291
bottle,292
bottled,293
bottles,294
bought,295
bounty,296
bowl,297
bowling,298
box,299
boxer,300
boxing,301
boy,302
boys,303
bra,304
bradbury,305
brain,306
brand,307
brandenburg,308
brave,309
brazil,310
brazilian,311
breakfast,312
breed,313
breeds,314
bridge,315
brightest,316
britain,317
british,318
broadcast,319
broadcasting,320
broadway,321
broke,322
broken,323
bronze,324
brooklyn,325
brooks,326
bros,327
brother,328
brothers,329
brought,330
brown,331
browns,332
brunei,333
brush,334
bud,335
buffalo,336
bug,337
bugs,338
build,339
building,340
buildings,341
built,342
bull,343
bulls,344
bunker,345
bureau,346
buried,347
burned,348
bush,349
busiest,350
business,351
businesses,352
bust,353
butler,354
butter,355
butterfield,356
buy,357
buys,358
cabinet,359
cable,360
cache,361
caesar,362
caffeinated,363
caffeine,364
cage,365
cairo,366
calcium,367
calculate,368
calculator,369
calendar,370
caliente,371
california,372
called,373
callosum,374
calls,375
calories,376
came,377
camel,378
camera,379
camp,380
canada,381
canadian,382
canal,383
canary,384
cancer,385
candle,386
candy,387
cane,388
canine,389
cans,390
canyon,391
cap,392
capita,393
capital,394
capone,395
captain,396
car,397
carbon,398
card,399
cards,400
care,401
career,402
caribbean,403
carl,404
carol,405
carolina,406
carries,407
carry,408
cars,409
carta,410
carter,411
cartoon,412
cartoons,413
casablanca,414
case,415
cases,416
casey,417
cash,418
castle,419
cat,420
catch,421
category,422
cathedral,423
cats,424
cause,425
caused,426
causes,427
causing,428
cave,429
cd,430
ce,431
celebrated,432
celebrities,433
celebrity,434
cells,435
cement,436
cent,437
center,438
centers,439
central,440
century,441
cereal,442
ceremony,443
certain,444
chain,445
chairman,446
chairs,447
champion,448
champions,449
championship,450
chance,451
chancellor,452
chances,453
change,454
changed,455
channel,456
chapel,457
chappellet,458
chapter,459
character,460
characters,461
charge,462
charles,463
charley,464
charlie,465
check,466
cheese,467
chefs,468
chemical,469
chemicals,470
chess,471
chicago,472
chicken,473
chief,474
child,475
children,476
chilean,477
china,478
chinese,479
chocolate,480
chris,481
christ,482
christian,483
christmas,484
christopher,485
chromosome,486
chronic,487
chronicles,488
church,489
churchill,490
cigarette,491
circle,492
cities,493
citizen,494
city,495
civil,496
civilization,497
claim,498
claimed,499
claims,500
clara,501
clark,502
class,503
classic,504
classical,505
claus,506
clay,507
clean,508
cleveland,509
climate,510
clinton,511
clock,512
close,513
closest,514
closing,515
clothes,516
clothing,517
clouds,518
clown,519
club,520
cnn,521
coach,522
coal,523
coast,524
coastal,525
coastline,526
coca,527
cocaine,528
cocktail,529
coconut,530
code,531
coffee,532
cognac,533
coin,534
cola,535
cold,536
colin,537
collect,538
collection,539
college,540
colleges,541
cologne,542
colombia,543
colonial,544
colonies,545
colonists,546
colony,547
color,548
colorado,549
colored,550
colorful,551
colors,552
colt,553
columbia,554
columbus,555
com,556
comaneci,557
come,558
comedian,559
comedienne,560
comedy,561
comes,562
comic,563
comics,564
coming,565
command,566
commandments,567
commerce,568
commercial,569
commit,570
committee,571
commodity,572
common,573
commonly,574
commune,575
communist,576
community,577
companies,578
companion,579
company,580
compared,581
compatible,582
competition,583
complete,584
composer,585
computer,586
concentration,587
concorde,588
condiment,589
condition,590
coney,591
confederate,592
conference,593
congress,594
congressman,595
connected,596
conrad,597
consciousness,598
consecutive,599
considered,600
constellation,601
constitution,602
constructed,603
contact,604
contain,605
contains,606
contemptible,607
contest,608
continent,609
continental,610
contract,611
control,612
controls,613
conversion,614
convicted,615
cookies,616
cooking,617
cool,618
cooler,619
cooper,620
cop,621
copies,622
copper,623
coral,624
cork,625
corn,626
corner,627
corporation,628
corpus,629
correct,630
correctly,631
cosmology,632
cost,633
costa,634
costner,635
cotrubas,636
council,637
count,638
counterpart,639
countries,640
country,641
county,642
coup,643
couple,644
course,645
court,646
cousins,647
cousteau,648
cover,649
covers,650
cow,651
cowboy,652
cowboys,653
cpr,654
crabs,655
craft,656
cranberry,657
crash,658
cream,659
create,660
created,661
creator,662
creature,663
creatures,664
credit,665
credited,666
creeps,667
cricket,668
crickets,669
criminal,670
crokinole,671
crop,672
cross,673
crown,674
crust,675
crystals,676
cuba,677
cube,678
cubic,679
cucumber,680
cup,681
currency,682
current,683
cut,684
da,685
daily,686
dakota,687
dale,688
dam,689
damage,690
daminozide,691
dancing,692
daniel,693
darkness,694
darth,695
data,696
database,697
date,698
dates,699
dating,700
daughter,701
daughters,702
david,703
davies,704
davis,705
day,706
daycare,707
days,708
dc,709
dead,710
deadliest,711
dealer,712
deals,713
dealt,714
death,715
debate,716
debut,717
decathlon,718
december,719
declaration,720
declare,721
declared,722
deep,723
deepest,724
deer,725
defeat,726
defects,727
defense,728
define,729
defined,730
definition,731
degas,732
degrees,733
delaware,734
democratic,735
dentist,736
denver,737
deodorant,738
department,739
depression,740
derby,741
desert,742
design,743
designed,744
designer,745
desire,746
desmond,747
detect,748
detective,749
determine,750
develop,751
developed,752
developing,753
development,754
device,755
devices,756
dew,757
dextropropoxyphen,758
diabetes,759
dialing,760
diameter,761
diamond,762
diamonds,763
dick,764
dicken,765
dickens,766
dictator,767
did,768
die,769
died,770
diego,771
difference,772
different,773
digital,774
digits,775
dikembe,776
diminutive,777
dinner,778
dinosaur,779
dioxide,780
direct,781
directed,782
direction,783
directly,784
director,785
disabilities,786
disc,787
discover,788
discovered,789
disease,790
diseases,791
disk,792
disorder,793
display,794
distance,795
distinction,796
district,797
divided,798
division,799
divorce,800
dna,801
doctor,802
does,803
dog,804
dogs,805
dogtown,806
doing,807
doll,808
dollar,809
dollars,810
dolly,811
domesticated,812
dominoes,813
don,814
donated,815
doo,816
doody,817
doonesbury,818
door,819
dot,820
dots,821
double,822
dow,823
dr,824
dracula,825
draft,826
dream,827
dreams,828
drew,829
drink,830
drinking,831
drinks,832
drive,833
dropped,834
drug,835
drugs,836
drunk,837
dry,838
dt,839
dubbed,840
duck,841
duke,842
dumont,843
dumpty,844
dutch,845
dwarf,846
dwarfs,847
dwight,848
eagle,849
ear,850
early,851
earn,852
earth,853
earthquakes,854
easiest,855
east,856
eastern,857
eat,858
economic,859
economy,860
edberg,861
edgar,862
edinburgh,863
edith,864
edition,865
editor,866
edmund,867
education,868
educational,869
edward,870
effect,871
effects,872
egg,873
eggs,874
egypt,875
eighth,876
einstein,877
eisenhower,878
el,879
elected,880
election,881
electoral,882
electric,883
electrical,884
electricity,885
element,886
elements,887
elephant,888
elevation,889
ella,890
elvis,891
em,892
email,893
emperor,894
empire,895
employ,896
employee,897
end,898
endangered,899
ended,900
ends,901
enemy,902
energy,903
engine,904
engineer,905
engineering,906
engines,907
england,908
english,909
englishman,910
enter,911
enterprise,912
entertainer,913
entire,914
enzymes,915
epic,916
episode,917
equal,918
equation,919
equator,920
equipment,921
equity,922
equivalent,923
era,924
erected,925
ernest,926
ernie,927
erupt,928
eruption,929
eskimo,930
established,931
eternity,932
ethel,933
ethnic,934
europe,935
european,936
event,937
events,938
everest,939
evil,940
ewoks,941
exactly,942
example,943
exchange,944
executed,945
exercise,946
exist,947
existence,948
expectancy,949
expectant,950
expensive,951
experienced,952
explorer,953
export,954
exports,955
expression,956
extensions,957
exxon,958
eye,959
eyes,960
ezra,961
face,962
faced,963
faces,964
facial,965
factor,966
failure,967
fair,968
fairy,969
faith,970
fall,971
falls,972
false,973
fame,974
famed,975
family,976
famous,977
fans,978
fantastic,979
far,980
fare,981
farthest,982
fast,983
fastest,984
fat,985
fated,986
father,987
fathom,988
favorite,989
fawaz,990
fax,991
fbi,992
fear,993
feature,994
featured,995
features,996
february,997
federal,998
feeling,999
feet,1000
fein,1001
female,1002
ferry,1003
festival,1004
feudal,1005
fever,1006
fiber,1007
fibrosis,1008
fiction,1009
fictional,1010
fidelis,1011
field,1012
fields,1013
fifth,1014
fight,1015
figure,1016
figures,1017
file,1018
files,1019
film,1020
films,1021
fine,1022
fined,1023
finger,1024
fingers,1025
fired,1026
firm,1027
fish,1028
fit,1029
fitzgerald,1030
flag,1031
flags,1032
flew,1033
flies,1034
flight,1035
float,1036
floor,1037
floors,1038
florence,1039
florida,1040
flourish,1041
flower,1042
flowers,1043
flows,1044
fly,1045
flying,1046
folic,1047
follow,1048
followed,1049
following,1050
food,1051
foods,1052
fool,1053
foot,1054
football,1055
force,1056
forced,1057
forces,1058
ford,1059
foreclosure,1060
forest,1061
forests,1062
form,1063
format,1064
formed,1065
formula,1066
fort,1067
fortune,1068
fought,1069
founded,1070
founder,1071
fountain,1072
fourth,1073
fox,1074
fraction,1075
france,1076
francisco,1077
frank,1078
frankenstein,1079
franklin,1080
fraze,1081
fred,1082
free,1083
french,1084
fresh,1085
freud,1086
friend,1087
frog,1088
frogs,1089
frontier,1090
frozen,1091
fruit,1092
fuel,1093
function,1094
fungal,1095
fur,1096
fusion,1097
future,1098
gain,1099
gained,1100
galaxy,1101
gallon,1102
gallons,1103
gamble,1104
game,1105
games,1106
gandhi,1107
gang,1108
garden,1109
garland,1110
garry,1111
gas,1112
gate,1113
gates,1114
gateway,1115
gatsby,1116
gave,1117
gay,1118
geese,1119
gehrig,1120
gene,1121
general,1122
generals,1123
generator,1124
genesis,1125
genetics,1126
geographic,1127
geographical,1128
george,1129
georgia,1130
german,1131
germany,1132
gestation,1133
getting,1134
gettysburg,1135
ghost,1136
gilbert,1137
gin,1138
giraffe,1139
girl,1140
girls,1141
given,1142
gives,1143
giving,1144
glacier,1145
glass,1146
glitters,1147
global,1148
globe,1149
glory,1150
glove,1151
goat,1152
god,1153
goddess,1154
godfather,1155
gods,1156
goes,1157
gogh,1158
going,1159
gold,1160
golden,1161
golf,1162
golfer,1163
gone,1164
good,1165
goodall,1166
gorbachev,1167
got,1168
gould,1169
government,1170
governor,1171
gparsedonedigit,1172
grace,1173
graced,1174
graders,1175
graduate,1176
grand,1177
grant,1178
grapes,1179
gray,1180
great,1181
greatest,1182
greek,1183
green,1184
greeting,1185
ground,1186
group,1187
grow,1188
growing,1189
growth,1190
guild,1191
guinea,1192
guitar,1193
gulf,1194
gulliver,1195
gymnastics,1196
habitat,1197
hair,1198
half,1199
hall,1200
hamblen,1201
hamburger,1202
hand,1203
handed,1204
handful,1205
handheld,1206
hands,1207
hank,1208
happen,1209
happened,1210
happens,1211
hara,1212
harbor,1213
hard,1214
hardest,1215
harper,1216
harrison,1217
harry,1218
harvey,1219
hass,1220
hastings,1221
hat,1222
hate,1223
having,1224
havoc,1225
hawaii,1226
hawaiian,1227
hawks,1228
hazmat,1229
head,1230
headquartered,1231
headquarters,1232
healthy,1233
hear,1234
hearing,1235
hearst,1236
heart,1237
hearts,1238
heat,1239
heavier,1240
heaviest,1241
heavily,1242
heavyweight,1243
held,1244
helen,1245
helens,1246
helicopter,1247
help,1248
helps,1249
hemingway,1250
hemisphere,1251
henry,1252
hepburn,1253
herb,1254
hermann,1255
hermit,1256
hero,1257
heroine,1258
hibernia,1259
high,1260
highest,1261
highway,1262
hike,1263
hillary,1264
hillbillies,1265
hills,1266
historical,1267
history,1268
hit,1269
hitler,1270
hitting,1271
hiv,1272
hockey,1273
hoffman,1274
hold,1275
holds,1276
hole,1277
holes,1278
holiday,1279
holidays,1280
holland,1281
hollywood,1282
holmes,1283
holy,1284
home,1285
homelite,1286
homer,1287
honecker,1288
honey,1289
honor,1290
honorary,1291
hook,1292
hooligans,1293
hoover,1294
hope,1295
horoscope,1296
horrors,1297
horse,1298
horsepower,1299
horses,1300
host,1301
hot,1302
hotel,1303
hour,1304
hours,1305
house,1306
household,1307
houses,1308
housewife,1309
howard,1310
howdy,1311
hub,1312
hughes,1313
hugo,1314
hulk,1315
human,1316
humans,1317
humidity,1318
humphrey,1319
humpty,1320
hungarian,1321
hungary,1322
hunter,1323
hunting,1324
hurricane,1325
husband,1326
hussein,1327
huston,1328
hydrogen,1329
hymn,1330
ibm,1331
ice,1332
iceland,1333
idea,1334
idealab,1335
identity,1336
ii,1337
iii,1338
ileana,1339
ill,1340
illinois,1341
image,1342
important,1343
importers,1344
imposed,1345
impress,1346
inaugurated,1347
inauguration,1348
inches,1349
incident,1350
include,1351
included,1352
includes,1353
including,1354
income,1355
increase,1356
incredible,1357
independence,1358
independent,1359
india,1360
indian,1361
indians,1362
indies,1363
individuals,1364
infamous,1365
infection,1366
infectious,1367
info,1368
information,1369
ingredient,1370
injection,1371
innings,1372
inside,1373
inspired,1374
instead,1375
institute,1376
instrument,1377
insurance,1378
intelligence,1379
intercourse,1380
international,1381
internet,1382
interview,1383
introduce,1384
introduced,1385
invade,1386
invent,1387
invented,1388
inventor,1389
investigation,1390
involved,1391
ioc,1392
ip,1393
iq,1394
iraq,1395
ireland,1396
irish,1397
iron,1398
islamic,1399
island,1400
islands,1401
israel,1402
issue,1403
italian,1404
italy,1405
ivy,1406
jack,1407
jackie,1408
jackson,1409
jacques,1410
jail,1411
jake,1412
james,1413
jamiroquai,1414
jane,1415
january,1416
japan,1417
japanese,1418
jaws,1419
jazz,1420
jean,1421
jeep,1422
jefferson,1423
jerry,1424
jersey,1425
jesus,1426
jewish,1427
jews,1428
jimmy,1429
joan,1430
job,1431
jockey,1432
joe,1433
jogging,1434
jogis,1435
john,1436
johnny,1437
johnson,1438
join,1439
joined,1440
joint,1441
jonathan,1442
jones,1443
joplin,1444
jordan,1445
joseph,1446
josie,1447
journal,1448
journalist,1449
journey,1450
jr,1451
jude,1452
judy,1453
juice,1454
jules,1455
july,1456
jump,1457
june,1458
jungle,1459
junk,1460
just,1461
justice,1462
kafka,1463
kalahari,1464
kangaroo,1465
kansas,1466
kappa,1467
kasparov,1468
kennedy,1469
kentucky,1470
kept,1471
kevin,1472
keyboard,1473
khrushchev,1474
kid,1475
kidnaped,1476
kids,1477
killed,1478
killer,1479
killing,1480
kills,1481
kind,1482
kinds,1483
king,1484
kings,1485
kiss,1486
knight,1487
know,1488
known,1489
knox,1490
kong,1491
korea,1492
korean,1493
kosovo,1494
kuwait,1495
la,1496
label,1497
labels,1498
labor,1499
lack,1500
lady,1501
lagoon,1502
lake,1503
lakes,1504
land,1505
landed,1506
landing,1507
landmark,1508
language,1509
languages,1510
lantern,1511
large,1512
larger,1513
largest,1514
larry,1515
las,1516
laser,1517
late,1518
latin,1519
latitude,1520
laugh,1521
launched,1522
law,1523
lawrence,1524
lawyer,1525
lay,1526
layers,1527
lead,1528
leader,1529
leaders,1530
leading,1531
leads,1532
league,1533
learn,1534
leave,1535
leaving,1536
led,1537
lee,1538
left,1539
legal,1540
legend,1541
legendary,1542
legged,1543
legs,1544
lemmon,1545
length,1546
lengths,1547
lens,1548
leon,1549
leper,1550
let,1551
lethal,1552
letter,1553
letters,1554
leukemia,1555
level,1556
lewis,1557
li,1558
liberty,1559
library,1560
lice,1561
lie,1562
lies,1563
life,1564
light,1565
lightning,1566
like,1567
likely,1568
limit,1569
limits,1570
lincoln,1571
lindbergh,1572
line,1573
linked,1574
lion,1575
lips,1576
list,1577
lite,1578
literal,1579
literary,1580
literature,1581
litmus,1582
little,1583
live,1584
lived,1585
liver,1586
lives,1587
living,1588
livingstone,1589
ll,1590
lloyd,1591
lobster,1592
located,1593
location,1594
logan,1595
london,1596
long,1597
longest,1598
longitude,1599
look,1600
looking,1601
lord,1602
los,1603
lose,1604
loss,1605
lost,1606
lou,1607
louis,1608
louisiana,1609
love,1610
loved,1611
low,1612
lowest,1613
lsd,1614
lucas,1615
luck,1616
lucy,1617
luke,1618
lunch,1619
luther,1620
luxury,1621
lyndon,1622
lyrics,1623
machine,1624
machines,1625
maclaine,1626
mad,1627
madonna,1628
madrid,1629
mae,1630
magazine,1631
magazines,1632
magic,1633
magna,1634
magnetic,1635
maid,1636
maiden,1637
mail,1638
main,1639
major,1640
majority,1641
make,1642
maker,1643
makes,1644
making,1645
malaysia,1646
male,1647
mall,1648
mammal,1649
man,1650
manager,1651
maneuver,1652
manned,1653
manufacture,1654
manufactured,1655
manufacturer,1656
manufactures,1657
mao,1658
march,1659
marciano,1660
marco,1661
marcos,1662
margaret,1663
maria,1664
marijuana,1665
mark,1666
marked,1667
market,1668
markets,1669
marks,1670
marley,1671
marlowe,1672
marriage,1673
married,1674
marrow,1675
marry,1676
mars,1677
marshall,1678
martha,1679
martin,1680
martinis,1681
marvel,1682
marx,1683
mary,1684
maryland,1685
mascot,1686
massachusetts,1687
massacre,1688
master,1689
match,1690
material,1691
materials,1692
math,1693
matter,1694
matterhorn,1695
maurice,1696
maurizio,1697
maximum,1698
mayor,1699
mccarren,1700
mckinley,1701
mcparsedonedigit,1702
mean,1703
meaning,1704
means,1705
meant,1706
measure,1707
measures,1708
meat,1709
medal,1710
medals,1711
medical,1712
medicine,1713
medieval,1714
mediterranean,1715
medium,1716
mel,1717
melting,1718
member,1719
members,1720
memphis,1721
men,1722
menace,1723
mentioned,1724
mentor,1725
mercury,1726
message,1727
met,1728
meter,1729
meters,1730
method,1731
mexican,1732
mexico,1733
michael,1734
michelangelo,1735
michener,1736
michigan,1737
microsoft,1738
middle,1739
mighty,1740
mikhail,1741
mile,1742
miles,1743
military,1744
milk,1745
milky,1746
millennium,1747
miller,1748
millimeter,1749
million,1750
mills,1751
milton,1752
mineral,1753
minimum,1754
minister,1755
minnesota,1756
minor,1757
minute,1758
minutes,1759
mirror,1760
miss,1761
mission,1762
mississippi,1763
missouri,1764
mix,1765
mixing,1766
mo,1767
moby,1768
model,1769
modem,1770
modern,1771
mold,1772
molecules,1773
monarch,1774
monet,1775
money,1776
monitor,1777
monkey,1778
monopoly,1779
monster,1780
mont,1781
month,1782
months,1783
moon,1784
moore,1785
moral,1786
morning,1787
moscow,1788
mother,1789
motion,1790
motto,1791
mount,1792
mountain,1793
mountains,1794
mouse,1795
mouth,1796
movement,1797
movie,1798
movies,1799
moving,1800
mozambique,1801
mr,1802
mrs,1803
ms,1804
muffins,1805
muhammad,1806
mules,1807
munich,1808
muppets,1809
murder,1810
murdered,1811
muscles,1812
museum,1813
music,1814
musical,1815
mutiny,1816
mutombo,1817
myrtle,1818
mystery,1819
nadia,1820
namath,1821
named,1822
names,1823
naples,1824
napsylate,1825
narrates,1826
nasa,1827
nation,1828
national,1829
nationality,1830
nations,1831
native,1832
natural,1833
nature,1834
nautical,1835
naval,1836
navy,1837
nazi,1838
nazis,1839
nba,1840
neal,1841
near,1842
nebraska,1843
need,1844
needle,1845
neil,1846
nelson,1847
neon,1848
nero,1849
nests,1850
net,1851
network,1852
neurological,1853
neurosurgeon,1854
nevada,1855
new,1856
news,1857
newspaper,1858
nfl,1859
nhl,1860
nicholas,1861
nickname,1862
nicknamed,1863
night,1864
nile,1865
nino,1866
nintendo,1867
nixon,1868
nn,1869
nnp,1870
nns,1871
nobel,1872
noble,1873
nominated,1874
non,1875
normal,1876
north,1877
northeast,1878
northernmost,1879
norway,1880
nose,1881
nostradamus,1882
notes,1883
novel,1884
novelist,1885
november,1886
nowadays,1887
nuclear,1888
number,1889
numbers,1890
numeral,1891
numerals,1892
nun,1893
nursery,1894
nuts,1895
oat,1896
object,1897
objects,1898
occupation,1899
occupy,1900
occur,1901
occurs,1902
ocean,1903
oceans,1904
octopus,1905
odds,1906
odors,1907
offer,1908
office,1909
officer,1910
official,1911
ohio,1912
oil,1913
oklahoma,1914
old,1915
oldest,1916
olympic,1917
olympics,1918
online,1919
opened,1920
opener,1921
opening,1922
opens,1923
opera,1924
operating,1925
operation,1926
operations,1927
opposite,1928
orange,1929
orca,1930
order,1931
organ,1932
organism,1933
organization,1934
orgasm,1935
oriented,1936
origin,1937
original,1938
originally,1939
originate,1940
orinoco,1941
orleans,1942
oscar,1943
oscars,1944
osteoporosis,1945
oswald,1946
ouija,1947
outcome,1948
output,1949
outside,1950
oven,1951
owned,1952
owner,1953
owns,1954
oxygen,1955
oz,1956
ozone,1957
pacific,1958
page,1959
pages,1960
paid,1961
paint,1962
painted,1963
painter,1964
painting,1965
pairs,1966
palace,1967
palmer,1968
pan,1969
panama,1970
panel,1971
panic,1972
paper,1973
par,1974
parents,1975
paris,1976
park,1977
parker,1978
parking,1979
parks,1980
parrot,1981
parseddigits,1982
parsedfivedigits,1983
parsedfourdigits,1984
parsedfourdigitss,1985
parsedonedigit,1986
parsedonedigitth,1987
parsedthreedigits,1988
parsedtwodigits,1989
parsedtwodigitsrd,1990
parsedtwodigitsth,1991
partner,1992
parton,1993
party,1994
pascal,1995
paso,1996
pass,1997
past,1998
patent,1999
patented,2000
patricia,2001
paul,2002
pay,2003
pea,2004
peace,2005
peachy,2006
peak,2007
peanut,2008
pearl,2009
pellegrin,2010
pencil,2011
penetrate,2012
peninsula,2013
penis,2014
penn,2015
penned,2016
pennsylvania,2017
penny,2018
people,2019
percent,2020
percentage,2021
perfect,2022
perform,2023
performer,2024
period,2025
perpetual,2026
persian,2027
person,2028
personality,2029
pet,2030
peter,2031
pets,2032
ph,2033
phenomenon,2034
philadelphia,2035
philippines,2036
phoenix,2037
phone,2038
photographer,2039
phrase,2040
physical,2041
piano,2042
pickering,2043
picture,2044
pictures,2045
piece,2046
pig,2047
piggy,2048
pigs,2049
pilot,2050
pineapple,2051
pines,2052
pink,2053
pins,2054
piracy,2055
pit,2056
pitcher,2057
pitchers,2058
pittsburgh,2059
pizza,2060
place,2061
plan,2062
plane,2063
planet,2064
plant,2065
planted,2066
plants,2067
plastic,2068
play,2069
playboy,2070
played,2071
player,2072
players,2073
playing,2074
plays,2075
plot,2076
pneumonia,2077
poe,2078
poem,2079
poet,2080
poetry,2081
point,2082
points,2083
poison,2084
poisoning,2085
poker,2086
poland,2087
pole,2088
police,2089
policy,2090
polio,2091
polish,2092
political,2093
pollock,2094
pollution,2095
polo,2096
pooh,2097
pop,2098
pope,2099
popeye,2100
popular,2101
populated,2102
population,2103
port,2104
portrayed,2105
position,2106
possession,2107
post,2108
postage,2109
potlatch,2110
pound,2111
pounds,2112
pow,2113
powell,2114
power,2115
powerful,2116
pox,2117
practice,2118
prayer,2119
preacher,2120
pregnacy,2121
pregnancy,2122
pregnant,2123
premiered,2124
prepared,2125
present,2126
presidency,2127
president,2128
presidential,2129
presidents,2130
presley,2131
press,2132
prevent,2133
price,2134
pride,2135
primary,2136
prime,2137
prince,2138
princess,2139
principle,2140
printing,2141
prism,2142
prison,2143
private,2144
prize,2145
pro,2146
probability,2147
problems,2148
process,2149
processor,2150
procter,2151
produce,2152
produced,2153
producer,2154
produces,2155
producing,2156
product,2157
production,2158
products,2159
profession,2160
professional,2161
professor,2162
program,2163
programming,2164
project,2165
promote,2166
pronounce,2167
pronounced,2168
properties,2169
prophet,2170
proposition,2171
protein,2172
proud,2173
provider,2174
provides,2175
province,2176
pseudonym,2177
public,2178
publish,2179
published,2180
pulitzer,2181
pull,2182
punch,2183
purchase,2184
purchased,2185
purified,2186
purpose,2187
purposes,2188
pursuit,2189
pussycats,2190
putting,2191
putty,2192
pyramid,2193
qigong,2194
quadruplets,2195
quarts,2196
queen,2197
question,2198
questions,2199
quit,2200
rabbit,2201
race,2202
races,2203
racing,2204
radio,2205
raid,2206
rail,2207
railroad,2208
railway,2209
rain,2210
rainbow,2211
raise,2212
raised,2213
ram,2214
randolph,2215
randy,2216
range,2217
ranger,2218
ranges,2219
rascals,2220
rate,2221
ratio,2222
ray,2223
reach,2224
reactivity,2225
read,2226
reading,2227
ready,2228
real,2229
really,2230
reason,2231
receive,2232
received,2233
recently,2234
recipe,2235
recognize,2236
recommended,2237
record,2238
recorded,2239
records,2240
red,2241
refer,2242
reference,2243
regarding,2244
region,2245
regular,2246
reign,2247
reims,2248
relations,2249
relationship,2250
relative,2251
release,2252
released,2253
religion,2254
remain,2255
remove,2256
removed,2257
renaissance,2258
rent,2259
replaced,2260
report,2261
represent,2262
representatives,2263
represented,2264
republic,2265
requirement,2266
requirements,2267
research,2268
resistance,2269
resource,2270
rest,2271
restaurant,2272
restore,2273
results,2274
return,2275
review,2276
revolt,2277
revolution,2278
revolutionaries,2279
revolutions,2280
revolve,2281
rex,2282
rhett,2283
rica,2284
rice,2285
rich,2286
richard,2287
richest,2288
rick,2289
ride,2290
rider,2291
right,2292
rights,2293
ring,2294
rings,2295
ripening,2296
rise,2297
rites,2298
river,2299
rivers,2300
road,2301
robert,2302
robin,2303
robinson,2304
rock,2305
rockefeller,2306
rocks,2307
rocky,2308
rode,2309
roe,2310
roger,2311
rogers,2312
role,2313
roll,2314
roller,2315
rolling,2316
roman,2317
romans,2318
romantic,2319
rome,2320
rooftops,2321
room,2322
roosevelt,2323
root,2324
rosa,2325
rose,2326
ross,2327
rotary,2328
round,2329
row,2330
rows,2331
royal,2332
rubber,2333
rubik,2334
ruin,2335
rule,2336
ruled,2337
rules,2338
rum,2339
run,2340
running,2341
runs,2342
russia,2343
russian,2344
russians,2345
rust,2346
ruth,2347
saddam,2348
safe,2349
said,2350
sailor,2351
sailors,2352
saint,2353
salary,2354
sale,2355
sales,2356
salonen,2357
salt,2358
sam,2359
samuel,2360
san,2361
sand,2362
sang,2363
sank,2364
santa,2365
santos,2366
satellite,2367
satellites,2368
saturday,2369
sauce,2370
save,2371
saw,2372
say,2373
saying,2374
says,2375
scale,2376
scarlett,2377
school,2378
schools,2379
science,2380
scientific,2381
scientists,2382
scooby,2383
scopes,2384
score,2385
scotland,2386
scottish,2387
scoundrel,2388
scouts,2389
scrabble,2390
screen,2391
screenplay,2392
scrooge,2393
scruples,2394
sculpture,2395
sea,2396
seaport,2397
search,2398
seas,2399
season,2400
seasons,2401
seat,2402
seattle,2403
second,2404
secret,2405
secretary,2406
section,2407
security,2408
seeing,2409
seen,2410
sees,2411
select,2412
self,2413
sell,2414
seller,2415
selling,2416
sells,2417
semper,2418
senate,2419
senator,2420
send,2421
sensitive,2422
sent,2423
sentence,2424
separates,2425
september,2426
sequel,2427
sergeant,2428
series,2429
serve,2430
served,2431
service,2432
serving,2433
set,2434
setting,2435
seven,2436
seventeen,2437
seventh,2438
sex,2439
sexual,2440
shake,2441
shakespeare,2442
shall,2443
shampoo,2444
shape,2445
share,2446
shared,2447
sharp,2448
shea,2449
sheep,2450
shelley,2451
sherlock,2452
shevardnadze,2453
shield,2454
ship,2455
ships,2456
shirley,2457
shoe,2458
shoot,2459
shooting,2460
shores,2461
short,2462
shot,2463
shouldn,2464
shouts,2465
shows,2466
shuttle,2467
sicily,2468
sided,2469
sides,2470
sierra,2471
sigmund,2472
sign,2473
signature,2474
signed,2475
significant,2476
silent,2477
silly,2478
silver,2479
silversmiths,2480
simpson,2481
simpsons,2482
sinatra,2483
sing,2484
singer,2485
singing,2486
single,2487
singles,2488
sings,2489
sink,2490
sinn,2491
sioux,2492
sir,2493
sister,2494
sisters,2495
sistine,2496
sitcom,2497
site,2498
sites,2499
size,2500
sizes,2501
skywalker,2502
slam,2503
slave,2504
sled,2505
sleep,2506
slinky,2507
slogan,2508
slow,2509
small,2510
smallest,2511
smith,2512
smokey,2513
smoking,2514
snap,2515
snore,2516
snow,2517
soap,2518
soccer,2519
social,2520
society,2521
soda,2522
sodium,2523
soft,2524
softball,2525
software,2526
solar,2527
sold,2528
soldiers,2529
solo,2530
son,2531
song,2532
songs,2533
sons,2534
sort,2535
sound,2536
soup,2537
source,2538
south,2539
southern,2540
soviet,2541
space,2542
spacecraft,2543
spaces,2544
spacewalk,2545
spaghetti,2546
spain,2547
span,2548
spangled,2549
spanish,2550
spawned,2551
speak,2552
speaking,2553
spears,2554
special,2555
species,2556
specifically,2557
spectrum,2558
speed,2559
spelled,2560
spelling,2561
spend,2562
spent,2563
sperm,2564
spice,2565
spider,2566
spielberg,2567
spill,2568
spins,2569
split,2570
spoke,2571
spoken,2572
sport,2573
sports,2574
spread,2575
spumante,2576
spy,2577
square,2578
squares,2579
st,2580
stadium,2581
staff,2582
stage,2583
stains,2584
stalin,2585
stamp,2586
stand,2587
standard,2588
stands,2589
stanley,2590
star,2591
starred,2592
starring,2593
stars,2594
start,2595
started,2596
starting,2597
starts,2598
state,2599
statement,2600
states,2601
station,2602
stationed,2603
stations,2604
statistics,2605
statue,2606
statues,2607
steal,2608
steam,2609
steamboat,2610
stefan,2611
steinbeck,2612
stephen,2613
steps,2614
stereo,2615
steve,2616
steven,2617
stevie,2618
stewart,2619
stick,2620
stock,2621
stocks,2622
stole,2623
stone,2624
stop,2625
stopped,2626
stops,2627
store,2628
storm,2629
story,2630
strait,2631
streak,2632
street,2633
strikes,2634
strip,2635
stripes,2636
strong,2637
strontium,2638
struck,2639
stuart,2640
student,2641
students,2642
studios,2643
study,2644
style,2645
submarine,2646
substance,2647
subtitled,2648
subway,2649
success,2650
successful,2651
suffer,2652
suit,2653
sullivan,2654
summer,2655
sun,2656
super,2657
superman,2658
superstar,2659
support,2660
supposed,2661
supreme,2662
surface,2663
surfing,2664
surname,2665
surrender,2666
surrendered,2667
surrounds,2668
suspension,2669
sweet,2670
swimmer,2671
swimming,2672
switzerland,2673
sydney,2674
symbol,2675
syndrome,2676
synonymous,2677
tab,2678
table,2679
tail,2680
taiwanese,2681
taj,2682
takes,2683
tale,2684
talk,2685
talking,2686
tall,2687
tallest,2688
target,2689
taste,2690
tax,2691
taylor,2692
tea,2693
team,2694
teams,2695
teaspoon,2696
technical,2697
technique,2698
teddy,2699
teenager,2700
teeth,2701
teflon,2702
telephone,2703
television,2704
tell,2705
tells,2706
temperature,2707
temperatures,2708
temple,2709
tend,2710
tennessee,2711
tennis,2712
tenpin,2713
tenses,2714
term,2715
terms,2716
territories,2717
territory,2718
terrorist,2719
test,2720
texas,2721
thalassemia,2722
thank,2723
thanksgiving,2724
thatcher,2725
theme,2726
theory,2727
thing,2728
things,2729
think,2730
thomas,2731
thrilled,2732
throat,2733
thumb,2734
thunder,2735
ticket,2736
tie,2737
tiger,2738
time,2739
times,2740
tin,2741
tiny,2742
tip,2743
titanic,2744
title,2745
titled,2746
toast,2747
today,2748
toilet,2749
tokyo,2750
told,2751
tolkien,2752
toll,2753
tom,2754
ton,2755
tongue,2756
tony,2757
took,2758
tools,2759
topped,2760
tornado,2761
total,2762
touch,2763
tour,2764
tourism,2765
tourist,2766
tourists,2767
tournament,2768
tower,2769
town,2770
toy,2771
toys,2772
tracy,2773
trade,2774
trademark,2775
traditional,2776
tragedy,2777
trail,2778
train,2779
training,2780
translated,2781
translations,2782
transplant,2783
travel,2784
traveled,2785
travels,2786
treasure,2787
treat,2788
treatment,2789
tree,2790
trees,2791
trek,2792
trial,2793
trials,2794
triangle,2795
tribe,2796
tried,2797
trilogy,2798
trip,2799
triple,2800
triplets,2801
tristar,2802
trivial,2803
troops,2804
trophy,2805
truman,2806
truth,2807
try,2808
trying,2809
tube,2810
tuberculosis,2811
tunnel,2812
turkey,2813
turn,2814
turned,2815
tutu,2816
tv,2817
twice,2818
twin,2819
twins,2820
type,2821
types,2822
typewriter,2823
typical,2824
typing,2825
typist,2826
ulysses,2827
unaccounted,2828
underworld,2829
unemployment,2830
uniform,2831
union,2832
unique,2833
united,2834
universe,2835
university,2836
unknown,2837
upper,2838
uprising,2839
url,2840
usa,2841
use,2842
used,2843
usenet,2844
uses,2845
using,2846
usually,2847
utah,2848
vaccine,2849
vacuum,2850
vader,2851
vagina,2852
valdez,2853
valuable,2854
value,2855
van,2856
varian,2857
varieties,2858
variety,2859
various,2860
vatican,2861
vbp,2862
vcr,2863
ve,2864
vegas,2865
vegetable,2866
vehicles,2867
ventura,2868
venus,2869
verdict,2870
vermouth,2871
verne,2872
verses,2873
vessels,2874
vhs,2875
vice,2876
victor,2877
victoria,2878
victorian,2879
video,2880
vienna,2881
vietnam,2882
vietnamese,2883
viii,2884
viking,2885
village,2886
villain,2887
vincent,2888
vineyard,2889
virgin,2890
virginia,2891
virtual,2892
viscosity,2893
visit,2894
vitamin,2895
voice,2896
volcano,2897
volcanoes,2898
von,2899
vote,2900
votes,2901
voting,2902
vs,2903
wage,2904
wake,2905
walk,2906
walker,2907
wall,2908
wallpaper,2909
walls,2910
walter,2911
want,2912
war,2913
warner,2914
wars,2915
washington,2916
watch,2917
water,2918
watergate,2919
wave,2920
way,2921
wayne,2922
ways,2923
weapon,2924
weapons,2925
wear,2926
wearing,2927
wears,2928
weather,2929
web,2930
website,2931
websites,2932
wedding,2933
week,2934
weeks,2935
weigh,2936
weight,2937
went,2938
werewolf,2939
west,2940
western,2941
wet,2942
wheel,2943
whip,2944
whisky,2945
white,2946
wide,2947
widely,2948
wife,2949
wild,2950
william,2951
williams,2952
willie,2953
wilson,2954
wimbledon,2955
win,2956
wind,2957
windows,2958
windsor,2959
wine,2960
wines,2961
wings,2962
winner,2963
winners,2964
winnie,2965
winning,2966
winter,2967
wise,2968
witch,2969
wives,2970
wolfe,2971
woman,2972
women,2973
won,2974
wonder,2975
wonders,2976
wood,2977
woodpecker,2978
woodrow,2979
woody,2980
word,2981
words,2982
work,2983
worked,2984
working,2985
world,2986
worlds,2987
worldwide,2988
worms,2989
worn,2990
worst,2991
worth,2992
wrath,2993
wrestler,2994
wright,2995
wrist,2996
write,2997
writer,2998
writing,2999
written,3000
wrote,3001
wwii,3002
www,3003
wyoming,3004
yahoo,3005
yalta,3006
yankee,3007
yankees,3008
yard,3009
yards,3010
year,3011
years,3012
yellow,3013
yellowstone,3014
yogi,3015
york,3016
young,3017
youngest,3018
youngsters,3019
younis,3020
yukon,3021
zealand,3022
zeppelin,3023
zero,3024
zimbabwe,3025
zip,3026
zodiacal,3027
zones,3028
