aaron,0
abandoned,1
abbreviated,2
abbreviation,3
ability,4
abner,5
aborigines,6
abraham,7
abstract,8
abuse,9
academy,10
access,11
according,12
account,13
acid,14
acne,15
acronym,16
act,17
acted,18
action,19
active,20
actor,21
actors,22
actress,23
actually,24
ad,25
add,26
address,27
administration,28
admit,29
adopted,30
ads,31
adult,32
adventures,33
advertise,34
advertises,35
advertising,36
affect,37
affected,38
afghanistan,39
africa,40
african,41
afternoon,42
age,43
aged,44
agency,45
agent,46
ages,47
ago,48
agree,49
aid,50
aids,51
air,52
airline,53
airplane,54
airport,55
airports,56
al,57
alan,58
alaska,59
albert,60
album,61
alcohol,62
alcoholic,63
aldrin,64
alexander,65
alexandra,66
algeria,67
ali,68
alice,69
allen,70
alley,71
allowed,72
alphabet,73
alphabetically,74
amateur,75
amazing,76
ambassador,77
amendment,78
america,79
american,80
americans,81
americas,82
amherst,83
amphibians,84
amtrak,85
ancient,86
andrew,87
andrews,88
andy,89
angel,90
angeles,91
angels,92
anglican,93
animal,94
animals,95
animated,96
anniversary,97
announced,98
annual,99
answers,100
anthem,101
anthony,102
anti,103
apart,104
apartment,105
apollo,106
appear,107
appearance,108
appearances,109
appeared,110
apple,111
apples,112
appointed,113
approximate,114
approximately,115
april,116
arcadia,117
arch,118
archie,119
architect,120
architecture,121
arctic,122
area,123
areas,124
argentina,125
argentine,126
aristotle,127
arkansas,128
armed,129
armor,130
armstrong,131
army,132
arnold,133
arrow,134
art,135
arthur,136
articles,137
artificial,138
artist,139
artists,140
ash,141
asia,142
asian,143
ask,144
asked,145
aspartame,146
assassinate,147
assassinated,148
assassination,149
associated,150
associates,151
association,152
astaire,153
astronaut,154
astronauts,155
athletes,156
atlantic,157
atm,158
atom,159
attack,160
attempts,161
attend,162
attraction,163
attractions,164
august,165
australia,166
australian,167
austria,168
author,169
auto,170
autobiography,171
automobile,172
available,173
avenue,174
average,175
avery,176
award,177
awarded,178
awards,179
away,180
babe,181
baby,182
bacall,183
background,184
bad,185
bakery,186
baking,187
balance,188
bald,189
ball,190
balls,191
baltic,192
band,193
bank,194
banned,195
banner,196
bar,197
barbados,198
barbeque,199
barbie,200
barnum,201
barrymore,202
bars,203
baseball,204
based,205
basketball,206
bastille,207
battery,208
battle,209
battles,210
bay,211
beach,212
beanie,213
beans,214
bear,215
bears,216
beat,217
beatles,218
beauty,219
beaver,220
bed,221
bee,222
beer,223
beers,224
bees,225
beethoven,226
beetle,227
began,228
begin,229
beginning,230
begins,231
belgium,232
believe,233
bell,234
belushi,235
ben,236
benefits,237
benny,238
berlin,239
bert,240
best,241
bestselling,242
bet,243
bette,244
better,245
betting,246
beverly,247
bible,248
biblical,249
bibliography,250
big,251
biggest,252
billy,253
biography,254
bird,255
birds,256
birth,257
birthday,258
birthplace,259
birthstone,260
black,261
bligh,262
blind,263
block,264
blood,265
bloom,266
blow,267
blue,268
board,269
boasts,270
boat,271
bob,272
bobby,273
body,274
bog,275
bogart,276
bolivia,277
bomb,278
bombay,279
bombing,280
bond,281
bone,282
bones,283
bonnie,284
book,285
books,286
boosters,287
border,288
borders,289
born,290
borrow,291
boston,292
bottle,293
bottled,294
bottles,295
bought,296
bounty,297
bourbon,298
bowl,299
bowling,300
boxer,301
boxes,302
boxing,303
boy,304
boys,305
bra,306
bradbury,307
brain,308
brand,309
brandenburg,310
brave,311
brazil,312
brazilian,313
bread,314
breakfast,315
breed,316
breeds,317
bridge,318
brightest,319
britain,320
british,321
broadcast,322
broadcasting,323
broadway,324
broken,325
bronze,326
brooklyn,327
brooks,328
bros,329
brother,330
brothers,331
brought,332
brown,333
brunei,334
brush,335
bud,336
buffalo,337
bug,338
bugs,339
build,340
building,341
buildings,342
built,343
bull,344
bulls,345
bureau,346
buried,347
burned,348
bush,349
busiest,350
business,351
businesses,352
bust,353
butler,354
butter,355
butterfield,356
buy,357
buys,358
cabinet,359
cable,360
cache,361
caffeinated,362
caffeine,363
cage,364
cairo,365
calcium,366
calculator,367
calendar,368
caliente,369
california,370
called,371
callosum,372
calls,373
calories,374
came,375
camel,376
camera,377
camp,378
canada,379
canadian,380
canal,381
canary,382
cancer,383
candy,384
cane,385
canine,386
cans,387
canyon,388
cap,389
capita,390
capital,391
capone,392
capp,393
captain,394
car,395
carbon,396
card,397
cardinal,398
cards,399
care,400
career,401
caribbean,402
carl,403
carol,404
carolina,405
carries,406
carry,407
cars,408
carta,409
carter,410
cartoon,411
cartoons,412
casablanca,413
case,414
cases,415
cash,416
casting,417
castle,418
cat,419
catch,420
category,421
cathedral,422
catholic,423
cats,424
caught,425
caused,426
causes,427
causing,428
cave,429
cc,430
cd,431
ce,432
celebrated,433
celebrities,434
celebrity,435
cells,436
cement,437
cent,438
center,439
central,440
century,441
cereal,442
ceremony,443
certain,444
chain,445
chairman,446
chairs,447
champion,448
champions,449
championship,450
chancellor,451
chances,452
channel,453
chappellet,454
chapter,455
character,456
characters,457
charge,458
charles,459
charley,460
charlie,461
check,462
cheese,463
chefs,464
chemical,465
chemicals,466
chess,467
chicago,468
chicken,469
chief,470
child,471
children,472
chilean,473
china,474
chinese,475
chip,476
chocolate,477
chris,478
christ,479
christian,480
christmas,481
christopher,482
chromosome,483
chronic,484
chronicles,485
church,486
churchill,487
cigarette,488
circle,489
cities,490
citizen,491
city,492
civil,493
claim,494
claimed,495
claims,496
clara,497
clark,498
class,499
classic,500
classical,501
classification,502
clay,503
clean,504
clear,505
cleveland,506
climate,507
clinton,508
clip,509
clock,510
close,511
closed,512
closest,513
closing,514
clothes,515
clothing,516
clouds,517
clown,518
club,519
cnn,520
coach,521
coal,522
coast,523
coastal,524
coastline,525
coca,526
cocaine,527
cocktail,528
code,529
codes,530
coffee,531
cognac,532
coin,533
cola,534
cold,535
colin,536
collect,537
college,538
colleges,539
colombia,540
colonies,541
colonists,542
colony,543
color,544
colorado,545
colored,546
colorful,547
colors,548
columbia,549
columbus,550
com,551
comaneci,552
combat,553
come,554
comedian,555
comedienne,556
comedy,557
comes,558
comic,559
comics,560
coming,561
command,562
commerce,563
commercial,564
commit,565
committee,566
commodity,567
common,568
commonly,569
communist,570
community,571
companies,572
companion,573
company,574
compared,575
compatible,576
competition,577
complete,578
composer,579
computer,580
concentration,581
concorde,582
condiment,583
condition,584
condoms,585
confederate,586
conference,587
congress,588
congressman,589
connecticut,590
conrad,591
consciousness,592
consecutive,593
considered,594
consist,595
constellation,596
constitution,597
constructed,598
contact,599
contain,600
contains,601
contemptible,602
contest,603
continent,604
continental,605
contract,606
control,607
controls,608
conversion,609
convicted,610
cookies,611
cooking,612
cool,613
cooler,614
cooper,615
cop,616
copies,617
copper,618
coral,619
cork,620
corn,621
corporate,622
corporation,623
corpus,624
correct,625
correctly,626
cosmology,627
cost,628
costa,629
costner,630
costs,631
costume,632
cotrubas,633
cotton,634
council,635
count,636
counterpart,637
countries,638
country,639
county,640
coup,641
course,642
court,643
cousins,644
cover,645
covers,646
cow,647
cowboy,648
cowboys,649
cpr,650
crabs,651
craft,652
crash,653
cream,654
create,655
created,656
creator,657
creature,658
creatures,659
credit,660
credited,661
cricket,662
criminal,663
crokinole,664
crop,665
cross,666
crown,667
crust,668
crystals,669
cuba,670
cube,671
cuckoo,672
cucumber,673
cup,674
currency,675
current,676
cut,677
da,678
daily,679
dakota,680
dale,681
dam,682
damage,683
daminozide,684
dana,685
danced,686
dancing,687
daniel,688
danube,689
darkness,690
darth,691
data,692
database,693
date,694
dates,695
dating,696
daughter,697
daughters,698
david,699
davies,700
davis,701
day,702
days,703
dc,704
dead,705
deadliest,706
deal,707
dealer,708
dealt,709
death,710
decathlon,711
december,712
declaration,713
declare,714
declared,715
deep,716
deer,717
defects,718
define,719
definition,720
degas,721
degrees,722
delaware,723
democratic,724
dentist,725
denver,726
deodorant,727
department,728
depicted,729
depression,730
derby,731
desert,732
design,733
designed,734
designer,735
desmond,736
details,737
detect,738
detective,739
determine,740
determined,741
developed,742
development,743
device,744
devices,745
dew,746
dextropropoxyphen,747
diabetes,748
dialing,749
diameter,750
diamond,751
diamonds,752
diary,753
dick,754
dicken,755
dickens,756
dictator,757
did,758
die,759
died,760
diego,761
difference,762
differences,763
different,764
digital,765
digits,766
dikembe,767
dime,768
diminutive,769
dinner,770
dinosaur,771
direct,772
directed,773
direction,774
directly,775
director,776
disabilities,777
disc,778
discover,779
discovered,780
disease,781
diseases,782
disk,783
disorder,784
display,785
distance,786
district,787
divided,788
division,789
divorce,790
dna,791
doctor,792
does,793
dog,794
dogs,795
dogtown,796
doing,797
dollar,798
dollars,799
dolly,800
domesticated,801
dominoes,802
don,803
donald,804
donated,805
doo,806
doodle,807
doody,808
doonesbury,809
door,810
dot,811
dots,812
double,813
dow,814
dozen,815
dr,816
dracula,817
draft,818
draw,819
dream,820
dreams,821
drew,822
drink,823
drinking,824
drinks,825
drive,826
driven,827
dropped,828
drug,829
drugs,830
drunk,831
dry,832
dt,833
dubbed,834
duck,835
duke,836
dumont,837
dumpty,838
dutch,839
dwarf,840
dwarfs,841
dwight,842
eagle,843
ear,844
early,845
earn,846
ears,847
earth,848
earthquake,849
earthquakes,850
easiest,851
east,852
easter,853
eastern,854
eat,855
eaten,856
economic,857
edberg,858
edgar,859
edinburgh,860
edition,861
editor,862
edmund,863
education,864
educational,865
edward,866
effect,867
effects,868
efficient,869
egg,870
eggs,871
egypt,872
eiffel,873
eighth,874
einstein,875
eisenhower,876
el,877
elected,878
election,879
elections,880
electoral,881
electric,882
electrical,883
electricity,884
element,885
elements,886
elephant,887
elevation,888
ella,889
elvis,890
email,891
embassy,892
emperor,893
empire,894
employ,895
employee,896
end,897
ended,898
ends,899
enemy,900
energy,901
engine,902
engineer,903
engineering,904
engines,905
england,906
english,907
englishman,908
enter,909
enterprise,910
entertainer,911
entire,912
enzymes,913
epic,914
equal,915
equation,916
equipment,917
equity,918
equivalent,919
era,920
erected,921
ernest,922
ernie,923
erupt,924
eruption,925
eskimo,926
espionage,927
establish,928
established,929
estate,930
eternity,931
ethel,932
ethnic,933
europe,934
european,935
event,936
events,937
everest,938
evil,939
ewoks,940
exactly,941
example,942
exchange,943
executed,944
exercise,945
exist,946
existence,947
expectancy,948
expectant,949
expensive,950
explorer,951
export,952
exports,953
expression,954
exxon,955
eye,956
eyes,957
face,958
faced,959
faces,960
facial,961
factor,962
failure,963
fair,964
fairy,965
faith,966
falklands,967
fall,968
falls,969
false,970
fame,971
famed,972
family,973
famous,974
fans,975
fantastic,976
far,977
fare,978
farthest,979
fast,980
fastest,981
fatal,982
father,983
fathom,984
favorite,985
fawaz,986
fbi,987
fdr,988
fear,989
feature,990
featured,991
features,992
february,993
federal,994
feet,995
fein,996
felt,997
female,998
ferry,999
festival,1000
feudal,1001
fiber,1002
fibrosis,1003
fiction,1004
fictional,1005
field,1006
fields,1007
fifth,1008
fight,1009
figure,1010
figures,1011
file,1012
files,1013
film,1014
films,1015
fine,1016
fined,1017
finger,1018
fingers,1019
fired,1020
firm,1021
fish,1022
fit,1023
fitzgerald,1024
flag,1025
flags,1026
flavor,1027
flavors,1028
flew,1029
flies,1030
flight,1031
flintstones,1032
floor,1033
floors,1034
florence,1035
florida,1036
flourish,1037
flow,1038
flower,1039
flowers,1040
flows,1041
fly,1042
flying,1043
folic,1044
follow,1045
followed,1046
following,1047
food,1048
foods,1049
fool,1050
foot,1051
football,1052
force,1053
forced,1054
forces,1055
ford,1056
forest,1057
form,1058
format,1059
formed,1060
formula,1061
fortune,1062
fought,1063
founded,1064
founder,1065
fountain,1066
fourth,1067
fox,1068
fraction,1069
france,1070
francis,1071
francisco,1072
frank,1073
frankenstein,1074
frankfurt,1075
franklin,1076
fred,1077
frederick,1078
free,1079
french,1080
fresh,1081
freud,1082
friend,1083
frog,1084
frontier,1085
fruit,1086
fuel,1087
fun,1088
function,1089
fungal,1090
fur,1091
fusion,1092
future,1093
gain,1094
gained,1095
galaxy,1096
gallon,1097
gallons,1098
gamble,1099
game,1100
games,1101
gandhi,1102
gang,1103
garden,1104
garland,1105
garry,1106
gas,1107
gate,1108
gates,1109
gateway,1110
gatsby,1111
gave,1112
gay,1113
geese,1114
gehrig,1115
gender,1116
gene,1117
general,1118
generals,1119
generator,1120
genesis,1121
genetics,1122
geographic,1123
geographical,1124
george,1125
georgia,1126
gerald,1127
german,1128
germany,1129
gestation,1130
getting,1131
gettysburg,1132
ghost,1133
gilbert,1134
gin,1135
giraffe,1136
girl,1137
girls,1138
given,1139
gives,1140
giving,1141
glacier,1142
glass,1143
glitters,1144
global,1145
globe,1146
glory,1147
glove,1148
goat,1149
god,1150
goddess,1151
godfather,1152
gods,1153
goes,1154
gogh,1155
going,1156
gold,1157
golden,1158
golf,1159
golfer,1160
gone,1161
good,1162
goodall,1163
gorbachev,1164
gordon,1165
got,1166
gould,1167
government,1168
governor,1169
gparsedonedigit,1170
grace,1171
graced,1172
graces,1173
graders,1174
graduate,1175
grand,1176
grant,1177
grapes,1178
gravity,1179
gray,1180
great,1181
greatest,1182
greece,1183
greek,1184
green,1185
greeting,1186
ground,1187
group,1188
grow,1189
growing,1190
guild,1191
guitar,1192
gulf,1193
gulliver,1194
guy,1195
gymnastics,1196
habeas,1197
hair,1198
half,1199
hall,1200
ham,1201
hamblen,1202
hamburger,1203
hamlet,1204
hampshire,1205
hand,1206
handed,1207
handful,1208
handheld,1209
handle,1210
hands,1211
hank,1212
happen,1213
happened,1214
happens,1215
hara,1216
harbor,1217
hard,1218
hardest,1219
harper,1220
harrison,1221
harry,1222
harvey,1223
hass,1224
hastings,1225
hat,1226
hate,1227
having,1228
havoc,1229
hawaii,1230
hawaiian,1231
head,1232
headed,1233
headquartered,1234
headquarters,1235
healthy,1236
hear,1237
hearing,1238
hearst,1239
heart,1240
heavier,1241
heavily,1242
heavyweight,1243
held,1244
helen,1245
helicopter,1246
helium,1247
hell,1248
help,1249
helps,1250
hemingway,1251
hemisphere,1252
henry,1253
hepburn,1254
herb,1255
hermann,1256
hermit,1257
hero,1258
heroine,1259
hibernia,1260
high,1261
highest,1262
highway,1263
hijacked,1264
hike,1265
hillary,1266
hillbillies,1267
historical,1268
history,1269
hit,1270
hitler,1271
hitting,1272
hiv,1273
hockey,1274
hold,1275
holds,1276
hole,1277
holes,1278
holidays,1279
holland,1280
hollywood,1281
holmes,1282
holy,1283
home,1284
homelite,1285
homer,1286
honecker,1287
honey,1288
honor,1289
honorary,1290
hood,1291
hook,1292
hooligans,1293
hoover,1294
hope,1295
horoscope,1296
horrors,1297
horse,1298
horsepower,1299
horses,1300
host,1301
hot,1302
hotel,1303
hour,1304
hours,1305
house,1306
household,1307
houses,1308
housewife,1309
howard,1310
howdy,1311
hub,1312
huckleberry,1313
hudson,1314
hugo,1315
hulk,1316
human,1317
humans,1318
humidity,1319
humphrey,1320
humpty,1321
hungarian,1322
hungary,1323
hunter,1324
hunting,1325
hurricane,1326
husband,1327
huston,1328
hydrogen,1329
hymn,1330
hypertension,1331
ibm,1332
ice,1333
iceland,1334
idea,1335
identity,1336
ii,1337
ileana,1338
illinois,1339
imaginary,1340
important,1341
importer,1342
importers,1343
inauguration,1344
inch,1345
inches,1346
incident,1347
include,1348
included,1349
includes,1350
including,1351
income,1352
increase,1353
incredible,1354
independence,1355
independent,1356
india,1357
indian,1358
indians,1359
individuals,1360
indonesia,1361
infamous,1362
infection,1363
infectious,1364
info,1365
information,1366
ingredient,1367
injection,1368
inside,1369
inspired,1370
instead,1371
institute,1372
instrument,1373
insurance,1374
intercourse,1375
interesting,1376
international,1377
internet,1378
interview,1379
introduce,1380
introduced,1381
invade,1382
invasion,1383
invent,1384
invented,1385
inventor,1386
inventors,1387
investigation,1388
involved,1389
ioc,1390
ip,1391
iq,1392
iraq,1393
ireland,1394
irish,1395
iron,1396
islamic,1397
island,1398
islands,1399
israel,1400
issue,1401
issued,1402
italian,1403
italians,1404
italy,1405
ivy,1406
jack,1407
jackie,1408
jackson,1409
jail,1410
james,1411
jamiroquai,1412
jane,1413
january,1414
japan,1415
japanese,1416
jaws,1417
jazz,1418
jean,1419
jeep,1420
jefferson,1421
jerry,1422
jersey,1423
jesus,1424
jewish,1425
jews,1426
jimmy,1427
joan,1428
job,1429
jockey,1430
joe,1431
jogis,1432
john,1433
johnny,1434
johnson,1435
join,1436
joined,1437
joint,1438
jones,1439
jordan,1440
joseph,1441
josie,1442
journal,1443
journalist,1444
jr,1445
jude,1446
judy,1447
juice,1448
jules,1449
july,1450
june,1451
jungle,1452
junk,1453
just,1454
justice,1455
kafka,1456
kangaroo,1457
kansas,1458
kappa,1459
kasparov,1460
kennedy,1461
kentucky,1462
kept,1463
kevin,1464
keyboard,1465
khrushchev,1466
kid,1467
kidnaped,1468
kids,1469
killed,1470
killer,1471
killing,1472
kind,1473
kinds,1474
king,1475
kings,1476
kiss,1477
kitchen,1478
know,1479
known,1480
kong,1481
korea,1482
korean,1483
kosovo,1484
kuwait,1485
la,1486
label,1487
labor,1488
lack,1489
lady,1490
lake,1491
lakes,1492
land,1493
landed,1494
landing,1495
landmark,1496
language,1497
languages,1498
lantern,1499
large,1500
larger,1501
largest,1502
larry,1503
las,1504
laser,1505
late,1506
latin,1507
latitude,1508
laugh,1509
launched,1510
lauren,1511
law,1512
lawrence,1513
lawyer,1514
lawyers,1515
lay,1516
layers,1517
lead,1518
leader,1519
leading,1520
leads,1521
league,1522
learn,1523
leave,1524
leaving,1525
lebanon,1526
led,1527
lee,1528
left,1529
legal,1530
legally,1531
legend,1532
legendary,1533
legs,1534
length,1535
lens,1536
leon,1537
leper,1538
let,1539
lethal,1540
letter,1541
letters,1542
leukemia,1543
level,1544
lewis,1545
li,1546
liberty,1547
library,1548
lice,1549
lie,1550
lies,1551
life,1552
light,1553
lightning,1554
like,1555
likely,1556
limit,1557
lincoln,1558
lindbergh,1559
line,1560
liner,1561
linked,1562
lion,1563
lips,1564
lisa,1565
list,1566
lite,1567
literal,1568
literary,1569
literature,1570
litmus,1571
little,1572
live,1573
lived,1574
liver,1575
liverpool,1576
lives,1577
living,1578
ll,1579
lobster,1580
located,1581
location,1582
log,1583
logan,1584
london,1585
long,1586
longest,1587
longitude,1588
look,1589
looking,1590
lord,1591
los,1592
lose,1593
loss,1594
lost,1595
lou,1596
louis,1597
louisiana,1598
love,1599
lovers,1600
low,1601
lowest,1602
lucas,1603
luck,1604
lucy,1605
luke,1606
lunch,1607
lung,1608
luther,1609
luxury,1610
lyndon,1611
lyrics,1612
machine,1613
machines,1614
maclaine,1615
mad,1616
madonna,1617
madrid,1618
mae,1619
magazine,1620
magazines,1621
magic,1622
magna,1623
magnetic,1624
maid,1625
mail,1626
main,1627
maine,1628
major,1629
make,1630
maker,1631
makes,1632
making,1633
malaysia,1634
male,1635
mall,1636
mammal,1637
man,1638
manager,1639
maneuver,1640
manned,1641
manufacture,1642
manufactured,1643
manufacturer,1644
mao,1645
map,1646
march,1647
marciano,1648
margaret,1649
maria,1650
marijuana,1651
mark,1652
market,1653
markets,1654
marks,1655
marley,1656
marlowe,1657
marriage,1658
married,1659
marry,1660
mars,1661
martin,1662
martinis,1663
marvel,1664
marx,1665
mary,1666
maryland,1667
mascot,1668
massachusetts,1669
master,1670
match,1671
material,1672
materials,1673
matter,1674
matterhorn,1675
maurice,1676
maurizio,1677
maximum,1678
mayor,1679
mccarren,1680
mckinley,1681
mcparsedonedigit,1682
mean,1683
meaning,1684
means,1685
meant,1686
measure,1687
measured,1688
measures,1689
meat,1690
medal,1691
medals,1692
medical,1693
medicine,1694
mediterranean,1695
medium,1696
meeting,1697
mel,1698
melissa,1699
melting,1700
member,1701
members,1702
memphis,1703
men,1704
mentioned,1705
mentor,1706
mercury,1707
met,1708
metal,1709
meter,1710
meters,1711
method,1712
mexican,1713
mexico,1714
miami,1715
michael,1716
michelangelo,1717
michener,1718
michigan,1719
microsoft,1720
middle,1721
mighty,1722
mikhail,1723
mile,1724
miles,1725
military,1726
milk,1727
milky,1728
millennium,1729
miller,1730
millimeter,1731
million,1732
millions,1733
mills,1734
milton,1735
minimum,1736
minister,1737
minnesota,1738
minor,1739
minute,1740
minutes,1741
mirror,1742
miss,1743
mission,1744
mississippi,1745
missouri,1746
mix,1747
mixing,1748
moby,1749
model,1750
modern,1751
molecules,1752
mona,1753
monaco,1754
monarch,1755
monet,1756
money,1757
monitor,1758
monkey,1759
monopoly,1760
monster,1761
month,1762
months,1763
moon,1764
moore,1765
moral,1766
mormons,1767
morning,1768
mosquito,1769
mother,1770
motion,1771
motors,1772
motto,1773
mount,1774
mountain,1775
mountains,1776
mouse,1777
mouth,1778
movement,1779
movie,1780
movies,1781
moving,1782
mozambique,1783
mr,1784
mrs,1785
ms,1786
muffins,1787
muhammad,1788
mules,1789
muppets,1790
murder,1791
muscles,1792
museum,1793
music,1794
musical,1795
mutiny,1796
mutombo,1797
mystery,1798
nadia,1799
namath,1800
named,1801
names,1802
naples,1803
napoleon,1804
napsylate,1805
narrates,1806
nasa,1807
nation,1808
national,1809
nationality,1810
nations,1811
native,1812
natural,1813
nature,1814
nautical,1815
navy,1816
nazi,1817
nazis,1818
nba,1819
neal,1820
near,1821
nebraska,1822
need,1823
needle,1824
neil,1825
nelson,1826
neon,1827
nero,1828
nests,1829
net,1830
netherlands,1831
network,1832
neurological,1833
new,1834
news,1835
newspaper,1836
nfl,1837
nhl,1838
nicholas,1839
nickname,1840
nicknamed,1841
night,1842
nile,1843
nino,1844
nintendo,1845
nixon,1846
nj,1847
nn,1848
nnp,1849
nns,1850
nobel,1851
nominated,1852
non,1853
normal,1854
north,1855
northeast,1856
northernmost,1857
nose,1858
notes,1859
novel,1860
novelist,1861
november,1862
nowadays,1863
nuclear,1864
number,1865
numbers,1866
numerals,1867
nun,1868
nursery,1869
nuts,1870
oat,1871
object,1872
objects,1873
occupation,1874
occupy,1875
occur,1876
occurs,1877
ocean,1878
oceans,1879
odds,1880
offer,1881
office,1882
official,1883
ohio,1884
oil,1885
oklahoma,1886
old,1887
oldest,1888
olsen,1889
olympic,1890
olympics,1891
online,1892
opened,1893
opener,1894
opens,1895
opera,1896
operating,1897
operation,1898
operations,1899
opposite,1900
orange,1901
orca,1902
order,1903
organ,1904
organism,1905
organization,1906
orgasm,1907
oriented,1908
origin,1909
original,1910
originally,1911
originate,1912
originated,1913
orinoco,1914
orleans,1915
oscar,1916
oscars,1917
osteoporosis,1918
oswald,1919
ouija,1920
outcome,1921
outer,1922
output,1923
outside,1924
oven,1925
owned,1926
owner,1927
owns,1928
oz,1929
ozone,1930
pacific,1931
page,1932
pages,1933
paid,1934
paint,1935
painted,1936
painter,1937
painting,1938
pairs,1939
palace,1940
pan,1941
panama,1942
paper,1943
parents,1944
paris,1945
park,1946
parker,1947
parking,1948
parks,1949
parseddigits,1950
parsedfivedigits,1951
parsedfourdigits,1952
parsedfourdigitss,1953
parsedonedigit,1954
parsedonedigitth,1955
parsedthreedigits,1956
parsedtwodigits,1957
parsedtwodigitsrd,1958
parsedtwodigitsth,1959
partner,1960
parton,1961
party,1962
pascal,1963
paso,1964
pass,1965
past,1966
patent,1967
patented,1968
patricia,1969
paul,1970
pay,1971
pea,1972
peace,1973
peachy,1974
peak,1975
peanut,1976
pearl,1977
pellegrin,1978
pencil,1979
pendulum,1980
penetrate,1981
peninsula,1982
penis,1983
penn,1984
penned,1985
pennsylvania,1986
penny,1987
people,1988
pepper,1989
pepsi,1990
percent,1991
percentage,1992
perfect,1993
perform,1994
performer,1995
period,1996
perpetual,1997
persian,1998
person,1999
personality,2000
pet,2001
peter,2002
pets,2003
ph,2004
phenomenon,2005
philadelphia,2006
philippines,2007
phoenix,2008
phone,2009
photographer,2010
phrase,2011
physical,2012
piano,2013
picture,2014
pictures,2015
piece,2016
pig,2017
piggy,2018
pigs,2019
pilot,2020
pilots,2021
pines,2022
pink,2023
pins,2024
pistol,2025
pit,2026
pitcher,2027
pitchers,2028
pittsburgh,2029
pizza,2030
place,2031
placed,2032
plain,2033
plan,2034
plane,2035
planet,2036
plant,2037
planted,2038
plants,2039
plastic,2040
play,2041
playboy,2042
played,2043
player,2044
players,2045
playing,2046
plays,2047
plo,2048
plot,2049
pneumonia,2050
poe,2051
poem,2052
poet,2053
poetry,2054
point,2055
points,2056
poison,2057
poker,2058
poland,2059
pole,2060
police,2061
policy,2062
polio,2063
polish,2064
political,2065
poll,2066
pollock,2067
pollution,2068
polo,2069
pooh,2070
poor,2071
pop,2072
pope,2073
popeye,2074
popular,2075
populated,2076
population,2077
port,2078
portrayed,2079
position,2080
possession,2081
post,2082
postage,2083
postal,2084
potlatch,2085
pound,2086
pounds,2087
pow,2088
powell,2089
power,2090
powerful,2091
powers,2092
pox,2093
practice,2094
prayer,2095
preacher,2096
pregnacy,2097
pregnancy,2098
pregnant,2099
premiered,2100
prepared,2101
present,2102
presidency,2103
president,2104
presidential,2105
presidents,2106
presley,2107
pressure,2108
prevent,2109
prewitt,2110
price,2111
pride,2112
primary,2113
prime,2114
prince,2115
princess,2116
principle,2117
print,2118
printing,2119
prison,2120
private,2121
prize,2122
pro,2123
probability,2124
process,2125
processor,2126
procter,2127
produce,2128
produced,2129
producer,2130
produces,2131
product,2132
production,2133
products,2134
profession,2135
professional,2136
professor,2137
program,2138
programming,2139
project,2140
promote,2141
prompted,2142
pronounce,2143
pronounced,2144
proper,2145
properties,2146
prophet,2147
proposition,2148
protein,2149
proud,2150
provides,2151
province,2152
pseudonym,2153
public,2154
publish,2155
published,2156
pulitzer,2157
pull,2158
purchase,2159
purchased,2160
purified,2161
purpose,2162
purposes,2163
pursuit,2164
pussycats,2165
putting,2166
putty,2167
pyramid,2168
qigong,2169
queen,2170
question,2171
questions,2172
quit,2173
race,2174
races,2175
racing,2176
radio,2177
raid,2178
rail,2179
railroad,2180
railway,2181
rain,2182
rainbow,2183
raise,2184
raised,2185
ram,2186
ranch,2187
randolph,2188
randy,2189
range,2190
ranger,2191
ranges,2192
rank,2193
rascals,2194
rate,2195
rating,2196
ray,2197
razor,2198
reach,2199
reactivity,2200
read,2201
reading,2202
reagan,2203
real,2204
reason,2205
receive,2206
received,2207
recently,2208
recipe,2209
recognize,2210
recommended,2211
record,2212
recorded,2213
records,2214
red,2215
refer,2216
regarding,2217
region,2218
register,2219
regular,2220
reign,2221
reims,2222
related,2223
relations,2224
relationship,2225
relative,2226
release,2227
released,2228
religion,2229
remain,2230
remove,2231
removed,2232
renaissance,2233
rent,2234
replaced,2235
report,2236
represent,2237
representative,2238
representatives,2239
represented,2240
republic,2241
requirement,2242
requirements,2243
research,2244
resistance,2245
responsible,2246
rest,2247
restaurant,2248
restored,2249
results,2250
return,2251
review,2252
revolt,2253
revolution,2254
revolutionaries,2255
revolve,2256
rex,2257
rhett,2258
rhodes,2259
rica,2260
rice,2261
rich,2262
richard,2263
richest,2264
rick,2265
ride,2266
rider,2267
right,2268
rights,2269
ring,2270
rings,2271
ripening,2272
rise,2273
rites,2274
river,2275
rivers,2276
road,2277
robert,2278
robin,2279
robinson,2280
rock,2281
rockefeller,2282
rocks,2283
rocky,2284
rode,2285
roe,2286
roger,2287
rogers,2288
role,2289
roll,2290
rolling,2291
roman,2292
romans,2293
rome,2294
ronald,2295
rooftops,2296
room,2297
roosevelt,2298
root,2299
rosa,2300
rose,2301
ross,2302
rotary,2303
round,2304
rows,2305
roy,2306
royal,2307
rubber,2308
rubik,2309
ruin,2310
rule,2311
ruled,2312
rules,2313
rum,2314
run,2315
running,2316
runs,2317
russia,2318
russian,2319
russians,2320
rust,2321
ruth,2322
safe,2323
said,2324
sailor,2325
sailors,2326
salary,2327
sale,2328
sales,2329
salesman,2330
salonen,2331
salt,2332
saltpeter,2333
sam,2334
samuel,2335
san,2336
sand,2337
sang,2338
sank,2339
santa,2340
santos,2341
sarge,2342
satellite,2343
satellites,2344
saturday,2345
sauce,2346
save,2347
saw,2348
say,2349
saying,2350
scale,2351
scarlett,2352
scholar,2353
school,2354
schools,2355
science,2356
scientific,2357
scientists,2358
scooby,2359
scopes,2360
score,2361
scotland,2362
scottish,2363
scoundrel,2364
scouts,2365
scrabble,2366
screen,2367
screenplay,2368
scrooge,2369
scruples,2370
sculpture,2371
sea,2372
seaport,2373
search,2374
seas,2375
season,2376
seasons,2377
seat,2378
seattle,2379
second,2380
secret,2381
secretary,2382
section,2383
security,2384
seeing,2385
seen,2386
sees,2387
seized,2388
seizure,2389
select,2390
self,2391
sell,2392
seller,2393
selling,2394
sells,2395
senate,2396
senator,2397
send,2398
sensitive,2399
sent,2400
sentence,2401
separated,2402
separates,2403
september,2404
sequel,2405
sergeant,2406
series,2407
serve,2408
served,2409
service,2410
serving,2411
set,2412
setting,2413
seven,2414
seventeen,2415
seventh,2416
sex,2417
sexual,2418
shake,2419
shakespeare,2420
shall,2421
shampoo,2422
shape,2423
share,2424
sharp,2425
shea,2426
sheep,2427
shelley,2428
sherlock,2429
shevardnadze,2430
shield,2431
ship,2432
ships,2433
shirley,2434
shoe,2435
shoes,2436
shoot,2437
shores,2438
short,2439
shot,2440
shouldn,2441
shouts,2442
shows,2443
shuttle,2444
sides,2445
sigmund,2446
sign,2447
signature,2448
signed,2449
significant,2450
silent,2451
silly,2452
silver,2453
silversmiths,2454
simon,2455
simple,2456
simpson,2457
simpsons,2458
sinatra,2459
sing,2460
singer,2461
singing,2462
single,2463
singles,2464
sings,2465
singular,2466
sink,2467
sinn,2468
sioux,2469
sir,2470
sister,2471
sisters,2472
sitcom,2473
site,2474
sites,2475
size,2476
sizes,2477
skin,2478
skywalker,2479
slam,2480
slave,2481
sleep,2482
slinky,2483
slogan,2484
slow,2485
small,2486
smallest,2487
smith,2488
smokey,2489
smoking,2490
snail,2491
snap,2492
snore,2493
snow,2494
soap,2495
soccer,2496
social,2497
society,2498
soda,2499
sodium,2500
soft,2501
software,2502
solar,2503
sold,2504
soldier,2505
soldiers,2506
solo,2507
son,2508
song,2509
songs,2510
sons,2511
sort,2512
sound,2513
soup,2514
source,2515
south,2516
southern,2517
soviet,2518
space,2519
spacecraft,2520
spacewalk,2521
spaghetti,2522
spain,2523
span,2524
spangled,2525
spanish,2526
spawned,2527
speak,2528
speaking,2529
spears,2530
special,2531
species,2532
specifically,2533
spectrum,2534
speed,2535
spelled,2536
spend,2537
spent,2538
sperm,2539
spice,2540
spider,2541
spielberg,2542
spill,2543
spins,2544
spoke,2545
spoken,2546
sport,2547
sports,2548
spumante,2549
spy,2550
square,2551
st,2552
stadium,2553
staff,2554
stage,2555
stains,2556
stalin,2557
stamp,2558
stand,2559
standard,2560
stanford,2561
stanley,2562
star,2563
starred,2564
starring,2565
stars,2566
start,2567
started,2568
starting,2569
starts,2570
state,2571
statement,2572
states,2573
station,2574
stations,2575
statistics,2576
statue,2577
statues,2578
steal,2579
steam,2580
steamboat,2581
steel,2582
stefan,2583
steinbeck,2584
stephen,2585
steps,2586
stereo,2587
steve,2588
steven,2589
stevie,2590
stewart,2591
stick,2592
stock,2593
stocks,2594
stole,2595
stone,2596
stones,2597
stop,2598
stopped,2599
stops,2600
store,2601
storm,2602
story,2603
strait,2604
streak,2605
street,2606
stretch,2607
strikes,2608
strip,2609
stripes,2610
strong,2611
strontium,2612
struck,2613
structure,2614
stuart,2615
student,2616
students,2617
studios,2618
study,2619
style,2620
submarine,2621
substance,2622
subtitled,2623
subway,2624
success,2625
successful,2626
suffer,2627
sugar,2628
suit,2629
suite,2630
sullivan,2631
summer,2632
sun,2633
super,2634
superman,2635
superstar,2636
support,2637
supposed,2638
supreme,2639
surface,2640
surfing,2641
surrender,2642
surrendered,2643
surrounds,2644
swap,2645
sweet,2646
swimmer,2647
swimming,2648
switzerland,2649
sydney,2650
symbol,2651
syndrome,2652
synonymous,2653
syrup,2654
systems,2655
tab,2656
table,2657
tail,2658
taiwanese,2659
taj,2660
takes,2661
tale,2662
talk,2663
talking,2664
tall,2665
tallest,2666
tammy,2667
target,2668
taste,2669
tax,2670
taylor,2671
tea,2672
team,2673
teams,2674
teaspoon,2675
technical,2676
technique,2677
teddy,2678
teeth,2679
telephone,2680
television,2681
tell,2682
tells,2683
temperature,2684
temperatures,2685
temple,2686
tend,2687
tennessee,2688
tennis,2689
tenpin,2690
tenses,2691
term,2692
terms,2693
territories,2694
territory,2695
terrorist,2696
test,2697
texas,2698
thalassemia,2699
thank,2700
thanksgiving,2701
thatcher,2702
theme,2703
theory,2704
thing,2705
things,2706
think,2707
thomas,2708
thought,2709
thrilled,2710
throat,2711
thumb,2712
thunder,2713
ticket,2714
tie,2715
tiger,2716
time,2717
times,2718
tin,2719
tiny,2720
tip,2721
titanic,2722
title,2723
titled,2724
toast,2725
today,2726
toes,2727
toilet,2728
tokyo,2729
told,2730
tolkien,2731
toll,2732
tom,2733
tomato,2734
ton,2735
tongue,2736
tony,2737
took,2738
tools,2739
topped,2740
tornado,2741
total,2742
touch,2743
touching,2744
tour,2745
tourism,2746
tourist,2747
tourists,2748
tournament,2749
tower,2750
town,2751
toy,2752
tracy,2753
trade,2754
trademark,2755
traditional,2756
tragedy,2757
trail,2758
train,2759
training,2760
translated,2761
translations,2762
transplant,2763
travel,2764
traveled,2765
travels,2766
treasure,2767
treasury,2768
treat,2769
treatment,2770
tree,2771
trees,2772
trek,2773
trial,2774
trials,2775
triangle,2776
tribe,2777
tried,2778
trilogy,2779
trinidad,2780
trip,2781
triple,2782
triplets,2783
tristar,2784
trivial,2785
troops,2786
trophy,2787
true,2788
truth,2789
try,2790
trying,2791
tube,2792
tuberculosis,2793
tune,2794
tunnel,2795
turn,2796
turned,2797
tutu,2798
tv,2799
twice,2800
twin,2801
twins,2802
type,2803
types,2804
typewriter,2805
typical,2806
typing,2807
typist,2808
ulysses,2809
unaccounted,2810
underwater,2811
unemployment,2812
uniform,2813
uniforms,2814
union,2815
united,2816
universe,2817
university,2818
unknown,2819
uprising,2820
uris,2821
usa,2822
use,2823
used,2824
uses,2825
using,2826
usually,2827
utah,2828
vaccine,2829
vacuum,2830
vader,2831
vagina,2832
valdez,2833
valley,2834
value,2835
van,2836
varian,2837
varieties,2838
variety,2839
various,2840
vatican,2841
vbp,2842
vcr,2843
ve,2844
vegas,2845
vegetable,2846
vehicles,2847
veins,2848
ventura,2849
venus,2850
verdict,2851
vermouth,2852
verne,2853
verses,2854
veterans,2855
vhs,2856
vice,2857
victor,2858
victoria,2859
victory,2860
video,2861
vienna,2862
vietnam,2863
vietnamese,2864
viii,2865
viking,2866
village,2867
villain,2868
vincent,2869
vineyard,2870
violins,2871
virgin,2872
virginia,2873
virtual,2874
viscosity,2875
visit,2876
visitors,2877
vitamin,2878
voice,2879
volcano,2880
vote,2881
votes,2882
voting,2883
vowel,2884
vs,2885
wage,2886
walk,2887
wall,2888
wallpaper,2889
walls,2890
walter,2891
want,2892
war,2893
warner,2894
wars,2895
wash,2896
washington,2897
watch,2898
water,2899
watergate,2900
wave,2901
way,2902
wayne,2903
ways,2904
weapon,2905
wear,2906
wearing,2907
wears,2908
weather,2909
web,2910
website,2911
websites,2912
wedding,2913
week,2914
weigh,2915
weight,2916
went,2917
werewolf,2918
west,2919
western,2920
wet,2921
whale,2922
wheel,2923
white,2924
wide,2925
widely,2926
wife,2927
wild,2928
william,2929
williams,2930
willy,2931
wilson,2932
win,2933
wind,2934
windows,2935
windsor,2936
wine,2937
wings,2938
winner,2939
winners,2940
winnie,2941
winning,2942
winter,2943
wise,2944
witch,2945
wives,2946
wizard,2947
wolfe,2948
woman,2949
women,2950
won,2951
wonder,2952
wonderland,2953
wonders,2954
wood,2955
woodpecker,2956
woodrow,2957
woody,2958
word,2959
words,2960
work,2961
worked,2962
working,2963
world,2964
worlds,2965
worldwide,2966
worms,2967
worn,2968
worst,2969
worth,2970
wrath,2971
write,2972
writer,2973
writing,2974
written,2975
wrote,2976
wwii,2977
www,2978
wyoming,2979
yahoo,2980
yalta,2981
yankee,2982
yankees,2983
yards,2984
year,2985
years,2986
yellow,2987
yellowstone,2988
yogi,2989
york,2990
young,2991
youngest,2992
youngsters,2993
younis,2994
yukon,2995
zealand,2996
zeppelin,2997
zero,2998
zimbabwe,2999
zip,3000
zodiacal,3001
zones,3002
