aaron,0
abandoned,1
abbreviated,2
abbreviation,3
ability,4
abner,5
abraham,6
academy,7
access,8
according,9
acid,10
acne,11
acronym,12
act,13
acted,14
action,15
active,16
actor,17
actors,18
actress,19
actually,20
ad,21
add,22
address,23
addresses,24
administration,25
adopt,26
adopted,27
ads,28
adult,29
adventures,30
advertise,31
advertising,32
affect,33
affected,34
afghanistan,35
africa,36
african,37
afternoon,38
age,39
aged,40
agent,41
ages,42
ago,43
agree,44
aid,45
aids,46
air,47
airline,48
airplane,49
airport,50
airports,51
al,52
alan,53
alaska,54
albert,55
album,56
aldrin,57
alexander,58
alexandra,59
algeria,60
ali,61
alice,62
allen,63
alley,64
allowed,65
alphabet,66
alphabetical,67
alternative,68
amazon,69
ambassador,70
amendment,71
america,72
american,73
americans,74
americas,75
amphibians,76
amtrak,77
analysis,78
ancient,79
andrew,80
andrews,81
andy,82
angel,83
angeles,84
angels,85
anglican,86
animal,87
animals,88
animated,89
anniversary,90
announced,91
annual,92
answers,93
anthem,94
anthony,95
anti,96
aol,97
apart,98
apartment,99
apollo,100
appear,101
appearance,102
appearances,103
appeared,104
appears,105
apple,106
apples,107
appointed,108
approximate,109
april,110
arcadia,111
arch,112
archie,113
architect,114
arctic,115
area,116
areas,117
argentina,118
argentine,119
arkansas,120
armed,121
armstrong,122
army,123
arnold,124
arrow,125
art,126
arthur,127
articles,128
artificial,129
artist,130
artists,131
ash,132
asia,133
asian,134
ask,135
asked,136
aspartame,137
assassinate,138
assassinated,139
assassination,140
associated,141
associates,142
association,143
astaire,144
astronaut,145
astronauts,146
athlete,147
athletes,148
atlantic,149
atm,150
attack,151
attacks,152
attempt,153
attempts,154
attend,155
attraction,156
attractions,157
august,158
australia,159
australian,160
austria,161
author,162
auto,163
autobiography,164
automobile,165
avenue,166
average,167
award,168
awarded,169
awards,170
away,171
babe,172
baby,173
bacall,174
background,175
bad,176
bakery,177
baking,178
bald,179
ball,180
ballet,181
balls,182
baltic,183
banana,184
band,185
bank,186
banned,187
banner,188
bar,189
barbados,190
barbeque,191
barnum,192
barrymore,193
bars,194
baseball,195
based,196
basketball,197
bastille,198
bat,199
battery,200
battle,201
battles,202
bay,203
beach,204
beak,205
beanie,206
bear,207
bears,208
beat,209
beatles,210
beauty,211
bed,212
bee,213
beer,214
beers,215
bees,216
beethoven,217
beetle,218
began,219
begin,220
beginning,221
belgium,222
believe,223
bell,224
belushi,225
ben,226
benny,227
berlin,228
bert,229
best,230
bet,231
bette,232
better,233
betting,234
bible,235
biblical,236
bibliography,237
big,238
biggest,239
billy,240
biography,241
bird,242
birds,243
birth,244
birthday,245
birthplace,246
birthstone,247
black,248
blacks,249
blanc,250
blind,251
block,252
blood,253
bloom,254
blue,255
blues,256
board,257
boasts,258
boat,259
bob,260
bobby,261
body,262
bog,263
bogart,264
bolivia,265
bomb,266
bombay,267
bombing,268
bond,269
bone,270
bones,271
bonnie,272
book,273
books,274
boosters,275
border,276
borders,277
born,278
boston,279
bottle,280
bottled,281
bottles,282
bought,283
bounty,284
bourbon,285
bowl,286
bowling,287
box,288
boxer,289
boxing,290
boy,291
boys,292
bra,293
bradbury,294
brain,295
brand,296
brandenburg,297
brave,298
brazil,299
brazilian,300
breakfast,301
breed,302
bridge,303
brightest,304
britain,305
british,306
broadcast,307
broadcasting,308
broadway,309
broke,310
broken,311
brooks,312
bros,313
brother,314
brothers,315
brought,316
brown,317
browns,318
brunei,319
brush,320
buffalo,321
bug,322
bugs,323
build,324
building,325
buildings,326
built,327
bull,328
bulls,329
bunker,330
bureau,331
buried,332
burned,333
bush,334
busiest,335
business,336
businesses,337
bust,338
butler,339
butter,340
butterfield,341
buy,342
buys,343
cabinet,344
cable,345
caffeinated,346
caffeine,347
cage,348
cairo,349
calculate,350
calculator,351
calendar,352
caliente,353
california,354
called,355
callosum,356
calls,357
calories,358
came,359
camel,360
camera,361
camp,362
canada,363
canadian,364
canal,365
cancer,366
candle,367
canine,368
cans,369
canyon,370
cap,371
capita,372
capital,373
capone,374
captain,375
car,376
carbon,377
card,378
cardinal,379
cards,380
care,381
career,382
caribbean,383
carol,384
carolina,385
carries,386
cars,387
carta,388
carter,389
cartoon,390
cartoons,391
casablanca,392
case,393
casey,394
cash,395
casting,396
castle,397
cat,398
catch,399
cathedral,400
catholic,401
caught,402
cause,403
caused,404
causes,405
causing,406
cave,407
cc,408
cd,409
ce,410
celebrated,411
celebrities,412
celebrity,413
cells,414
cement,415
cent,416
center,417
centers,418
central,419
century,420
cereal,421
ceremony,422
certain,423
chain,424
chairman,425
chairs,426
champion,427
champions,428
championship,429
chance,430
chancellor,431
changed,432
chapel,433
chappellet,434
chapter,435
character,436
characters,437
charge,438
charles,439
charley,440
charlie,441
check,442
cheese,443
chefs,444
chemical,445
chemicals,446
chess,447
chicago,448
chicken,449
chief,450
child,451
children,452
chile,453
chilean,454
china,455
chinese,456
chip,457
chocolate,458
chris,459
christ,460
christian,461
christmas,462
christopher,463
chromosome,464
chronic,465
chronicles,466
church,467
churchill,468
cigarette,469
circle,470
cities,471
citizen,472
city,473
civil,474
claim,475
claimed,476
claims,477
clara,478
clark,479
class,480
classic,481
classical,482
classification,483
claus,484
clay,485
clean,486
clear,487
cleveland,488
clinton,489
clock,490
close,491
closed,492
closest,493
closing,494
clothes,495
clothing,496
clouds,497
clown,498
club,499
cnn,500
coach,501
coal,502
coastal,503
coastline,504
coca,505
cocaine,506
coconut,507
code,508
codes,509
coffee,510
cognac,511
coin,512
cola,513
cold,514
colin,515
collect,516
collection,517
college,518
colleges,519
cologne,520
colonial,521
colonies,522
colonists,523
colony,524
color,525
colorado,526
colorful,527
colors,528
colt,529
columbia,530
columbus,531
com,532
comaneci,533
combat,534
come,535
comedian,536
comedienne,537
comedy,538
comes,539
comic,540
comics,541
coming,542
command,543
commandments,544
commerce,545
commercial,546
commit,547
committee,548
commodity,549
common,550
commonly,551
commune,552
communist,553
community,554
companies,555
companion,556
company,557
compared,558
compatible,559
competition,560
complete,561
composer,562
computer,563
concorde,564
condition,565
coney,566
confederate,567
conference,568
congress,569
congressman,570
connected,571
connecticut,572
conrad,573
consciousness,574
consecutive,575
considered,576
consist,577
constellation,578
constitution,579
constructed,580
contact,581
contain,582
contains,583
contemptible,584
contest,585
continent,586
continental,587
contract,588
control,589
controls,590
conversion,591
convicted,592
cooking,593
cool,594
cooper,595
copies,596
copper,597
cork,598
corn,599
corner,600
corporate,601
corporation,602
corpus,603
correct,604
correctly,605
cosmology,606
cost,607
costa,608
costner,609
costume,610
cotrubas,611
cotton,612
council,613
count,614
counterpart,615
countries,616
country,617
county,618
coup,619
couple,620
course,621
court,622
cousteau,623
cover,624
covers,625
cow,626
cowboy,627
cpr,628
crabs,629
craft,630
cranberry,631
crash,632
cream,633
create,634
created,635
creator,636
creature,637
credit,638
credited,639
creeps,640
cricket,641
crickets,642
criminal,643
crokinole,644
crop,645
cross,646
crown,647
crust,648
crystals,649
cuba,650
cube,651
cubic,652
cuckoo,653
cup,654
currency,655
current,656
cut,657
daily,658
dakota,659
dale,660
dam,661
damage,662
dana,663
danced,664
dancing,665
daniel,666
danube,667
darkness,668
darth,669
data,670
date,671
dating,672
daughter,673
daughters,674
david,675
davies,676
davis,677
day,678
daycare,679
days,680
dc,681
dead,682
deadliest,683
deal,684
dealer,685
deals,686
dealt,687
death,688
debate,689
debut,690
decathlon,691
december,692
declaration,693
declare,694
declared,695
deep,696
deepest,697
deer,698
defeat,699
defects,700
defense,701
define,702
defined,703
definition,704
degas,705
degrees,706
democratic,707
dentist,708
denver,709
deodorant,710
department,711
depicted,712
depression,713
derby,714
desert,715
design,716
designed,717
designer,718
desire,719
desmond,720
details,721
detect,722
detective,723
determine,724
determined,725
develop,726
developed,727
developing,728
development,729
device,730
dew,731
dextropropoxyphen,732
diabetes,733
dialing,734
diameter,735
diamond,736
diamonds,737
diary,738
dick,739
dicken,740
dickens,741
dictator,742
did,743
die,744
died,745
diego,746
difference,747
differences,748
different,749
digital,750
dikembe,751
dime,752
dinner,753
dinosaur,754
dioxide,755
direct,756
directed,757
direction,758
directly,759
director,760
disabilities,761
disc,762
discover,763
discovered,764
disease,765
diseases,766
disk,767
disorder,768
display,769
distance,770
distinction,771
district,772
divided,773
division,774
divorce,775
doctor,776
does,777
dog,778
dogs,779
dogtown,780
doing,781
doll,782
dollar,783
dollars,784
dolly,785
domesticated,786
dominoes,787
don,788
donald,789
doodle,790
doody,791
doonesbury,792
door,793
dot,794
dots,795
dow,796
dozen,797
dr,798
dracula,799
draft,800
draw,801
drew,802
drink,803
drinking,804
drinks,805
drive,806
driven,807
dropped,808
drug,809
drugs,810
dry,811
dt,812
dubbed,813
duck,814
duel,815
duke,816
dumont,817
dumpty,818
dutch,819
dwarf,820
dwarfs,821
dwight,822
eagle,823
ear,824
early,825
earn,826
ears,827
earth,828
earthquake,829
earthquakes,830
easiest,831
east,832
easter,833
eastern,834
eat,835
eaten,836
economic,837
economy,838
edberg,839
edgar,840
edith,841
edition,842
editor,843
edmund,844
education,845
educational,846
edward,847
effect,848
effects,849
efficient,850
egg,851
eggs,852
egypt,853
eiffel,854
eighth,855
einstein,856
eisenhower,857
el,858
elected,859
election,860
electoral,861
electric,862
electrical,863
electricity,864
element,865
elements,866
elephant,867
ella,868
elvis,869
email,870
embassy,871
emperor,872
empire,873
employ,874
employee,875
end,876
endangered,877
ended,878
ends,879
enemy,880
energy,881
engine,882
engineer,883
engineering,884
engines,885
england,886
english,887
enter,888
enterprise,889
entertainer,890
entire,891
enzymes,892
episode,893
equal,894
equation,895
equator,896
equipment,897
equity,898
equivalent,899
era,900
erected,901
ernest,902
ernie,903
erupt,904
eruption,905
eskimo,906
espionage,907
establish,908
established,909
estate,910
eternity,911
ethel,912
europe,913
european,914
event,915
events,916
everest,917
ewoks,918
exactly,919
example,920
exchange,921
executed,922
exercise,923
exist,924
existence,925
expectancy,926
expectant,927
expensive,928
experienced,929
experts,930
explorer,931
export,932
exports,933
expression,934
extensions,935
exxon,936
eye,937
eyes,938
face,939
faced,940
faces,941
facial,942
factor,943
fair,944
fairy,945
faith,946
falklands,947
falls,948
fame,949
famed,950
family,951
famous,952
fans,953
fantastic,954
far,955
fare,956
fast,957
fastest,958
fat,959
fatal,960
father,961
fathom,962
favorite,963
fawaz,964
fax,965
fbi,966
fdr,967
fear,968
feature,969
featured,970
features,971
february,972
federal,973
feeling,974
feet,975
fein,976
felt,977
female,978
ferry,979
festival,980
feudal,981
fever,982
fiber,983
fibrosis,984
fiction,985
fictional,986
fidelis,987
field,988
fields,989
fifth,990
fight,991
figure,992
figures,993
file,994
film,995
films,996
fine,997
fined,998
finger,999
fingers,1000
fired,1001
firm,1002
fish,1003
fitzgerald,1004
flag,1005
flags,1006
flavor,1007
flavors,1008
flew,1009
flight,1010
flintstones,1011
float,1012
floor,1013
floors,1014
florence,1015
florida,1016
flow,1017
flower,1018
flowers,1019
flows,1020
fly,1021
flying,1022
folic,1023
follow,1024
followed,1025
following,1026
food,1027
foods,1028
fool,1029
foot,1030
football,1031
force,1032
forced,1033
forces,1034
ford,1035
foreclosure,1036
forest,1037
form,1038
format,1039
formed,1040
formula,1041
fort,1042
fortune,1043
fought,1044
founded,1045
founder,1046
fountain,1047
fourth,1048
fox,1049
france,1050
francis,1051
francisco,1052
frank,1053
frankenstein,1054
frankfurt,1055
franklin,1056
fraze,1057
fred,1058
frederick,1059
free,1060
french,1061
frequency,1062
fresh,1063
friend,1064
frogs,1065
frontier,1066
frozen,1067
fruit,1068
fuel,1069
fun,1070
function,1071
fungal,1072
fur,1073
future,1074
gain,1075
gained,1076
galaxy,1077
gallon,1078
gallons,1079
gamble,1080
game,1081
games,1082
gandhi,1083
gang,1084
garland,1085
garry,1086
gas,1087
gate,1088
gates,1089
gateway,1090
gave,1091
gay,1092
geese,1093
gehrig,1094
gender,1095
gene,1096
general,1097
generals,1098
generator,1099
genesis,1100
genetics,1101
geographic,1102
geographical,1103
george,1104
georgia,1105
gerald,1106
german,1107
germany,1108
gestation,1109
getting,1110
gettysburg,1111
ghost,1112
gilbert,1113
giraffe,1114
girl,1115
girls,1116
given,1117
gives,1118
giving,1119
glacier,1120
glass,1121
glitters,1122
global,1123
glory,1124
glove,1125
goat,1126
god,1127
goddess,1128
godfather,1129
gods,1130
goes,1131
gogh,1132
going,1133
gold,1134
golden,1135
golf,1136
golfer,1137
gone,1138
good,1139
goodall,1140
gorbachev,1141
gordon,1142
got,1143
gould,1144
government,1145
governor,1146
gparsedonedigit,1147
graced,1148
graces,1149
graders,1150
graduate,1151
grand,1152
grant,1153
gray,1154
great,1155
greatest,1156
greece,1157
greek,1158
green,1159
greeting,1160
grooves,1161
gross,1162
ground,1163
group,1164
groups,1165
grow,1166
growing,1167
growth,1168
guild,1169
guinea,1170
guitar,1171
gulf,1172
gulliver,1173
guy,1174
gymnastics,1175
habeas,1176
habitat,1177
hair,1178
half,1179
hall,1180
hamblen,1181
hamburger,1182
hampshire,1183
hand,1184
handed,1185
handheld,1186
hands,1187
hank,1188
happen,1189
happened,1190
happens,1191
hara,1192
harbor,1193
hard,1194
hardest,1195
harper,1196
harrison,1197
harry,1198
harvey,1199
hass,1200
hastings,1201
hat,1202
hate,1203
having,1204
havoc,1205
hawaii,1206
hawaiian,1207
hawks,1208
hazmat,1209
head,1210
headed,1211
headquartered,1212
headquarters,1213
hear,1214
hearing,1215
hearst,1216
heart,1217
hearts,1218
heat,1219
heaven,1220
heavier,1221
heavily,1222
heavyweight,1223
held,1224
helen,1225
helens,1226
helicopter,1227
helium,1228
hell,1229
help,1230
helps,1231
hemingway,1232
hemisphere,1233
henry,1234
herb,1235
hermann,1236
hermit,1237
hero,1238
heroine,1239
hibernia,1240
high,1241
highest,1242
highway,1243
hijacked,1244
hike,1245
hillary,1246
hills,1247
historical,1248
history,1249
hit,1250
hitler,1251
hitting,1252
hockey,1253
hoffman,1254
hold,1255
holds,1256
hole,1257
holiday,1258
holidays,1259
holland,1260
hollywood,1261
holmes,1262
holy,1263
home,1264
homelite,1265
homer,1266
honecker,1267
honey,1268
honor,1269
honorary,1270
hood,1271
hook,1272
hooligans,1273
hoover,1274
horoscope,1275
horrors,1276
horse,1277
horsepower,1278
horses,1279
host,1280
hot,1281
hotel,1282
hour,1283
hours,1284
house,1285
household,1286
houses,1287
housewife,1288
howard,1289
howdy,1290
hub,1291
huckleberry,1292
hughes,1293
hugo,1294
hulk,1295
human,1296
humans,1297
humidity,1298
humphrey,1299
humpty,1300
hungarian,1301
hungary,1302
hunter,1303
hunting,1304
hurricane,1305
husband,1306
hussein,1307
hydrogen,1308
hymn,1309
hypertension,1310
ibm,1311
ice,1312
iceland,1313
idea,1314
idealab,1315
identity,1316
ii,1317
iii,1318
ileana,1319
illinois,1320
image,1321
imaginary,1322
important,1323
importer,1324
importers,1325
imposed,1326
impress,1327
inaugurated,1328
inauguration,1329
inch,1330
inches,1331
incident,1332
include,1333
included,1334
includes,1335
including,1336
income,1337
increase,1338
incredible,1339
independence,1340
independent,1341
india,1342
indian,1343
indians,1344
individuals,1345
indonesia,1346
industrial,1347
infamous,1348
infection,1349
infectious,1350
info,1351
information,1352
ingredient,1353
injection,1354
innings,1355
inside,1356
inspired,1357
instead,1358
institute,1359
instrument,1360
insurance,1361
intelligence,1362
intercourse,1363
interesting,1364
international,1365
internet,1366
introduce,1367
introduced,1368
invade,1369
invasion,1370
invent,1371
invented,1372
inventors,1373
investigation,1374
involved,1375
ioc,1376
ip,1377
iq,1378
iraq,1379
ireland,1380
irish,1381
iron,1382
islamic,1383
island,1384
islands,1385
israel,1386
issued,1387
italian,1388
italians,1389
italy,1390
ivy,1391
jack,1392
jackie,1393
jackson,1394
jacques,1395
jail,1396
jake,1397
james,1398
jane,1399
january,1400
japan,1401
japanese,1402
jaws,1403
jazz,1404
jean,1405
jeep,1406
jefferson,1407
jerry,1408
jersey,1409
jesse,1410
jesus,1411
jewish,1412
jimmy,1413
joan,1414
job,1415
jockey,1416
joe,1417
jogging,1418
jogis,1419
john,1420
johnny,1421
johnson,1422
join,1423
joined,1424
joint,1425
jonathan,1426
jones,1427
jordan,1428
joseph,1429
josie,1430
journal,1431
journalist,1432
journey,1433
jr,1434
jude,1435
judson,1436
judy,1437
jules,1438
july,1439
jump,1440
june,1441
jungle,1442
junk,1443
just,1444
justice,1445
kafka,1446
kalahari,1447
kangaroo,1448
kasparov,1449
keeps,1450
kennedy,1451
kentucky,1452
kept,1453
kevin,1454
keyboard,1455
khrushchev,1456
kid,1457
kidnaped,1458
kids,1459
killed,1460
killer,1461
killing,1462
kills,1463
kind,1464
kinds,1465
king,1466
kings,1467
kiss,1468
kitchen,1469
knight,1470
know,1471
known,1472
knox,1473
korea,1474
korean,1475
kosovo,1476
kuwait,1477
la,1478
label,1479
labels,1480
lack,1481
lady,1482
lagoon,1483
lake,1484
lakes,1485
land,1486
landed,1487
landing,1488
landmark,1489
language,1490
languages,1491
lantern,1492
large,1493
larger,1494
largest,1495
larry,1496
las,1497
late,1498
latin,1499
latitude,1500
laugh,1501
launched,1502
lauren,1503
law,1504
lawrence,1505
lawyer,1506
lawyers,1507
lay,1508
layers,1509
lead,1510
leader,1511
leaders,1512
leading,1513
leads,1514
league,1515
learn,1516
learning,1517
leave,1518
led,1519
lee,1520
left,1521
legal,1522
legend,1523
legs,1524
lemmon,1525
length,1526
lengths,1527
lens,1528
leon,1529
leper,1530
let,1531
lethal,1532
letter,1533
letters,1534
level,1535
li,1536
liberty,1537
library,1538
lice,1539
lie,1540
lies,1541
life,1542
light,1543
lightning,1544
lights,1545
like,1546
likely,1547
likes,1548
limits,1549
lincoln,1550
lindbergh,1551
line,1552
liner,1553
linked,1554
lion,1555
lips,1556
lisa,1557
list,1558
lite,1559
literary,1560
literature,1561
litmus,1562
little,1563
live,1564
lived,1565
liver,1566
liverpool,1567
lives,1568
living,1569
livingstone,1570
ll,1571
lloyd,1572
lobster,1573
located,1574
location,1575
log,1576
logan,1577
london,1578
long,1579
longest,1580
longitude,1581
look,1582
looking,1583
lord,1584
los,1585
lose,1586
loss,1587
lost,1588
lou,1589
louis,1590
louisiana,1591
love,1592
loved,1593
lovers,1594
low,1595
lowest,1596
lsd,1597
lucas,1598
luck,1599
lucy,1600
luke,1601
lunch,1602
lung,1603
luther,1604
luxury,1605
lyndon,1606
lyrics,1607
machines,1608
maclaine,1609
mad,1610
madonna,1611
madrid,1612
mae,1613
magazine,1614
magazines,1615
magic,1616
magna,1617
magnetic,1618
maid,1619
maiden,1620
mail,1621
main,1622
maine,1623
major,1624
majority,1625
make,1626
maker,1627
makes,1628
making,1629
malaysia,1630
male,1631
mall,1632
mammal,1633
man,1634
manager,1635
maneuver,1636
manned,1637
manufacture,1638
manufactured,1639
manufacturer,1640
manufactures,1641
mao,1642
map,1643
march,1644
marciano,1645
marco,1646
marcos,1647
maria,1648
marijuana,1649
marine,1650
mark,1651
marked,1652
market,1653
markets,1654
marks,1655
marley,1656
married,1657
marrow,1658
marry,1659
mars,1660
marshall,1661
martha,1662
martin,1663
martinis,1664
marvel,1665
marx,1666
mary,1667
maryland,1668
mascot,1669
massachusetts,1670
massacre,1671
master,1672
match,1673
material,1674
math,1675
matter,1676
maurice,1677
maurizio,1678
maximum,1679
mayor,1680
mccarren,1681
mckinley,1682
mcparsedonedigit,1683
mean,1684
meaning,1685
meant,1686
measure,1687
measured,1688
measures,1689
meat,1690
medal,1691
medals,1692
medical,1693
medicine,1694
medieval,1695
mediterranean,1696
medium,1697
meeting,1698
mel,1699
melissa,1700
melting,1701
member,1702
members,1703
memphis,1704
men,1705
menace,1706
mentioned,1707
mentor,1708
mercury,1709
message,1710
met,1711
metal,1712
meter,1713
meters,1714
method,1715
mexican,1716
mexico,1717
miami,1718
michael,1719
michelangelo,1720
michener,1721
michigan,1722
microsoft,1723
middle,1724
mighty,1725
mikhail,1726
mile,1727
miles,1728
military,1729
milk,1730
milky,1731
millennium,1732
miller,1733
million,1734
mineral,1735
minimum,1736
minister,1737
minnesota,1738
minor,1739
minute,1740
minutes,1741
mirror,1742
miss,1743
mission,1744
mississippi,1745
missouri,1746
mix,1747
mixing,1748
mo,1749
moby,1750
model,1751
modem,1752
modern,1753
mold,1754
molecules,1755
mona,1756
monaco,1757
monarch,1758
monet,1759
money,1760
monitor,1761
monkey,1762
monopoly,1763
monster,1764
mont,1765
month,1766
months,1767
moon,1768
moore,1769
mormons,1770
morning,1771
moscow,1772
mosquito,1773
mother,1774
motion,1775
motors,1776
motto,1777
mount,1778
mountain,1779
mountains,1780
mouse,1781
mouth,1782
movement,1783
movie,1784
movies,1785
moving,1786
mozambique,1787
mr,1788
mrs,1789
ms,1790
muffins,1791
muhammad,1792
mules,1793
munich,1794
muppets,1795
murder,1796
murdered,1797
muscles,1798
museum,1799
music,1800
musical,1801
mutiny,1802
mutombo,1803
myrtle,1804
mystery,1805
nadia,1806
named,1807
names,1808
naples,1809
napoleon,1810
napsylate,1811
narrates,1812
nasa,1813
nation,1814
national,1815
nationality,1816
nations,1817
native,1818
natural,1819
nature,1820
nautical,1821
naval,1822
navy,1823
nazi,1824
nazis,1825
nba,1826
neal,1827
near,1828
nebraska,1829
need,1830
needle,1831
neil,1832
nelson,1833
neon,1834
nero,1835
nests,1836
net,1837
netherlands,1838
network,1839
neurological,1840
neurosurgeon,1841
nevada,1842
new,1843
newspaper,1844
nfl,1845
nhl,1846
nicholas,1847
nickname,1848
nicknamed,1849
night,1850
nile,1851
nino,1852
nixon,1853
nj,1854
nn,1855
nnp,1856
nns,1857
nobel,1858
noble,1859
nominated,1860
non,1861
normal,1862
north,1863
northeast,1864
northernmost,1865
norway,1866
nostradamus,1867
notes,1868
novel,1869
novelist,1870
nowadays,1871
nuclear,1872
number,1873
numbers,1874
numeral,1875
numerals,1876
nun,1877
nursery,1878
nuts,1879
oat,1880
object,1881
objects,1882
occupation,1883
occupy,1884
occur,1885
occurs,1886
ocean,1887
oceans,1888
octopus,1889
odds,1890
offer,1891
office,1892
officer,1893
offices,1894
official,1895
ohio,1896
oil,1897
oklahoma,1898
old,1899
oldest,1900
olsen,1901
olympic,1902
olympics,1903
online,1904
opened,1905
opener,1906
opening,1907
opens,1908
opera,1909
operating,1910
operation,1911
operations,1912
opposite,1913
orange,1914
orca,1915
order,1916
organ,1917
organism,1918
organization,1919
orgasm,1920
oriented,1921
origin,1922
original,1923
originally,1924
originate,1925
originated,1926
orleans,1927
oscar,1928
oscars,1929
osteoporosis,1930
oswald,1931
ouija,1932
outcome,1933
outer,1934
output,1935
outside,1936
oven,1937
owned,1938
owner,1939
owns,1940
oxygen,1941
oz,1942
pacific,1943
page,1944
paid,1945
paint,1946
painted,1947
painter,1948
painting,1949
pairs,1950
palace,1951
palmer,1952
pan,1953
panama,1954
panel,1955
panic,1956
paper,1957
par,1958
parents,1959
paris,1960
park,1961
parker,1962
parking,1963
parks,1964
parrot,1965
parseddigits,1966
parsedfivedigits,1967
parsedfourdigits,1968
parsedfourdigitss,1969
parsedonedigit,1970
parsedonedigitth,1971
parsedthreedigits,1972
parsedtwodigits,1973
parsedtwodigitsth,1974
partner,1975
parton,1976
party,1977
pascal,1978
paso,1979
pass,1980
past,1981
patent,1982
patented,1983
patricia,1984
paul,1985
pay,1986
pea,1987
peace,1988
peachy,1989
peak,1990
peanut,1991
pearl,1992
pellegrin,1993
pencil,1994
pendulum,1995
peninsula,1996
penis,1997
penn,1998
penned,1999
pennsylvania,2000
penny,2001
people,2002
pepper,2003
pepsi,2004
percent,2005
percentage,2006
perfect,2007
perform,2008
performer,2009
period,2010
perpetual,2011
person,2012
personality,2013
pet,2014
peter,2015
pets,2016
ph,2017
philadelphia,2018
philippines,2019
phoenix,2020
phone,2021
photographer,2022
phrase,2023
piano,2024
pickering,2025
picture,2026
pictures,2027
piece,2028
pig,2029
piggy,2030
pigs,2031
pilot,2032
pilots,2033
pines,2034
pink,2035
pins,2036
piracy,2037
pistol,2038
pit,2039
pitcher,2040
pitchers,2041
pittsburgh,2042
pizza,2043
place,2044
placed,2045
plain,2046
plan,2047
plane,2048
planet,2049
plant,2050
planted,2051
plants,2052
plastic,2053
play,2054
playboy,2055
played,2056
player,2057
players,2058
playing,2059
plays,2060
plo,2061
plot,2062
pneumonia,2063
poe,2064
poem,2065
poet,2066
poetry,2067
point,2068
points,2069
poison,2070
poisoning,2071
poker,2072
poland,2073
pole,2074
police,2075
policy,2076
polio,2077
poll,2078
pollock,2079
polo,2080
pooh,2081
poor,2082
pop,2083
pope,2084
popeye,2085
popular,2086
populated,2087
population,2088
port,2089
portrayed,2090
position,2091
possession,2092
possible,2093
post,2094
postage,2095
postal,2096
potlatch,2097
pound,2098
pounds,2099
powell,2100
power,2101
powerful,2102
powers,2103
pox,2104
practice,2105
prayer,2106
preacher,2107
pregnancy,2108
pregnant,2109
premiered,2110
prepared,2111
present,2112
presidency,2113
president,2114
presidential,2115
presidents,2116
presley,2117
press,2118
pressure,2119
prevent,2120
prewitt,2121
price,2122
pride,2123
primary,2124
prime,2125
prince,2126
princess,2127
principle,2128
principles,2129
print,2130
printing,2131
prism,2132
prison,2133
private,2134
prize,2135
pro,2136
probability,2137
process,2138
processor,2139
procter,2140
produce,2141
produced,2142
producer,2143
produces,2144
product,2145
production,2146
products,2147
profession,2148
professional,2149
professor,2150
program,2151
project,2152
promote,2153
prompted,2154
pronounce,2155
pronounced,2156
properties,2157
prophet,2158
proposition,2159
protein,2160
provider,2161
provides,2162
province,2163
pseudonym,2164
publish,2165
published,2166
pulitzer,2167
pull,2168
purchase,2169
purchased,2170
purified,2171
purpose,2172
purposes,2173
pursuit,2174
pussycats,2175
putting,2176
putty,2177
pyramid,2178
qigong,2179
quadruplets,2180
quarts,2181
queen,2182
question,2183
questions,2184
quit,2185
rabbit,2186
race,2187
races,2188
radio,2189
raid,2190
railroad,2191
railway,2192
rain,2193
rainbow,2194
raise,2195
raised,2196
ram,2197
randolph,2198
randy,2199
range,2200
ranger,2201
ranges,2202
rank,2203
rascals,2204
rate,2205
ratified,2206
rating,2207
ratio,2208
ray,2209
razor,2210
reach,2211
reactivity,2212
read,2213
reading,2214
ready,2215
reagan,2216
real,2217
really,2218
reason,2219
receive,2220
received,2221
recently,2222
recipe,2223
recommended,2224
record,2225
recorded,2226
records,2227
red,2228
refer,2229
reference,2230
regarding,2231
region,2232
regular,2233
reign,2234
reims,2235
related,2236
relative,2237
release,2238
released,2239
religion,2240
religions,2241
remain,2242
remove,2243
renaissance,2244
rent,2245
replaced,2246
report,2247
represent,2248
representative,2249
representatives,2250
represented,2251
republic,2252
requirement,2253
requirements,2254
research,2255
resistance,2256
resource,2257
responsible,2258
rest,2259
restaurant,2260
restore,2261
restored,2262
results,2263
return,2264
review,2265
revolt,2266
revolution,2267
revolutionaries,2268
revolutions,2269
revolve,2270
rex,2271
rhodes,2272
rica,2273
rice,2274
rich,2275
richard,2276
richest,2277
rick,2278
ride,2279
rider,2280
right,2281
rights,2282
ring,2283
ripening,2284
rise,2285
rites,2286
river,2287
rivers,2288
road,2289
robert,2290
robin,2291
rock,2292
rockefeller,2293
rocks,2294
rocky,2295
rode,2296
roe,2297
roger,2298
rogers,2299
role,2300
roll,2301
rolling,2302
roman,2303
romans,2304
rome,2305
ronald,2306
rooftops,2307
room,2308
roosevelt,2309
root,2310
rosa,2311
rose,2312
ross,2313
rotary,2314
round,2315
row,2316
roy,2317
royal,2318
rubber,2319
ruin,2320
rule,2321
ruled,2322
rules,2323
rum,2324
run,2325
running,2326
runs,2327
russia,2328
russian,2329
russians,2330
rust,2331
ruth,2332
saddam,2333
safe,2334
said,2335
sailor,2336
sailors,2337
saint,2338
salary,2339
sale,2340
sales,2341
salesman,2342
salt,2343
saltpeter,2344
sam,2345
samuel,2346
san,2347
sand,2348
sang,2349
sank,2350
santa,2351
santos,2352
sarge,2353
satellite,2354
satellites,2355
saturday,2356
sauce,2357
save,2358
saw,2359
say,2360
saying,2361
scale,2362
scandinavian,2363
scarlett,2364
scholar,2365
school,2366
schools,2367
science,2368
scientific,2369
scientists,2370
scopes,2371
score,2372
scotch,2373
scotland,2374
scoundrel,2375
scouts,2376
scrabble,2377
screen,2378
screenplay,2379
scrooge,2380
scruples,2381
sculpture,2382
sea,2383
seaport,2384
search,2385
seas,2386
season,2387
seasons,2388
seat,2389
seattle,2390
second,2391
secret,2392
secretary,2393
section,2394
security,2395
seeing,2396
seen,2397
sees,2398
seized,2399
seizure,2400
select,2401
self,2402
sell,2403
selling,2404
sells,2405
semper,2406
senate,2407
senator,2408
send,2409
sensitive,2410
sent,2411
sentence,2412
separated,2413
separates,2414
september,2415
sequel,2416
sergeant,2417
series,2418
serve,2419
served,2420
service,2421
serving,2422
set,2423
setting,2424
seven,2425
seventeen,2426
sex,2427
sexual,2428
shakespeare,2429
shall,2430
shampoo,2431
shape,2432
share,2433
shared,2434
sharp,2435
shea,2436
sheep,2437
shelley,2438
sherlock,2439
shevardnadze,2440
shield,2441
ship,2442
ships,2443
shirley,2444
shoe,2445
shoes,2446
shoot,2447
shooting,2448
short,2449
shot,2450
shouldn,2451
shouts,2452
shows,2453
shuttle,2454
sicily,2455
sided,2456
sides,2457
sign,2458
signature,2459
signed,2460
significant,2461
silent,2462
silly,2463
silver,2464
silversmiths,2465
simon,2466
simple,2467
simpson,2468
simpsons,2469
sinatra,2470
sing,2471
singer,2472
singing,2473
single,2474
sings,2475
singular,2476
sink,2477
sinn,2478
sioux,2479
sir,2480
sister,2481
sisters,2482
sistine,2483
sitcom,2484
site,2485
sites,2486
size,2487
sizes,2488
skin,2489
skywalker,2490
slam,2491
slave,2492
sled,2493
sleep,2494
slinky,2495
slogan,2496
slow,2497
small,2498
smallest,2499
smith,2500
smokey,2501
smoking,2502
snail,2503
snap,2504
snow,2505
soap,2506
soccer,2507
social,2508
society,2509
soda,2510
sodium,2511
soft,2512
softball,2513
software,2514
solar,2515
sold,2516
soldier,2517
soldiers,2518
solo,2519
son,2520
song,2521
songs,2522
sons,2523
sort,2524
sound,2525
soup,2526
source,2527
south,2528
southern,2529
soviet,2530
space,2531
spacecraft,2532
spacewalk,2533
spaghetti,2534
spain,2535
span,2536
spangled,2537
spanish,2538
spawned,2539
speak,2540
spears,2541
special,2542
species,2543
specifically,2544
spectrum,2545
speed,2546
spelled,2547
spelling,2548
spend,2549
spent,2550
sperm,2551
spice,2552
spider,2553
spielberg,2554
spill,2555
spins,2556
split,2557
spoken,2558
sport,2559
sports,2560
spumante,2561
spy,2562
square,2563
st,2564
stadium,2565
staff,2566
stage,2567
stains,2568
stalin,2569
stamp,2570
stand,2571
standard,2572
stands,2573
stanford,2574
stanley,2575
star,2576
starred,2577
starring,2578
stars,2579
start,2580
started,2581
starting,2582
starts,2583
state,2584
statement,2585
states,2586
station,2587
stationed,2588
stations,2589
statistics,2590
statue,2591
statues,2592
steal,2593
steam,2594
steamboat,2595
steel,2596
stefan,2597
steinbeck,2598
stephen,2599
steps,2600
steve,2601
steven,2602
stevie,2603
stewart,2604
stick,2605
stock,2606
stocks,2607
stole,2608
stone,2609
stones,2610
stop,2611
stopped,2612
stops,2613
store,2614
storm,2615
story,2616
strait,2617
streak,2618
street,2619
stretch,2620
strikes,2621
strip,2622
stripes,2623
strips,2624
strong,2625
strontium,2626
struck,2627
structure,2628
stuart,2629
students,2630
studios,2631
study,2632
style,2633
submarine,2634
substance,2635
subtitled,2636
subway,2637
success,2638
successful,2639
suffer,2640
sugar,2641
suit,2642
suite,2643
sullivan,2644
summer,2645
sun,2646
super,2647
superman,2648
superstar,2649
support,2650
supposed,2651
supreme,2652
surface,2653
surfing,2654
surrendered,2655
surrounds,2656
suspension,2657
swap,2658
sweet,2659
swimmer,2660
swimming,2661
switzerland,2662
sydney,2663
symbol,2664
syndrome,2665
synonymous,2666
systems,2667
tab,2668
table,2669
taiwanese,2670
taj,2671
takes,2672
tale,2673
talk,2674
tall,2675
tallest,2676
tammy,2677
target,2678
taste,2679
tax,2680
taylor,2681
tea,2682
team,2683
teams,2684
teaspoon,2685
technical,2686
technique,2687
teddy,2688
teenager,2689
teflon,2690
telephone,2691
television,2692
tell,2693
tells,2694
temperature,2695
temperatures,2696
temple,2697
tend,2698
tennessee,2699
tennis,2700
tenpin,2701
tenses,2702
term,2703
terms,2704
territories,2705
territory,2706
terrorist,2707
test,2708
testament,2709
texas,2710
thank,2711
thanksgiving,2712
thatcher,2713
theme,2714
theory,2715
thing,2716
things,2717
think,2718
thomas,2719
thought,2720
thrilled,2721
throat,2722
thumb,2723
thunder,2724
ticket,2725
tie,2726
tiger,2727
time,2728
times,2729
tin,2730
tiny,2731
tip,2732
titanic,2733
title,2734
titled,2735
toast,2736
today,2737
toilet,2738
tokyo,2739
told,2740
tolkien,2741
toll,2742
tom,2743
tomato,2744
ton,2745
tongue,2746
tony,2747
took,2748
tools,2749
topped,2750
tornado,2751
total,2752
touch,2753
touching,2754
tour,2755
tourism,2756
tourist,2757
tourists,2758
tournament,2759
tower,2760
town,2761
toy,2762
toys,2763
tracy,2764
trade,2765
trademark,2766
traditional,2767
tragedy,2768
trail,2769
train,2770
training,2771
transplant,2772
travel,2773
traveled,2774
travels,2775
treasure,2776
treasury,2777
treat,2778
treatment,2779
tree,2780
trees,2781
trek,2782
trial,2783
trials,2784
triangle,2785
tribe,2786
tried,2787
trilogy,2788
trinidad,2789
trip,2790
triple,2791
triplets,2792
tristar,2793
trivial,2794
troops,2795
trophy,2796
true,2797
truman,2798
truth,2799
try,2800
trying,2801
tube,2802
tuberculosis,2803
tune,2804
tunnel,2805
turkey,2806
turn,2807
turned,2808
tutu,2809
tv,2810
twice,2811
twin,2812
twins,2813
type,2814
types,2815
typewriter,2816
typical,2817
typist,2818
uk,2819
ulysses,2820
unaccounted,2821
underwater,2822
underworld,2823
unemployment,2824
uniform,2825
uniforms,2826
union,2827
unique,2828
united,2829
universe,2830
university,2831
unknown,2832
upper,2833
uprising,2834
url,2835
usa,2836
use,2837
used,2838
usenet,2839
uses,2840
using,2841
usually,2842
utah,2843
vaccine,2844
vacuum,2845
vader,2846
valdez,2847
valentine,2848
valuable,2849
value,2850
van,2851
varian,2852
varieties,2853
variety,2854
various,2855
vatican,2856
vbp,2857
vcr,2858
ve,2859
vegas,2860
vegetable,2861
veins,2862
ventura,2863
venus,2864
verdict,2865
vermouth,2866
verne,2867
verses,2868
vessels,2869
veterans,2870
vhf,2871
vhs,2872
vice,2873
victor,2874
victoria,2875
victory,2876
video,2877
vienna,2878
vietnam,2879
vietnamese,2880
viii,2881
village,2882
villain,2883
vincent,2884
vineyard,2885
violins,2886
virgin,2887
virginia,2888
virtual,2889
visit,2890
visitors,2891
vitamin,2892
voice,2893
volcano,2894
volcanoes,2895
vote,2896
votes,2897
vowel,2898
vs,2899
wage,2900
wake,2901
walk,2902
walker,2903
wall,2904
walls,2905
want,2906
war,2907
warner,2908
wars,2909
wash,2910
washington,2911
watch,2912
water,2913
watergate,2914
wave,2915
way,2916
wayne,2917
ways,2918
weapon,2919
weapons,2920
wear,2921
wearing,2922
wears,2923
weather,2924
web,2925
website,2926
websites,2927
week,2928
weeks,2929
weigh,2930
weight,2931
went,2932
werewolf,2933
west,2934
western,2935
whale,2936
wheel,2937
whip,2938
whisky,2939
whitcomb,2940
white,2941
wide,2942
widely,2943
wife,2944
wild,2945
william,2946
williams,2947
willie,2948
willy,2949
wilson,2950
win,2951
wind,2952
windows,2953
windsor,2954
wine,2955
wines,2956
wings,2957
winner,2958
winners,2959
winnie,2960
winning,2961
winter,2962
wise,2963
witch,2964
wives,2965
wizard,2966
wolfe,2967
woman,2968
women,2969
won,2970
wonder,2971
wonderland,2972
wonders,2973
wood,2974
woodrow,2975
woody,2976
word,2977
words,2978
work,2979
worked,2980
working,2981
world,2982
worlds,2983
worldwide,2984
worms,2985
worn,2986
worst,2987
worth,2988
wrestler,2989
wright,2990
write,2991
writer,2992
writing,2993
written,2994
wrote,2995
www,2996
wyoming,2997
yahoo,2998
yalta,2999
yankee,3000
yankees,3001
yard,3002
yards,3003
year,3004
years,3005
yellow,3006
yellowstone,3007
yogi,3008
york,3009
young,3010
youngest,3011
youngsters,3012
younis,3013
yukon,3014
zealand,3015
zeppelin,3016
zero,3017
zimbabwe,3018
zip,3019
zones,3020
