aaron,0
abandoned,1
abbreviated,2
abbreviation,3
ability,4
abner,5
aborigines,6
abraham,7
abstract,8
abuse,9
academy,10
access,11
according,12
account,13
acid,14
acronym,15
act,16
acted,17
action,18
active,19
actor,20
actors,21
actress,22
actually,23
add,24
address,25
administration,26
admit,27
adopt,28
adopted,29
ads,30
adult,31
adventures,32
advertise,33
advertises,34
advertising,35
affect,36
affected,37
afghanistan,38
africa,39
african,40
afternoon,41
age,42
aged,43
agency,44
agent,45
ages,46
ago,47
agree,48
aid,49
aids,50
air,51
airline,52
airplane,53
airport,54
al,55
alan,56
alaska,57
albert,58
album,59
alcohol,60
alcoholic,61
aldrin,62
alexander,63
algeria,64
ali,65
alice,66
allen,67
alley,68
allowed,69
alphabet,70
alphabetical,71
alphabetically,72
alternative,73
amateur,74
amazing,75
amazon,76
ambassador,77
amendment,78
america,79
american,80
americans,81
americas,82
amphibians,83
amtrak,84
analysis,85
ancient,86
andrew,87
andrews,88
andy,89
angel,90
angeles,91
angels,92
anglican,93
animal,94
animals,95
animated,96
anniversary,97
annual,98
answers,99
anthem,100
anthony,101
anti,102
aol,103
apart,104
apartment,105
apollo,106
appear,107
appearance,108
appearances,109
appeared,110
appears,111
apple,112
apples,113
appointed,114
approximate,115
approximately,116
april,117
arcadia,118
arch,119
archie,120
architect,121
architecture,122
arctic,123
area,124
areas,125
argentina,126
argentine,127
aristotle,128
arkansas,129
armed,130
armor,131
armstrong,132
army,133
arnold,134
art,135
arthur,136
articles,137
artist,138
artists,139
ash,140
asia,141
asian,142
ask,143
asked,144
aspartame,145
assassinate,146
assassinated,147
assassination,148
associated,149
association,150
astronaut,151
astronauts,152
athlete,153
athletes,154
athletic,155
atlantic,156
atom,157
attack,158
attacks,159
attempt,160
attempts,161
attend,162
attraction,163
attractions,164
august,165
australia,166
australian,167
austria,168
author,169
auto,170
autobiography,171
automobile,172
available,173
avenue,174
average,175
avery,176
award,177
awarded,178
awards,179
away,180
babe,181
baby,182
background,183
baking,184
balance,185
ball,186
ballet,187
balls,188
baltic,189
banana,190
band,191
bank,192
banned,193
banner,194
bar,195
barbados,196
barbeque,197
barbie,198
barnum,199
barrymore,200
bars,201
baseball,202
based,203
basketball,204
bastille,205
bat,206
battery,207
battle,208
battles,209
bay,210
beach,211
beak,212
beans,213
bear,214
bears,215
beat,216
beatles,217
beauty,218
beaver,219
bed,220
bee,221
beer,222
beers,223
bees,224
beethoven,225
beetle,226
began,227
begin,228
beginning,229
begins,230
belgium,231
believe,232
belushi,233
ben,234
benefits,235
benny,236
berlin,237
bert,238
best,239
bestselling,240
bette,241
better,242
beverly,243
bible,244
biblical,245
bibliography,246
big,247
biggest,248
billy,249
biography,250
bird,251
birds,252
birth,253
birthday,254
birthstone,255
black,256
blacks,257
blanc,258
bligh,259
blind,260
block,261
blood,262
bloom,263
blue,264
blues,265
board,266
boasts,267
bob,268
bobby,269
body,270
bog,271
bolivia,272
bomb,273
bombay,274
bond,275
bone,276
bones,277
book,278
books,279
border,280
borders,281
born,282
borrow,283
boston,284
bottle,285
bottled,286
bottles,287
bought,288
bounty,289
bourbon,290
bowl,291
bowling,292
box,293
boxer,294
boxes,295
boxing,296
boy,297
boys,298
bradbury,299
brain,300
brand,301
brazil,302
brazilian,303
bread,304
breakfast,305
breed,306
breeds,307
bridge,308
brightest,309
britain,310
british,311
broadcast,312
broadcasting,313
broadway,314
broke,315
broken,316
bronze,317
brooklyn,318
brooks,319
bros,320
brother,321
brothers,322
brought,323
brown,324
browns,325
brunei,326
brush,327
buffalo,328
bug,329
bugs,330
build,331
building,332
buildings,333
built,334
bull,335
bulls,336
bunker,337
bureau,338
buried,339
burned,340
bush,341
busiest,342
business,343
businesses,344
bust,345
butler,346
butter,347
butterfield,348
buy,349
cable,350
cache,351
caesar,352
caffeinated,353
caffeine,354
cage,355
cairo,356
calcium,357
calculate,358
calculator,359
calendar,360
caliente,361
california,362
called,363
callosum,364
calls,365
calories,366
came,367
camera,368
camp,369
canada,370
canadian,371
canal,372
canary,373
cancer,374
candy,375
cane,376
canine,377
cans,378
canyon,379
cap,380
capita,381
capital,382
capone,383
capp,384
captain,385
car,386
carbon,387
card,388
cardinal,389
cards,390
care,391
career,392
caribbean,393
carl,394
carol,395
carolina,396
carries,397
carry,398
cars,399
carta,400
carter,401
cartoon,402
cartoons,403
casablanca,404
case,405
cases,406
casey,407
cash,408
casting,409
castle,410
cat,411
catch,412
category,413
cathedral,414
catholic,415
cats,416
cause,417
caused,418
causes,419
causing,420
cave,421
cc,422
cd,423
celebrated,424
celebrities,425
celebrity,426
cells,427
cement,428
cent,429
center,430
centers,431
central,432
century,433
cereal,434
ceremony,435
certain,436
chain,437
chairman,438
champion,439
champions,440
championship,441
chance,442
chancellor,443
chances,444
change,445
changed,446
channel,447
chapel,448
chappellet,449
chapter,450
character,451
characters,452
charge,453
charles,454
charley,455
charlie,456
check,457
cheese,458
chefs,459
chemical,460
chemicals,461
chess,462
chicago,463
chicken,464
chief,465
child,466
children,467
chile,468
chilean,469
china,470
chinese,471
chip,472
chocolate,473
christ,474
christian,475
christmas,476
christopher,477
chromosome,478
chronic,479
chronicles,480
church,481
churchill,482
cigarette,483
circle,484
cities,485
citizen,486
city,487
civil,488
civilization,489
claim,490
claimed,491
claims,492
clara,493
clark,494
class,495
classic,496
classical,497
classification,498
claus,499
clay,500
clean,501
cleveland,502
climate,503
clinton,504
clip,505
clock,506
close,507
closed,508
closest,509
closing,510
clothes,511
clothing,512
clouds,513
clown,514
club,515
cnn,516
coach,517
coast,518
coastal,519
coastline,520
coca,521
cocaine,522
coconut,523
code,524
codes,525
coffee,526
cognac,527
coin,528
cola,529
cold,530
colin,531
collect,532
collection,533
college,534
colleges,535
colombia,536
colonial,537
colonies,538
colonists,539
colony,540
color,541
colorado,542
colored,543
colorful,544
colors,545
columbia,546
columbus,547
com,548
comaneci,549
combat,550
come,551
comedian,552
comedienne,553
comedy,554
comes,555
comic,556
comics,557
coming,558
command,559
commandments,560
commerce,561
commercial,562
commit,563
committee,564
commodity,565
common,566
commonly,567
commune,568
communist,569
community,570
companies,571
companion,572
company,573
compared,574
compatible,575
competition,576
complete,577
composer,578
computer,579
concentration,580
concorde,581
condiment,582
condition,583
condoms,584
coney,585
confederate,586
conference,587
congress,588
congressman,589
connected,590
conrad,591
consciousness,592
consecutive,593
considered,594
consist,595
constellation,596
constitution,597
constructed,598
contact,599
contain,600
contains,601
contemptible,602
contest,603
continent,604
continental,605
contract,606
control,607
controls,608
conversion,609
convicted,610
cookies,611
cool,612
cooler,613
cop,614
copper,615
coral,616
cork,617
corporation,618
corpus,619
correct,620
correctly,621
cosmology,622
cost,623
costa,624
costner,625
costs,626
costume,627
cotrubas,628
cotton,629
council,630
count,631
counterpart,632
countries,633
country,634
county,635
coup,636
couple,637
course,638
court,639
cousins,640
cousteau,641
cover,642
covers,643
cow,644
cowboy,645
cowboys,646
cpr,647
crabs,648
craft,649
cranberry,650
crash,651
cream,652
create,653
created,654
creator,655
creature,656
creatures,657
credit,658
credited,659
creeps,660
cricket,661
crickets,662
criminal,663
crop,664
cross,665
crown,666
crust,667
crystals,668
cube,669
cubic,670
cuckoo,671
cucumber,672
cup,673
currency,674
current,675
cut,676
da,677
daily,678
dakota,679
dale,680
dam,681
damage,682
daminozide,683
dana,684
danced,685
dancing,686
danube,687
darkness,688
darth,689
data,690
database,691
date,692
dates,693
dating,694
daughter,695
daughters,696
david,697
davies,698
davis,699
day,700
daycare,701
days,702
dc,703
dead,704
deadliest,705
dealer,706
deals,707
dealt,708
death,709
debate,710
debut,711
decathlon,712
december,713
declaration,714
declare,715
declared,716
deep,717
deepest,718
deer,719
defeat,720
defects,721
defense,722
define,723
defined,724
definition,725
degas,726
degrees,727
delaware,728
democratic,729
dentist,730
denver,731
deodorant,732
department,733
depression,734
derby,735
desert,736
design,737
designed,738
designer,739
desmond,740
details,741
detect,742
detective,743
determine,744
determined,745
develop,746
developed,747
developing,748
development,749
device,750
devices,751
dew,752
dextropropoxyphen,753
diabetes,754
dialing,755
diameter,756
diamond,757
diamonds,758
diary,759
dick,760
dickens,761
dictator,762
did,763
die,764
died,765
diego,766
difference,767
differences,768
different,769
digital,770
digits,771
dikembe,772
dime,773
diminutive,774
dinner,775
dinosaur,776
dioxide,777
direct,778
directed,779
direction,780
director,781
disabilities,782
disc,783
discover,784
discovered,785
disease,786
diseases,787
disk,788
display,789
distance,790
distinction,791
district,792
divided,793
division,794
divorce,795
dna,796
doctor,797
does,798
dog,799
dogs,800
dogtown,801
doing,802
doll,803
dollar,804
dollars,805
domesticated,806
don,807
donated,808
doo,809
doodle,810
doody,811
doonesbury,812
door,813
dots,814
double,815
dow,816
dozen,817
dr,818
dracula,819
draft,820
draw,821
dream,822
dreams,823
drew,824
drink,825
drinking,826
drinks,827
drive,828
driven,829
dropped,830
drug,831
drugs,832
drunk,833
dry,834
dt,835
dubbed,836
duel,837
duke,838
dumont,839
dutch,840
dwarf,841
dwarfs,842
dwight,843
ear,844
early,845
ears,846
earth,847
earthquakes,848
easiest,849
east,850
easter,851
eat,852
eaten,853
economic,854
economy,855
edberg,856
edgar,857
edinburgh,858
edith,859
edition,860
editor,861
edmund,862
education,863
edward,864
effect,865
effects,866
efficient,867
egg,868
eggs,869
egypt,870
eiffel,871
einstein,872
eisenhower,873
el,874
elected,875
election,876
elections,877
electoral,878
electric,879
electricity,880
element,881
elements,882
elephant,883
elevation,884
elvis,885
em,886
email,887
embassy,888
emperor,889
empire,890
employ,891
end,892
endangered,893
ended,894
ends,895
energy,896
engine,897
engineer,898
engineering,899
engines,900
england,901
english,902
englishman,903
enter,904
enterprise,905
entire,906
enzymes,907
epic,908
episode,909
equal,910
equation,911
equator,912
equipment,913
equity,914
equivalent,915
era,916
erected,917
ernest,918
ernie,919
erupt,920
eruption,921
establish,922
established,923
estate,924
eternity,925
ethel,926
europe,927
european,928
event,929
events,930
everest,931
evil,932
ewoks,933
exactly,934
example,935
exchange,936
executed,937
exercise,938
exist,939
expectancy,940
expectant,941
expensive,942
experienced,943
experts,944
explorer,945
export,946
exports,947
expression,948
extensions,949
eye,950
eyes,951
ezra,952
face,953
faced,954
faces,955
facial,956
factor,957
failure,958
fair,959
fairy,960
falklands,961
fall,962
falls,963
false,964
fame,965
famed,966
family,967
famous,968
fans,969
fantastic,970
far,971
fare,972
fast,973
fastest,974
fat,975
fatal,976
fated,977
father,978
fathom,979
favorite,980
fawaz,981
fax,982
fbi,983
fdr,984
fear,985
feature,986
featured,987
features,988
february,989
federal,990
feeling,991
feet,992
fein,993
felt,994
female,995
ferry,996
festival,997
feudal,998
fever,999
fiber,1000
fibrosis,1001
fiction,1002
field,1003
fields,1004
fifth,1005
fight,1006
figure,1007
figures,1008
file,1009
film,1010
films,1011
fine,1012
finger,1013
fingers,1014
fired,1015
firm,1016
fish,1017
fit,1018
fitzgerald,1019
flag,1020
flags,1021
flavor,1022
flavors,1023
flew,1024
flies,1025
flight,1026
flintstones,1027
float,1028
floor,1029
florence,1030
florida,1031
flourish,1032
flow,1033
flower,1034
flowers,1035
flows,1036
fly,1037
flying,1038
folic,1039
follow,1040
followed,1041
following,1042
food,1043
foods,1044
fool,1045
foot,1046
football,1047
force,1048
forced,1049
forces,1050
ford,1051
foreclosure,1052
forest,1053
forests,1054
form,1055
format,1056
formed,1057
formula,1058
fort,1059
fortune,1060
fought,1061
founded,1062
founder,1063
fourth,1064
fox,1065
fraction,1066
france,1067
francis,1068
francisco,1069
frank,1070
frankenstein,1071
frankfurt,1072
franklin,1073
fred,1074
frederick,1075
free,1076
french,1077
frequency,1078
fresh,1079
freud,1080
friend,1081
frogs,1082
frontier,1083
frozen,1084
fruit,1085
fuel,1086
fun,1087
function,1088
fungal,1089
fur,1090
future,1091
gain,1092
galaxy,1093
gallon,1094
gallons,1095
gamble,1096
game,1097
games,1098
gandhi,1099
garden,1100
garry,1101
gas,1102
gate,1103
gates,1104
gateway,1105
gatsby,1106
gave,1107
gay,1108
geese,1109
gehrig,1110
gender,1111
gene,1112
general,1113
generals,1114
generator,1115
genesis,1116
genetics,1117
geographic,1118
geographical,1119
george,1120
georgia,1121
gerald,1122
german,1123
germany,1124
gestation,1125
getting,1126
gettysburg,1127
ghost,1128
gilbert,1129
gin,1130
girl,1131
girls,1132
given,1133
gives,1134
giving,1135
glacier,1136
glass,1137
glitters,1138
global,1139
globe,1140
glory,1141
goat,1142
god,1143
goddess,1144
gods,1145
goes,1146
gogh,1147
going,1148
gold,1149
golden,1150
golf,1151
golfer,1152
gone,1153
good,1154
goodall,1155
gorbachev,1156
gordon,1157
got,1158
gould,1159
government,1160
governor,1161
grace,1162
graced,1163
graders,1164
graduate,1165
grand,1166
grapes,1167
gravity,1168
gray,1169
great,1170
greatest,1171
greece,1172
greek,1173
green,1174
greeting,1175
grooves,1176
gross,1177
group,1178
groups,1179
grow,1180
growing,1181
growth,1182
guitar,1183
gulf,1184
gulliver,1185
guy,1186
gymnastics,1187
habeas,1188
habitat,1189
hair,1190
half,1191
hall,1192
ham,1193
hamblen,1194
hamburger,1195
hamlet,1196
hampshire,1197
hand,1198
handful,1199
handheld,1200
handle,1201
hands,1202
happen,1203
happened,1204
happens,1205
hara,1206
harbor,1207
hard,1208
hardest,1209
harper,1210
harrison,1211
harry,1212
harvey,1213
hass,1214
hastings,1215
hat,1216
hate,1217
having,1218
havoc,1219
hawaii,1220
hawaiian,1221
hawks,1222
hazmat,1223
head,1224
headed,1225
headquarters,1226
hear,1227
hearing,1228
hearst,1229
heart,1230
hearts,1231
heat,1232
heaven,1233
heavier,1234
heaviest,1235
heavily,1236
heavyweight,1237
held,1238
helen,1239
helens,1240
helicopter,1241
helium,1242
hell,1243
help,1244
helps,1245
hemingway,1246
hemisphere,1247
henry,1248
hepburn,1249
herb,1250
hermann,1251
hermit,1252
hero,1253
heroine,1254
hibernia,1255
high,1256
highest,1257
highway,1258
hijacked,1259
hike,1260
hillary,1261
hillbillies,1262
hills,1263
historical,1264
history,1265
hit,1266
hitler,1267
hitting,1268
hiv,1269
hockey,1270
hoffman,1271
hold,1272
holds,1273
hole,1274
holes,1275
holiday,1276
holidays,1277
holland,1278
hollywood,1279
holmes,1280
holy,1281
home,1282
homelite,1283
homer,1284
honecker,1285
honey,1286
honorary,1287
hood,1288
hook,1289
hooligans,1290
hoover,1291
hope,1292
horoscope,1293
horrors,1294
horse,1295
horses,1296
host,1297
hot,1298
hotel,1299
hour,1300
hours,1301
house,1302
household,1303
houses,1304
housewife,1305
howard,1306
howdy,1307
hub,1308
huckleberry,1309
hudson,1310
hughes,1311
hugo,1312
hulk,1313
human,1314
humans,1315
humidity,1316
hungarian,1317
hungary,1318
hunter,1319
hunting,1320
hurricane,1321
husband,1322
hussein,1323
hydrogen,1324
hymn,1325
hypertension,1326
ibm,1327
ice,1328
iceland,1329
idea,1330
idealab,1331
identity,1332
ii,1333
iii,1334
ileana,1335
ill,1336
illinois,1337
image,1338
imaginary,1339
important,1340
importer,1341
imposed,1342
impress,1343
inaugurated,1344
inauguration,1345
inch,1346
inches,1347
incident,1348
include,1349
included,1350
includes,1351
including,1352
income,1353
increase,1354
incredible,1355
independence,1356
independent,1357
india,1358
indian,1359
indians,1360
indies,1361
individuals,1362
indonesia,1363
industrial,1364
infamous,1365
infection,1366
infectious,1367
info,1368
information,1369
ingredient,1370
injection,1371
innings,1372
inside,1373
inspired,1374
instead,1375
institute,1376
instrument,1377
insurance,1378
intercourse,1379
interesting,1380
international,1381
internet,1382
interview,1383
introduced,1384
invasion,1385
invent,1386
invented,1387
inventor,1388
inventors,1389
investigation,1390
involved,1391
ioc,1392
ip,1393
iq,1394
iraq,1395
ireland,1396
irish,1397
iron,1398
islamic,1399
island,1400
islands,1401
israel,1402
issue,1403
issued,1404
italian,1405
italians,1406
italy,1407
ivy,1408
jack,1409
jackie,1410
jackson,1411
jacques,1412
jail,1413
james,1414
jamiroquai,1415
jane,1416
january,1417
japan,1418
japanese,1419
jaws,1420
jazz,1421
jean,1422
jeep,1423
jefferson,1424
jerry,1425
jersey,1426
jesse,1427
jesus,1428
jewish,1429
jews,1430
jimmy,1431
joan,1432
job,1433
jockey,1434
jogging,1435
john,1436
johnny,1437
johnson,1438
join,1439
joined,1440
jonathan,1441
jones,1442
joplin,1443
joseph,1444
josie,1445
journal,1446
journalist,1447
journey,1448
jr,1449
jude,1450
judson,1451
juice,1452
jules,1453
july,1454
jump,1455
june,1456
junk,1457
just,1458
justice,1459
kafka,1460
kalahari,1461
kansas,1462
kappa,1463
kasparov,1464
keeps,1465
kennedy,1466
kentucky,1467
kept,1468
kevin,1469
keyboard,1470
khrushchev,1471
kid,1472
kidnaped,1473
kids,1474
killed,1475
killer,1476
killing,1477
kills,1478
kind,1479
kinds,1480
king,1481
kings,1482
kitchen,1483
knight,1484
know,1485
known,1486
knox,1487
kong,1488
korea,1489
korean,1490
kuwait,1491
la,1492
label,1493
labels,1494
labor,1495
lack,1496
lady,1497
lagoon,1498
lake,1499
lakes,1500
land,1501
landed,1502
landing,1503
landmark,1504
language,1505
languages,1506
large,1507
largest,1508
larry,1509
las,1510
laser,1511
late,1512
latin,1513
latitude,1514
laugh,1515
launched,1516
law,1517
lawrence,1518
lawyer,1519
lawyers,1520
lay,1521
layers,1522
lead,1523
leader,1524
leaders,1525
leading,1526
leads,1527
league,1528
learning,1529
leave,1530
leaving,1531
lebanon,1532
led,1533
lee,1534
left,1535
legal,1536
legally,1537
legend,1538
legendary,1539
legged,1540
legs,1541
length,1542
lengths,1543
lens,1544
leon,1545
let,1546
lethal,1547
letter,1548
letters,1549
leukemia,1550
level,1551
lewis,1552
li,1553
liberty,1554
library,1555
lice,1556
lie,1557
lies,1558
life,1559
light,1560
lights,1561
like,1562
likely,1563
likes,1564
limit,1565
limits,1566
lincoln,1567
lindbergh,1568
line,1569
liner,1570
linked,1571
lion,1572
lips,1573
lisa,1574
list,1575
literal,1576
literary,1577
literature,1578
little,1579
live,1580
lived,1581
liver,1582
liverpool,1583
lives,1584
living,1585
livingstone,1586
ll,1587
lobster,1588
located,1589
location,1590
log,1591
logan,1592
london,1593
long,1594
longest,1595
longitude,1596
look,1597
looking,1598
lord,1599
los,1600
lose,1601
loss,1602
lost,1603
lou,1604
louis,1605
louisiana,1606
love,1607
loved,1608
lovers,1609
low,1610
lowest,1611
lsd,1612
lucas,1613
luck,1614
lucy,1615
luke,1616
lunch,1617
lung,1618
luther,1619
luxury,1620
lyndon,1621
lyrics,1622
machine,1623
machines,1624
maclaine,1625
mad,1626
madonna,1627
madrid,1628
mae,1629
magazine,1630
magic,1631
magna,1632
maid,1633
maiden,1634
mail,1635
main,1636
major,1637
majority,1638
make,1639
maker,1640
makes,1641
making,1642
malaysia,1643
male,1644
mall,1645
mammal,1646
man,1647
maneuver,1648
manned,1649
manufactured,1650
manufacturer,1651
manufactures,1652
mao,1653
map,1654
march,1655
marciano,1656
maria,1657
marijuana,1658
marine,1659
mark,1660
marked,1661
market,1662
markets,1663
marks,1664
marley,1665
marlowe,1666
marriage,1667
married,1668
marrow,1669
marshall,1670
martin,1671
martinis,1672
marvel,1673
marx,1674
mary,1675
maryland,1676
massachusetts,1677
master,1678
match,1679
materials,1680
math,1681
matter,1682
matterhorn,1683
maurice,1684
maurizio,1685
mayor,1686
mccarren,1687
mckinley,1688
mcparsedonedigit,1689
mean,1690
meaning,1691
means,1692
meant,1693
measure,1694
measured,1695
measures,1696
meat,1697
medal,1698
medals,1699
medical,1700
medicine,1701
mediterranean,1702
medium,1703
meeting,1704
melissa,1705
melting,1706
member,1707
members,1708
memphis,1709
men,1710
menace,1711
mentioned,1712
mercury,1713
message,1714
met,1715
metal,1716
meter,1717
meters,1718
method,1719
mexican,1720
mexico,1721
miami,1722
michael,1723
michelangelo,1724
michener,1725
michigan,1726
microsoft,1727
middle,1728
mighty,1729
mikhail,1730
mile,1731
miles,1732
military,1733
milk,1734
milky,1735
millennium,1736
miller,1737
millimeter,1738
million,1739
millions,1740
mills,1741
milton,1742
mineral,1743
minimum,1744
minister,1745
minnesota,1746
minor,1747
minute,1748
minutes,1749
miss,1750
mission,1751
mississippi,1752
missouri,1753
mix,1754
mixing,1755
mo,1756
moby,1757
model,1758
modem,1759
modern,1760
mold,1761
molecules,1762
mona,1763
monaco,1764
monarch,1765
monet,1766
money,1767
monkey,1768
monopoly,1769
monster,1770
mont,1771
month,1772
months,1773
moon,1774
moore,1775
moral,1776
mormons,1777
morning,1778
moscow,1779
mosquito,1780
mother,1781
motion,1782
motors,1783
motto,1784
mount,1785
mountain,1786
mountains,1787
mouse,1788
mouth,1789
movement,1790
movie,1791
movies,1792
mozambique,1793
mr,1794
mrs,1795
ms,1796
muffins,1797
muhammad,1798
mules,1799
munich,1800
muppets,1801
murder,1802
murdered,1803
muscles,1804
museum,1805
music,1806
musical,1807
mutiny,1808
mutombo,1809
myrtle,1810
mystery,1811
nadia,1812
named,1813
names,1814
naples,1815
napoleon,1816
napsylate,1817
narrates,1818
nasa,1819
nation,1820
national,1821
nationality,1822
nations,1823
native,1824
natural,1825
nature,1826
nautical,1827
naval,1828
navy,1829
nazi,1830
nazis,1831
nba,1832
near,1833
nebraska,1834
need,1835
needle,1836
neil,1837
nests,1838
netherlands,1839
network,1840
neurological,1841
neurosurgeon,1842
nevada,1843
new,1844
news,1845
newspaper,1846
nfl,1847
nhl,1848
nicholas,1849
nickname,1850
nicknamed,1851
night,1852
nile,1853
nino,1854
nintendo,1855
nixon,1856
nj,1857
nn,1858
nnp,1859
nns,1860
nobel,1861
noble,1862
nominated,1863
non,1864
normal,1865
north,1866
northeast,1867
northernmost,1868
norway,1869
nose,1870
nostradamus,1871
notes,1872
novel,1873
novelist,1874
november,1875
nowadays,1876
nuclear,1877
number,1878
numbers,1879
numeral,1880
numerals,1881
nun,1882
nuts,1883
oat,1884
object,1885
objects,1886
occupation,1887
occupy,1888
occur,1889
occurs,1890
ocean,1891
oceans,1892
octopus,1893
odds,1894
odors,1895
offer,1896
office,1897
officer,1898
offices,1899
official,1900
ohio,1901
oil,1902
oklahoma,1903
old,1904
oldest,1905
olsen,1906
olympic,1907
olympics,1908
online,1909
opened,1910
opener,1911
opening,1912
opens,1913
opera,1914
operating,1915
operation,1916
operations,1917
opposite,1918
orange,1919
order,1920
organ,1921
organism,1922
organization,1923
orgasm,1924
origin,1925
original,1926
originally,1927
originate,1928
orinoco,1929
oscar,1930
oscars,1931
osteoporosis,1932
oswald,1933
ouija,1934
outcome,1935
outer,1936
output,1937
outside,1938
oven,1939
owned,1940
owner,1941
owns,1942
oxygen,1943
oz,1944
ozone,1945
pacific,1946
page,1947
pages,1948
paid,1949
paint,1950
painted,1951
painter,1952
painting,1953
pairs,1954
palmer,1955
pan,1956
panama,1957
panel,1958
panic,1959
paper,1960
par,1961
paris,1962
park,1963
parking,1964
parks,1965
parrot,1966
parseddigits,1967
parsedfivedigits,1968
parsedfourdigits,1969
parsedfourdigitss,1970
parsedonedigit,1971
parsedonedigitth,1972
parsedthreedigits,1973
parsedtwodigits,1974
parsedtwodigitsrd,1975
parsedtwodigitsth,1976
party,1977
paso,1978
pass,1979
past,1980
patent,1981
patricia,1982
paul,1983
pay,1984
peace,1985
peachy,1986
peak,1987
peanut,1988
pearl,1989
pellegrin,1990
pencil,1991
pendulum,1992
penetrate,1993
peninsula,1994
penis,1995
penn,1996
penned,1997
pennsylvania,1998
penny,1999
people,2000
pepper,2001
pepsi,2002
percent,2003
percentage,2004
perfect,2005
perform,2006
performer,2007
period,2008
perpetual,2009
persian,2010
person,2011
personality,2012
pet,2013
peter,2014
pets,2015
ph,2016
philadelphia,2017
philippines,2018
phoenix,2019
phone,2020
phrase,2021
piano,2022
pickering,2023
picture,2024
pictures,2025
piece,2026
pig,2027
piggy,2028
pigs,2029
pilot,2030
pilots,2031
pineapple,2032
pines,2033
pink,2034
pins,2035
piracy,2036
pistol,2037
pit,2038
pitcher,2039
pitchers,2040
pittsburgh,2041
pizza,2042
place,2043
placed,2044
plain,2045
plan,2046
plane,2047
planet,2048
plant,2049
planted,2050
plants,2051
plastic,2052
play,2053
playboy,2054
played,2055
player,2056
players,2057
playing,2058
plays,2059
plo,2060
plot,2061
poe,2062
poem,2063
poet,2064
point,2065
points,2066
poisoning,2067
poker,2068
poland,2069
pole,2070
police,2071
policy,2072
polio,2073
polish,2074
political,2075
poll,2076
pollock,2077
pollution,2078
pooh,2079
pop,2080
pope,2081
popeye,2082
popular,2083
populated,2084
population,2085
port,2086
portrayed,2087
position,2088
possession,2089
possible,2090
post,2091
postage,2092
postal,2093
potlatch,2094
pound,2095
pounds,2096
powell,2097
power,2098
powerful,2099
powers,2100
pox,2101
practice,2102
prayer,2103
preacher,2104
pregnacy,2105
pregnancy,2106
pregnant,2107
prepared,2108
present,2109
presidency,2110
president,2111
presidential,2112
presidents,2113
presley,2114
press,2115
pressure,2116
prevent,2117
prewitt,2118
price,2119
pride,2120
primary,2121
prime,2122
prince,2123
princess,2124
principle,2125
principles,2126
print,2127
prism,2128
private,2129
prize,2130
pro,2131
probability,2132
problems,2133
process,2134
procter,2135
produce,2136
produced,2137
producer,2138
produces,2139
producing,2140
product,2141
production,2142
products,2143
profession,2144
professional,2145
professor,2146
program,2147
programming,2148
project,2149
promote,2150
prompted,2151
pronounce,2152
pronounced,2153
proper,2154
properties,2155
prophet,2156
proposition,2157
protein,2158
proud,2159
provider,2160
provides,2161
province,2162
public,2163
publish,2164
published,2165
pulitzer,2166
pull,2167
punch,2168
purchase,2169
purpose,2170
purposes,2171
pursuit,2172
pussycats,2173
putting,2174
putty,2175
pyramid,2176
qigong,2177
quadruplets,2178
quarts,2179
queen,2180
question,2181
questions,2182
quit,2183
rabbit,2184
race,2185
races,2186
racing,2187
radio,2188
raid,2189
rail,2190
railroad,2191
railway,2192
rain,2193
rainbow,2194
raise,2195
ram,2196
ranch,2197
randolph,2198
randy,2199
range,2200
ranges,2201
rank,2202
rascals,2203
rate,2204
ratified,2205
rating,2206
ray,2207
razor,2208
reach,2209
reactivity,2210
read,2211
reading,2212
ready,2213
real,2214
really,2215
reason,2216
receive,2217
received,2218
recently,2219
recipe,2220
recognize,2221
recommended,2222
record,2223
recorded,2224
records,2225
red,2226
reference,2227
regarding,2228
region,2229
register,2230
regular,2231
reign,2232
reims,2233
related,2234
relations,2235
relationship,2236
relative,2237
release,2238
released,2239
religion,2240
religions,2241
remain,2242
remove,2243
removed,2244
renaissance,2245
rent,2246
replaced,2247
report,2248
represent,2249
representative,2250
represented,2251
republic,2252
requirement,2253
requirements,2254
research,2255
resistance,2256
resource,2257
responsible,2258
rest,2259
restaurant,2260
restore,2261
restored,2262
results,2263
return,2264
review,2265
revolt,2266
revolution,2267
revolutionaries,2268
revolutions,2269
revolve,2270
rhett,2271
rhodes,2272
rica,2273
rice,2274
rich,2275
richard,2276
richest,2277
rick,2278
ride,2279
rider,2280
right,2281
rights,2282
ring,2283
rings,2284
ripening,2285
rise,2286
rites,2287
river,2288
rivers,2289
road,2290
robert,2291
robin,2292
robinson,2293
rock,2294
rockefeller,2295
rocks,2296
rocky,2297
rode,2298
roe,2299
roger,2300
rogers,2301
role,2302
roll,2303
roller,2304
rolling,2305
roman,2306
romans,2307
romantic,2308
rome,2309
room,2310
roosevelt,2311
root,2312
rosa,2313
rose,2314
ross,2315
rotary,2316
round,2317
row,2318
rows,2319
roy,2320
royal,2321
rubber,2322
rubik,2323
rule,2324
rules,2325
rum,2326
run,2327
running,2328
runs,2329
russia,2330
russian,2331
russians,2332
rust,2333
ruth,2334
saddam,2335
safe,2336
said,2337
sailor,2338
saint,2339
salary,2340
sale,2341
sales,2342
salesman,2343
salonen,2344
salt,2345
saltpeter,2346
sam,2347
samuel,2348
san,2349
sand,2350
sang,2351
sank,2352
santa,2353
santos,2354
sarge,2355
satellite,2356
satellites,2357
saturday,2358
sauce,2359
save,2360
saw,2361
say,2362
saying,2363
says,2364
scale,2365
scandinavian,2366
scarlett,2367
scholar,2368
school,2369
schools,2370
science,2371
scientific,2372
scientists,2373
scooby,2374
scopes,2375
score,2376
scotch,2377
scotland,2378
scottish,2379
scoundrel,2380
scrabble,2381
screen,2382
screenplay,2383
scruples,2384
sculpture,2385
sea,2386
seaport,2387
search,2388
seas,2389
season,2390
seasons,2391
seat,2392
seattle,2393
second,2394
secret,2395
secretary,2396
security,2397
seeing,2398
seen,2399
sees,2400
seized,2401
seizure,2402
select,2403
self,2404
sell,2405
seller,2406
selling,2407
sells,2408
senate,2409
senator,2410
send,2411
sensitive,2412
sent,2413
sentence,2414
separated,2415
separates,2416
september,2417
sequel,2418
sergeant,2419
series,2420
serve,2421
served,2422
service,2423
set,2424
setting,2425
seven,2426
seventh,2427
sex,2428
sexual,2429
shakespeare,2430
shall,2431
shampoo,2432
shape,2433
shared,2434
sharp,2435
shea,2436
sheep,2437
shelley,2438
sherlock,2439
ship,2440
ships,2441
shirley,2442
shoe,2443
shoes,2444
shoot,2445
shooting,2446
shores,2447
short,2448
shot,2449
shouts,2450
shows,2451
shuttle,2452
sicily,2453
sided,2454
sides,2455
sierra,2456
sigmund,2457
sign,2458
signature,2459
signed,2460
significant,2461
silent,2462
silly,2463
silver,2464
simon,2465
simple,2466
simpson,2467
simpsons,2468
sinatra,2469
sing,2470
singer,2471
singing,2472
single,2473
sings,2474
singular,2475
sink,2476
sinn,2477
sioux,2478
sir,2479
sister,2480
sisters,2481
sistine,2482
sitcom,2483
site,2484
sites,2485
size,2486
skin,2487
skywalker,2488
slam,2489
slave,2490
sled,2491
sleep,2492
slogan,2493
slow,2494
small,2495
smallest,2496
smith,2497
smokey,2498
smoking,2499
snail,2500
snap,2501
snore,2502
snow,2503
soap,2504
soccer,2505
social,2506
society,2507
soda,2508
sodium,2509
soft,2510
softball,2511
software,2512
solar,2513
sold,2514
soldier,2515
soldiers,2516
solo,2517
son,2518
song,2519
songs,2520
sons,2521
sort,2522
sound,2523
soup,2524
source,2525
south,2526
southern,2527
soviet,2528
space,2529
spacecraft,2530
spaces,2531
spacewalk,2532
spaghetti,2533
spain,2534
span,2535
spangled,2536
spanish,2537
speak,2538
speaking,2539
spears,2540
species,2541
specifically,2542
spectrum,2543
speed,2544
spelled,2545
spelling,2546
spent,2547
sperm,2548
spice,2549
spider,2550
spielberg,2551
spill,2552
spins,2553
split,2554
spoken,2555
sport,2556
sports,2557
spread,2558
spumante,2559
spy,2560
square,2561
squares,2562
st,2563
stadium,2564
staff,2565
stage,2566
stains,2567
stalin,2568
stamp,2569
stand,2570
standard,2571
stanford,2572
stanley,2573
star,2574
starred,2575
starring,2576
stars,2577
start,2578
started,2579
starting,2580
state,2581
statement,2582
states,2583
station,2584
stationed,2585
stations,2586
statistics,2587
statue,2588
statues,2589
steal,2590
steam,2591
steamboat,2592
steel,2593
stefan,2594
steinbeck,2595
stephen,2596
steps,2597
stereo,2598
steve,2599
steven,2600
stevie,2601
stewart,2602
stick,2603
stock,2604
stole,2605
stone,2606
stones,2607
stop,2608
stopped,2609
store,2610
storm,2611
story,2612
strait,2613
street,2614
stretch,2615
strip,2616
stripes,2617
strips,2618
strong,2619
struck,2620
structure,2621
stuart,2622
students,2623
studios,2624
study,2625
style,2626
submarine,2627
substance,2628
subtitled,2629
subway,2630
success,2631
successful,2632
suffer,2633
sugar,2634
suit,2635
suite,2636
sullivan,2637
summer,2638
sun,2639
super,2640
superman,2641
superstar,2642
support,2643
supposed,2644
supreme,2645
surface,2646
surfing,2647
surname,2648
surrender,2649
surrounds,2650
suspension,2651
swap,2652
sweet,2653
swimmer,2654
swimming,2655
switzerland,2656
sydney,2657
symbol,2658
syndrome,2659
synonymous,2660
syrup,2661
tab,2662
table,2663
tail,2664
takes,2665
tale,2666
talk,2667
talking,2668
tall,2669
tallest,2670
target,2671
taste,2672
tax,2673
taylor,2674
tea,2675
team,2676
teams,2677
teaspoon,2678
technique,2679
teddy,2680
teflon,2681
telephone,2682
television,2683
tell,2684
temperature,2685
temperatures,2686
temple,2687
tend,2688
tennessee,2689
tennis,2690
tenpin,2691
tenses,2692
term,2693
terms,2694
territories,2695
territory,2696
terrorist,2697
test,2698
testament,2699
texas,2700
thalassemia,2701
thank,2702
thanksgiving,2703
thatcher,2704
theme,2705
theory,2706
thing,2707
things,2708
think,2709
thomas,2710
thrilled,2711
throat,2712
thumb,2713
thunder,2714
ticket,2715
tiger,2716
time,2717
times,2718
tin,2719
tiny,2720
tip,2721
titanic,2722
title,2723
titled,2724
today,2725
toes,2726
toilet,2727
tokyo,2728
told,2729
tolkien,2730
toll,2731
tom,2732
tomato,2733
ton,2734
tongue,2735
tony,2736
took,2737
tools,2738
topped,2739
tornado,2740
total,2741
touch,2742
touching,2743
tour,2744
tourism,2745
tourist,2746
tournament,2747
tower,2748
town,2749
toy,2750
toys,2751
tracy,2752
trade,2753
trademark,2754
traditional,2755
tragedy,2756
trail,2757
train,2758
training,2759
translated,2760
translations,2761
transplant,2762
travel,2763
traveled,2764
travels,2765
treasure,2766
treat,2767
treatment,2768
tree,2769
trees,2770
trek,2771
trial,2772
trials,2773
triangle,2774
tribe,2775
tried,2776
trilogy,2777
trinidad,2778
trip,2779
triple,2780
triplets,2781
tristar,2782
trivial,2783
troops,2784
trophy,2785
true,2786
truth,2787
try,2788
trying,2789
tube,2790
tuberculosis,2791
tune,2792
tunnel,2793
turkey,2794
turn,2795
turned,2796
tutu,2797
tv,2798
twice,2799
twin,2800
twins,2801
type,2802
types,2803
typewriter,2804
typical,2805
typing,2806
typist,2807
uk,2808
ulysses,2809
unaccounted,2810
underwater,2811
unemployment,2812
uniform,2813
uniforms,2814
union,2815
unique,2816
united,2817
universe,2818
university,2819
unknown,2820
upper,2821
uprising,2822
uris,2823
url,2824
usa,2825
use,2826
used,2827
usenet,2828
uses,2829
using,2830
usually,2831
utah,2832
vaccine,2833
vader,2834
vagina,2835
valdez,2836
valentine,2837
valley,2838
valuable,2839
value,2840
van,2841
varieties,2842
variety,2843
various,2844
vatican,2845
vbp,2846
vcr,2847
vegas,2848
vegetable,2849
vehicles,2850
veins,2851
ventura,2852
venus,2853
verdict,2854
verne,2855
verses,2856
vessels,2857
veterans,2858
vhf,2859
vhs,2860
vice,2861
victoria,2862
victorian,2863
victory,2864
video,2865
vienna,2866
vietnam,2867
vietnamese,2868
viii,2869
village,2870
villain,2871
vincent,2872
vineyard,2873
violins,2874
virgin,2875
virginia,2876
virtual,2877
viscosity,2878
visit,2879
visitors,2880
vitamin,2881
voice,2882
volcano,2883
volcanoes,2884
von,2885
vote,2886
votes,2887
voting,2888
vowel,2889
vs,2890
wage,2891
wake,2892
walk,2893
walker,2894
wall,2895
want,2896
war,2897
warner,2898
wars,2899
wash,2900
washington,2901
watch,2902
water,2903
watergate,2904
wave,2905
way,2906
wayne,2907
ways,2908
weapon,2909
weapons,2910
wear,2911
wearing,2912
wears,2913
weather,2914
web,2915
website,2916
websites,2917
wedding,2918
week,2919
weeks,2920
weigh,2921
weight,2922
went,2923
werewolf,2924
west,2925
western,2926
whale,2927
wheel,2928
whip,2929
whitcomb,2930
white,2931
wide,2932
widely,2933
wife,2934
wild,2935
william,2936
williams,2937
willie,2938
willy,2939
wilson,2940
wimbledon,2941
win,2942
wind,2943
windows,2944
windsor,2945
wine,2946
wings,2947
winner,2948
winners,2949
winnie,2950
winning,2951
winter,2952
witch,2953
wives,2954
wizard,2955
wolfe,2956
woman,2957
women,2958
won,2959
wonder,2960
wonders,2961
wood,2962
woodpecker,2963
woodrow,2964
woody,2965
word,2966
words,2967
work,2968
worked,2969
working,2970
world,2971
worlds,2972
worldwide,2973
worn,2974
worst,2975
worth,2976
wrath,2977
wrestler,2978
wright,2979
wrist,2980
write,2981
writer,2982
writing,2983
written,2984
wrote,2985
wwii,2986
www,2987
wyoming,2988
yahoo,2989
yalta,2990
yankee,2991
yankees,2992
yard,2993
yards,2994
year,2995
years,2996
yellow,2997
yellowstone,2998
york,2999
young,3000
youngest,3001
younis,3002
yukon,3003
zealand,3004
zeppelin,3005
zero,3006
zimbabwe,3007
zip,3008
zodiacal,3009
